country,state,city,station,last_update,latitude,longitude,pollutant_id,pollutant_min,pollutant_max,pollutant_avg
India,Bihar,Muzaffarpur,"MIT-Daudpur Kothi, Muzaffarpur - BSPCB","08-02-2026 09:00:00",26.1403345,85.3650192,NO2,2,4,4
India,Bihar,Muzaffarpur,"MIT-Daudpur Kothi, Muzaffarpur - BSPCB","08-02-2026 09:00:00",26.1403345,85.3650192,CO,46,66,50
India,Bihar,Muzaffarpur,"Muzaffarpur Collectorate, Muzaffarpur - BSPCB","08-02-2026 09:00:00",26.1209,85.3647,OZONE,7,19,7
India,Bihar,Patna,"DRM Office Danapur, Patna - BSPCB","08-02-2026 09:00:00",25.586562,85.043586,PM2.5,50,102,79
India,Bihar,Patna,"DRM Office Danapur, Patna - BSPCB","08-02-2026 09:00:00",25.586562,85.043586,PM10,101,366,145
India,Bihar,Patna,"DRM Office Danapur, Patna - BSPCB","08-02-2026 09:00:00",25.586562,85.043586,OZONE,NA,NA,NA
India,Bihar,Patna,"Govt. High School Shikarpur, Patna - BSPCB","08-02-2026 09:00:00",25.592539,85.227158,NH3,2,5,3
India,Bihar,Patna,"IGSC Planetarium Complex, Patna - BSPCB","08-02-2026 09:00:00",25.610369,85.132568,PM2.5,50,181,97
India,Bihar,Patna,"Muradpur, Patna - BSPCB","08-02-2026 09:00:00",25.619651,85.147382,SO2,8,10,9
India,Bihar,Patna,"Muradpur, Patna - BSPCB","08-02-2026 09:00:00",25.619651,85.147382,CO,29,66,41
India,Bihar,Patna,"Rajbansi Nagar, Patna - BSPCB","08-02-2026 09:00:00",25.599486,85.113666,PM2.5,69,127,89
India,Andhra_Pradesh,Chittoor,"Gangineni Cheruvu, Chittoor - APPCB","08-02-2026 09:00:00",13.204880,79.097889,PM10,NA,NA,NA
India,Andhra_Pradesh,Kadapa,"Yerramukkapalli, Kadapa - APPCB","08-02-2026 09:00:00",14.465052,78.824187,PM10,75,115,92
India,Andhra_Pradesh,Kadapa,"Yerramukkapalli, Kadapa - APPCB","08-02-2026 09:00:00",14.465052,78.824187,NH3,4,4,4
India,Andhra_Pradesh,Kadapa,"Yerramukkapalli, Kadapa - APPCB","08-02-2026 09:00:00",14.465052,78.824187,CO,28,40,33
India,Andhra_Pradesh,Kadapa,"Yerramukkapalli, Kadapa - APPCB","08-02-2026 09:00:00",14.465052,78.824187,OZONE,13,15,14
India,Andhra_Pradesh,Rajamahendravaram,"Anand Kala Kshetram, Rajamahendravaram - APPCB","08-02-2026 09:00:00",16.9872867,81.7363176,PM2.5,65,185,121
India,Andhra_Pradesh,Rajamahendravaram,"Anand Kala Kshetram, Rajamahendravaram - APPCB","08-02-2026 09:00:00",16.9872867,81.7363176,OZONE,8,35,20
India,Andhra_Pradesh,Tirumala,"Toll Gate, Tirumala - APPCB","08-02-2026 09:00:00",13.67,79.35,PM2.5,100,229,151
India,Andhra_Pradesh,Tirumala,"Toll Gate, Tirumala - APPCB","08-02-2026 09:00:00",13.67,79.35,NO2,18,48,34
India,Andhra_Pradesh,Tirumala,"Toll Gate, Tirumala - APPCB","08-02-2026 09:00:00",13.67,79.35,SO2,9,62,17
India,Andhra_Pradesh,Tirupati,"Vaikuntapuram, Tirupati - APPCB","08-02-2026 09:00:00",13.615387,79.409230,NO2,NA,NA,NA
India,Andhra_Pradesh,Vijayawada,"HB Colony, Vijayawada - APPCB","08-02-2026 09:00:00",16.536107,80.594233,PM2.5,74,116,84
India,Andhra_Pradesh,Vijayawada,"HB Colony, Vijayawada - APPCB","08-02-2026 09:00:00",16.536107,80.594233,NO2,17,17,17
India,Andhra_Pradesh,Vijayawada,"Kanuru, Vijayawada - APPCB","08-02-2026 09:00:00",16.486692,80.699436,SO2,11,19,12
India,Andhra_Pradesh,Vijayawada,"Kanuru, Vijayawada - APPCB","08-02-2026 09:00:00",16.486692,80.699436,CO,34,52,44
India,Andhra_Pradesh,Vijayawada,"Rajiv Nagar, Vijayawada - APPCB","08-02-2026 09:00:00",16.554731,80.649110,OZONE,16,20,20
India,Andhra_Pradesh,Visakhapatnam,"GVM Corporation, Visakhapatnam - APPCB","08-02-2026 09:00:00",17.72,83.3,PM2.5,58,322,142
India,Andhra_Pradesh,Visakhapatnam,"GVM Corporation, Visakhapatnam - APPCB","08-02-2026 09:00:00",17.72,83.3,PM10,94,486,190
India,Andhra_Pradesh,Visakhapatnam,"GVM Corporation, Visakhapatnam - APPCB","08-02-2026 09:00:00",17.72,83.3,NH3,2,3,3
India,Andhra_Pradesh,Visakhapatnam,"GVM Corporation, Visakhapatnam - APPCB","08-02-2026 09:00:00",17.72,83.3,CO,4,96,40
India,Arunachal_Pradesh,Naharlagun,"Naharlagun, Naharlagun - APSPCB","08-02-2026 09:00:00",27.103358,93.679645,PM2.5,77,388,177
India,Bihar,Patna,"Samanpura, Patna - BSPCB","08-02-2026 09:00:00",25.596727,85.085624,NH3,1,8,4
India,Bihar,Purnia,"Mariam Nagar, Purnia - BSPCB","08-02-2026 09:00:00",25.366336,87.117468,CO,48,74,59
India,Bihar,Rajgir,"Dangi Tola, Rajgir - BSPCB","08-02-2026 09:00:00",25.03280,85.41948,PM2.5,NA,NA,NA
India,Bihar,Rajgir,"Dangi Tola, Rajgir - BSPCB","08-02-2026 09:00:00",25.03280,85.41948,PM10,NA,NA,NA
India,Bihar,Rajgir,"Dangi Tola, Rajgir - BSPCB","08-02-2026 09:00:00",25.03280,85.41948,NH3,NA,NA,NA
India,Bihar,Saharsa,"Police Line, Saharsa - BSPCB","08-02-2026 09:00:00",25.892357,86.590325,OZONE,9,11,10
India,Bihar,Samastipur,"DM Office_Kasipur, Samastipur - BSPCB","08-02-2026 09:00:00",25.859655,85.77944,PM10,50,146,83
India,Bihar,Samastipur,"DM Office_Kasipur, Samastipur - BSPCB","08-02-2026 09:00:00",25.859655,85.77944,OZONE,NA,NA,NA
India,Bihar,Kishanganj,"SDM Office_Khagra, Kishanganj - BSPCB","08-02-2026 09:00:00",26.0881305,87.93840336,PM2.5,20,40,30
India,Bihar,Manguraha,"Forest Rest House, Manguraha - BSPCB","08-02-2026 09:00:00",27.308328,84.531742,PM10,NA,NA,NA
India,Bihar,Manguraha,"Forest Rest House, Manguraha - BSPCB","08-02-2026 09:00:00",27.308328,84.531742,NO2,NA,NA,NA
India,Bihar,Munger,"Town Hall, Munger - BSPCB","08-02-2026 09:00:00",25.376776,86.471523,PM2.5,72,197,98
India,Bihar,Munger,"Town Hall, Munger - BSPCB","08-02-2026 09:00:00",25.376776,86.471523,CO,18,36,29
India,Bihar,Muzaffarpur,"Buddha Colony, Muzaffarpur - BSPCB","08-02-2026 09:00:00",26.11442,85.39813,SO2,7,14,11
India,Bihar,Muzaffarpur,"Buddha Colony, Muzaffarpur - BSPCB","08-02-2026 09:00:00",26.11442,85.39813,CO,32,104,60
India,Bihar,Muzaffarpur,"Buddha Colony, Muzaffarpur - BSPCB","08-02-2026 09:00:00",26.11442,85.39813,OZONE,21,90,24
India,Arunachal_Pradesh,Naharlagun,"Naharlagun, Naharlagun - APSPCB","08-02-2026 09:00:00",27.103358,93.679645,PM10,85,406,153
India,Arunachal_Pradesh,Naharlagun,"Naharlagun, Naharlagun - APSPCB","08-02-2026 09:00:00",27.103358,93.679645,NH3,1,1,1
India,Assam,Byrnihat,"Central Academy for SFS, Byrnihat - PCBA","08-02-2026 09:00:00",26.071318,91.87488,OZONE,13,25,16
India,Assam,Guwahati,"LGBI Airport, Guwahati - PCBA","08-02-2026 09:00:00",26.10887,91.589544,NO2,3,20,14
India,Assam,Guwahati,"Pan Bazaar, Guwahati - PCBA","08-02-2026 09:00:00",26.187500,91.744194,OZONE,13,20,14
India,Assam,Guwahati,"Railway Colony, Guwahati - PCBA","08-02-2026 09:00:00",26.181742,91.78063,SO2,23,25,24
India,Assam,Nagaon,"Christianpatty, Nagaon - PCBA","08-02-2026 09:00:00",26.349082,92.68449,OZONE,8,20,9
India,Assam,Silchar,"Tarapur, Silchar - PCBA","08-02-2026 09:00:00",24.82827,92.79525,PM2.5,36,80,52
India,Assam,Sivasagar,"Girls College, Sivasagar - PCBA","08-02-2026 09:00:00",26.987634,94.636574,CO,24,58,46
India,Bihar,Araria,"Kharahiya Basti, Araria - BSPCB","08-02-2026 09:00:00",26.146529,87.454184,CO,29,66,49
India,Bihar,Araria,"Kharahiya Basti, Araria - BSPCB","08-02-2026 09:00:00",26.146529,87.454184,OZONE,10,10,10
India,Bihar,Arrah,"New DM Office, Arrah - BSPCB","08-02-2026 09:00:00",25.5626095,84.663264,PM2.5,18,40,28
India,Bihar,Chhapra,"Darshan Nagar, Chhapra - BSPCB","08-02-2026 09:00:00",25.7808257,84.7446768,PM10,49,225,104
India,Bihar,Gaya,"Kareemganj, Gaya - BSPCB","08-02-2026 09:00:00",24.792403,84.992416,NH3,1,2,1
India,Bihar,Gaya,"SFTI Kusdihra, Gaya - BSPCB","08-02-2026 09:00:00",24.762518,84.982348,PM10,59,79,68
India,Bihar,Gaya,"SFTI Kusdihra, Gaya - BSPCB","08-02-2026 09:00:00",24.762518,84.982348,CO,35,56,44
India,Bihar,Hajipur,"Industrial Area, Hajipur - BSPCB","08-02-2026 09:00:00",25.697189,85.245900,PM10,136,175,153
India,Bihar,Katihar,"Mirchaibari, Katihar - BSPCB","08-02-2026 09:00:00",25.560083,87.553265,SO2,18,24,21
India,Bihar,Begusarai,"Lohiyanagar, Begusarai - BSPCB","08-02-2026 09:00:00",25.42742023,86.13886079,NO2,6,12,9
India,Bihar,Bhagalpur,"DM Office_Kachari Chowk, Bhagalpur - BSPCB","08-02-2026 09:00:00",25.251013,86.989001,PM10,44,96,62
India,Bihar,Bhagalpur,"Mayaganj, Bhagalpur - BSPCB","08-02-2026 09:00:00",25.265194,87.012947,PM2.5,28,68,41
India,Bihar,"Bihar Sharif","D M Colony, Bihar Sharif - BSPCB","08-02-2026 09:00:00",25.204762,85.514960,PM2.5,37,213,73
India,Bihar,"Bihar Sharif","D M Colony, Bihar Sharif - BSPCB","08-02-2026 09:00:00",25.204762,85.514960,PM10,28,118,55
India,Andhra_Pradesh,Anantapur,"Gulzarpet, Anantapur - APPCB","08-02-2026 09:00:00",14.675886,77.593027,SO2,12,12,12
India,Chhattisgarh,Raipur,"Krishak Nagar, Raipur - CECB","08-02-2026 09:00:00",21.237755,81.705301,NH3,2,2,2
India,Chhattisgarh,Raipur,"Krishak Nagar, Raipur - CECB","08-02-2026 09:00:00",21.237755,81.705301,OZONE,1,4,1
India,Chhattisgarh,Raipur,"Siltara Phase-II, Raipur - CECB","08-02-2026 09:00:00",21.371751,81.664929,PM2.5,33,318,152
India,Chhattisgarh,Raipur,"Siltara Phase-II, Raipur - CECB","08-02-2026 09:00:00",21.371751,81.664929,NO2,34,51,43
India,Chhattisgarh,Tumidih,"OP Jindal Industrial Park, Tumidih - CECB","08-02-2026 09:00:00",22.06631475,83.33820077,PM10,20,187,85
India,Chhattisgarh,Tumidih,"OP Jindal Industrial Park, Tumidih - CECB","08-02-2026 09:00:00",22.06631475,83.33820077,SO2,5,11,6
India,Chhattisgarh,Tumidih,"OP Jindal Industrial Park, Tumidih - CECB","08-02-2026 09:00:00",22.06631475,83.33820077,OZONE,6,76,18
India,Delhi,Delhi,"Alipur, Delhi - DPCC","08-02-2026 09:00:00",28.815329,77.153010,CO,7,94,10
India,Delhi,Delhi,"Anand Vihar, Delhi - DPCC","08-02-2026 09:00:00",28.647622,77.3158090,PM2.5,55,348,224
India,Chhattisgarh,Korba,"Urja Nagar, Korba - CECB","08-02-2026 09:00:00",22.348441,82.549611,CO,15,22,18
India,Chhattisgarh,Kunjemura,"OP Jindal School, Kunjemura - CECB","08-02-2026 09:00:00",22.126650,83.483212,PM10,42,339,153
India,Chhattisgarh,Kunjemura,"OP Jindal School, Kunjemura - CECB","08-02-2026 09:00:00",22.126650,83.483212,NO2,11,56,33
India,Chhattisgarh,Milupara,"Govt. Higher Secondary School, Milupara - CECB","08-02-2026 09:00:00",22.1910172,83.5197009,SO2,13,15,14
India,Chhattisgarh,Milupara,"Govt. Higher Secondary School, Milupara - CECB","08-02-2026 09:00:00",22.1910172,83.5197009,OZONE,2,88,12
India,Chhattisgarh,Raipur,"AIIMS, Raipur - CECB","08-02-2026 09:00:00",21.258815,81.578979,NO2,37,47,42
India,Chhattisgarh,Raipur,"AIIMS, Raipur - CECB","08-02-2026 09:00:00",21.258815,81.578979,OZONE,1,4,1
India,Chhattisgarh,Raipur,"Bhatagaon New ISBT, Raipur - CECB","08-02-2026 09:00:00",21.219665,81.630094,PM10,19,166,104
India,Chhattisgarh,Raipur,"Bhatagaon New ISBT, Raipur - CECB","08-02-2026 09:00:00",21.219665,81.630094,SO2,3,10,5
India,Chhattisgarh,Bhilai,"Civic Center, Bhilai - Bhilai Steel Plant","08-02-2026 09:00:00",21.185571,81.343175,SO2,7,10,8
India,Chhattisgarh,Bhilai,"Civic Center, Bhilai - Bhilai Steel Plant","08-02-2026 09:00:00",21.185571,81.343175,CO,27,34,34
India,Chhattisgarh,Bhilai,"Hathkhoj, Bhilai - CECB","08-02-2026 09:00:00",21.224231,81.408350,CO,10,100,32
India,Chhattisgarh,Chhal,"Nawapara SECL Colony, Chhal - CECB","08-02-2026 09:00:00",22.118125,83.140608,PM2.5,21,51,36
India,Chhattisgarh,Chhal,"Nawapara SECL Colony, Chhal - CECB","08-02-2026 09:00:00",22.118125,83.140608,PM10,24,90,47
India,Chhattisgarh,Chhal,"Nawapara SECL Colony, Chhal - CECB","08-02-2026 09:00:00",22.118125,83.140608,NO2,10,18,14
India,Chhattisgarh,Korba,"Rampur, Korba - CECB","08-02-2026 09:00:00",22.368195,82.746431,NH3,NA,NA,NA
India,Chhattisgarh,Korba,"Rampur, Korba - CECB","08-02-2026 09:00:00",22.368195,82.746431,SO2,NA,NA,NA
India,Chhattisgarh,Korba,"Urja Nagar, Korba - CECB","08-02-2026 09:00:00",22.348441,82.549611,PM10,30,75,57
India,Bihar,Sasaram,"Dada Peer, Sasaram - BSPCB","08-02-2026 09:00:00",24.952822,84.002396,PM2.5,8,28,14
India,Bihar,Siwan,"Chitragupta Nagar, Siwan - BSPCB","08-02-2026 09:00:00",26.2271665,84.3570427,PM10,76,131,107
India,Chandigarh,Chandigarh,"Sector 22, Chandigarh - CPCC","08-02-2026 09:00:00",30.735567,76.775714,PM10,37,112,51
India,Chandigarh,Chandigarh,"Sector-25, Chandigarh - CPCC","08-02-2026 09:00:00",30.751462,76.762879,PM2.5,70,112,83
India,Chandigarh,Chandigarh,"Sector-25, Chandigarh - CPCC","08-02-2026 09:00:00",30.751462,76.762879,SO2,2,24,11
India,Chandigarh,Chandigarh,"Sector-53, Chandigarh - CPCC","08-02-2026 09:00:00",30.719859,76.738637,PM2.5,30,52,40
India,Chandigarh,Chandigarh,"Sector-53, Chandigarh - CPCC","08-02-2026 09:00:00",30.719859,76.738637,NO2,21,64,36
India,Delhi,Delhi,"Aya Nagar, Delhi - IMD","08-02-2026 09:00:00",28.4706914,77.1099364,PM10,113,173,137
India,Delhi,Delhi,"Bawana, Delhi - DPCC","08-02-2026 09:00:00",28.776200,77.051074,PM2.5,110,341,230
India,Delhi,Delhi,"Bawana, Delhi - DPCC","08-02-2026 09:00:00",28.776200,77.051074,SO2,9,19,14
India,Delhi,Delhi,"Bawana, Delhi - DPCC","08-02-2026 09:00:00",28.776200,77.051074,CO,36,72,44
India,Delhi,Delhi,"Burari Crossing, Delhi - IMD","08-02-2026 09:00:00",28.7256504,77.2011573,CO,23,112,51
India,Delhi,Delhi,"Dr. Karni Singh Shooting Range, Delhi - DPCC","08-02-2026 09:00:00",28.498571,77.264840,PM2.5,92,315,207
India,Delhi,Delhi,"Dr. Karni Singh Shooting Range, Delhi - DPCC","08-02-2026 09:00:00",28.498571,77.264840,PM10,131,238,157
India,Delhi,Delhi,"Dr. Karni Singh Shooting Range, Delhi - DPCC","08-02-2026 09:00:00",28.498571,77.264840,NH3,7,9,8
India,Delhi,Delhi,"Dr. Karni Singh Shooting Range, Delhi - DPCC","08-02-2026 09:00:00",28.498571,77.264840,SO2,8,21,13
India,Delhi,Delhi,"Dr. Karni Singh Shooting Range, Delhi - DPCC","08-02-2026 09:00:00",28.498571,77.264840,OZONE,17,120,39
India,Delhi,Delhi,"CRRI Mathura Road, Delhi - IMD","08-02-2026 09:00:00",28.5512005,77.2735737,OZONE,2,52,4
India,Delhi,Delhi,"Chandni Chowk, Delhi - IITM","08-02-2026 09:00:00",28.656756,77.227234,NO2,12,44,26
India,Delhi,Delhi,"DTU, Delhi - CPCB","08-02-2026 09:00:00",28.7500499,77.1112615,PM10,70,144,114
India,Delhi,Delhi,"IGI Airport (T3), Delhi - IMD","08-02-2026 09:00:00",28.5627763,77.1180053,NO2,42,107,67
India,Delhi,Delhi,"IHBAS, Dilshad Garden, Delhi - CPCB","08-02-2026 09:00:00",28.6811736,77.3025234,PM2.5,77,242,117
India,Chhattisgarh,Bhilai,"Civic Center, Bhilai - Bhilai Steel Plant","08-02-2026 09:00:00",21.185571,81.343175,PM10,15,142,44
India,Delhi,Delhi,"Pusa, Delhi - DPCC","08-02-2026 09:00:00",28.639652,77.146275,PM2.5,167,337,256
India,Delhi,Delhi,"Pusa, Delhi - DPCC","08-02-2026 09:00:00",28.639652,77.146275,PM10,153,395,214
India,Delhi,Delhi,"Pusa, Delhi - DPCC","08-02-2026 09:00:00",28.639652,77.146275,NO2,79,136,99
India,Delhi,Delhi,"Pusa, Delhi - IMD","08-02-2026 09:00:00",28.636110,77.173332,PM2.5,70,207,117
India,Delhi,Delhi,"Pusa, Delhi - IMD","08-02-2026 09:00:00",28.636110,77.173332,NO2,43,134,80
India,Delhi,Delhi,"Pusa, Delhi - IMD","08-02-2026 09:00:00",28.636110,77.173332,OZONE,43,301,74
India,Delhi,Delhi,"R K Puram, Delhi - DPCC","08-02-2026 09:00:00",28.563262,77.186937,PM10,120,233,159
India,Delhi,Delhi,"R K Puram, Delhi - DPCC","08-02-2026 09:00:00",28.563262,77.186937,NH3,6,10,8
India,Delhi,Delhi,"Rohini, Delhi - DPCC","08-02-2026 09:00:00",28.732528,77.119920,NH3,7,13,9
India,Delhi,Delhi,"Rohini, Delhi - DPCC","08-02-2026 09:00:00",28.732528,77.119920,CO,30,50,36
India,Delhi,Delhi,"Rohini, Delhi - DPCC","08-02-2026 09:00:00",28.732528,77.119920,OZONE,18,86,49
India,Delhi,Delhi,"Sirifort, Delhi - CPCB","08-02-2026 09:00:00",28.5504249,77.2159377,NH3,4,6,5
India,Delhi,Delhi,"Sirifort, Delhi - CPCB","08-02-2026 09:00:00",28.5504249,77.2159377,SO2,33,35,34
India,Delhi,Delhi,"Lodhi Road, Delhi - IMD","08-02-2026 09:00:00",28.5918245,77.2273074,PM10,97,177,139
India,Delhi,Delhi,"Lodhi Road, Delhi - IMD","08-02-2026 09:00:00",28.5918245,77.2273074,NO2,40,69,50
India,Delhi,Delhi,"Lodhi Road, Delhi - IMD","08-02-2026 09:00:00",28.5918245,77.2273074,CO,56,78,61
India,Delhi,Delhi,"Lodhi Road, Delhi - IMD","08-02-2026 09:00:00",28.5918245,77.2273074,OZONE,13,112,20
India,Delhi,Delhi,"Major Dhyan Chand National Stadium, Delhi - DPCC","08-02-2026 09:00:00",28.611281,77.237738,PM10,99,175,139
India,Delhi,Delhi,"Major Dhyan Chand National Stadium, Delhi - DPCC","08-02-2026 09:00:00",28.611281,77.237738,NH3,17,20,18
India,Delhi,Delhi,"Mandir Marg, Delhi - DPCC","08-02-2026 09:00:00",28.636429,77.201067,PM2.5,12,243,92
India,Delhi,Delhi,"Mandir Marg, Delhi - DPCC","08-02-2026 09:00:00",28.636429,77.201067,NO2,57,97,74
India,Delhi,Delhi,"Mundka, Delhi - DPCC","08-02-2026 09:00:00",28.684678,77.076574,PM10,130,356,184
India,Gujarat,Gandhinagar,"IIPHG Lekawada, Gandhinagar - IITM","08-02-2026 09:00:00",23.243639,72.68994,PM10,80,143,113
India,Gujarat,Gandhinagar,"IIPHG Lekawada, Gandhinagar - IITM","08-02-2026 09:00:00",23.243639,72.68994,OZONE,2,48,4
India,Gujarat,Gandhinagar,"Sector-10, Gandhinagar - GPCB","08-02-2026 09:00:00",23.221714,72.654328,PM2.5,NA,NA,NA
India,Gujarat,Gandhinagar,"Sector-10, Gandhinagar - GPCB","08-02-2026 09:00:00",23.221714,72.654328,CO,48,56,51
India,Gujarat,Mehsana,"Sadanand Nagar, Mehsana - Nexteng Enviro","08-02-2026 09:00:00",23.593150,72.372792,PM10,55,177,96
India,Gujarat,Mehsana,"Sadanand Nagar, Mehsana - Nexteng Enviro","08-02-2026 09:00:00",23.593150,72.372792,SO2,4,41,12
India,Gujarat,Rajkot,"Mavdi, Rajkot - Nexteng Enviro ","08-02-2026 09:00:00",22.248853,70.776774,NO2,10,88,41
India,Delhi,Delhi,"NSIT Dwarka, Delhi - CPCB","08-02-2026 09:00:00",28.60909,77.0325413,NH3,6,8,7
India,Delhi,Delhi,"NSIT Dwarka, Delhi - CPCB","08-02-2026 09:00:00",28.60909,77.0325413,SO2,9,21,15
India,Delhi,Delhi,"Najafgarh, Delhi - DPCC","08-02-2026 09:00:00",28.570173,76.933762,NO2,73,106,92
India,Delhi,Delhi,"Najafgarh, Delhi - DPCC","08-02-2026 09:00:00",28.570173,76.933762,SO2,18,86,24
India,Delhi,Delhi,"Narela, Delhi - DPCC","08-02-2026 09:00:00",28.822836,77.101981,PM2.5,137,327,243
India,Delhi,Delhi,"Narela, Delhi - DPCC","08-02-2026 09:00:00",28.822836,77.101981,PM10,116,194,156
India,Delhi,Delhi,"Narela, Delhi - DPCC","08-02-2026 09:00:00",28.822836,77.101981,NO2,15,46,25
India,Delhi,Delhi,"Narela, Delhi - DPCC","08-02-2026 09:00:00",28.822836,77.101981,CO,38,60,51
India,Delhi,Delhi,"Nehru Nagar, Delhi - DPCC","08-02-2026 09:00:00",28.567890,77.250515,SO2,2,106,22
India,Delhi,Delhi,"Nehru Nagar, Delhi - DPCC","08-02-2026 09:00:00",28.567890,77.250515,CO,22,136,57
India,Delhi,Delhi,"Nehru Nagar, Delhi - DPCC","08-02-2026 09:00:00",28.567890,77.250515,OZONE,3,125,18
India,Delhi,Delhi,"Okhla Phase-2, Delhi - DPCC","08-02-2026 09:00:00",28.530785,77.271255,NO2,51,177,109
India,Delhi,Delhi,"Okhla Phase-2, Delhi - DPCC","08-02-2026 09:00:00",28.530785,77.271255,SO2,8,75,16
India,Delhi,Delhi,"Punjabi Bagh, Delhi - DPCC","08-02-2026 09:00:00",28.674045,77.131023,PM10,124,193,155
India,Delhi,Delhi,"Punjabi Bagh, Delhi - DPCC","08-02-2026 09:00:00",28.674045,77.131023,OZONE,15,67,24
India,Delhi,Delhi,"Sonia Vihar, Delhi - DPCC","08-02-2026 09:00:00",28.710508,77.249485,PM2.5,103,323,209
India,Delhi,Delhi,"Sonia Vihar, Delhi - DPCC","08-02-2026 09:00:00",28.710508,77.249485,OZONE,5,136,40
India,Delhi,Delhi,"Sri Aurobindo Marg, Delhi - DPCC","08-02-2026 09:00:00",28.531346,77.190156,CO,22,52,34
India,Delhi,Delhi,"Vivek Vihar, Delhi - DPCC","08-02-2026 09:00:00",28.672342,77.315260,NH3,5,7,6
India,Delhi,Delhi,"Wazirpur, Delhi - DPCC","08-02-2026 09:00:00",28.699793,77.165453,CO,36,54,44
India,Gujarat,Ahmedabad,"SAC ISRO Bopal, Ahmedabad - IITM","08-02-2026 09:00:00",23.041137,72.456691,NO2,12,56,32
India,Gujarat,Ahmedabad,"SAC ISRO Satellite, Ahmedabad - IITM","08-02-2026 09:00:00",23.023389,72.515201,NH3,6,12,9
India,Gujarat,Ahmedabad,"SAC ISRO Satellite, Ahmedabad - IITM","08-02-2026 09:00:00",23.023389,72.515201,CO,6,50,24
India,Gujarat,Bhavnagar,"Vidhyanagar, Bhavnagar - Nexteng Enviro","08-02-2026 09:00:00",21.755417,72.139056,OZONE,6,21,8
India,Gujarat,Ahmedabad,"Chandkheda, Ahmedabad - IITM","08-02-2026 09:00:00",23.107969,72.574648,PM2.5,68,151,102
India,Gujarat,Ahmedabad,"Maninagar, Ahmedabad - GPCB","08-02-2026 09:00:00",23.002657,72.591912,PM10,90,134,111
India,Gujarat,Ahmedabad,"Maninagar, Ahmedabad - GPCB","08-02-2026 09:00:00",23.002657,72.591912,OZONE,34,93,39
India,Gujarat,Ahmedabad,"Raikhad, Ahmedabad - IITM","08-02-2026 09:00:00",23.020509,72.579261,NH3,11,33,17
India,Delhi,Delhi,"IIT Delhi, Delhi - IITM","08-02-2026 09:00:00",28.542460,77.191651,CO,24,84,36
India,Delhi,Delhi,"Jahangirpuri, Delhi - DPCC","08-02-2026 09:00:00",28.732820,77.170633,CO,31,82,40
India,Delhi,Delhi,"Jawaharlal Nehru Stadium, Delhi - DPCC","08-02-2026 09:00:00",28.580280,77.233829,PM2.5,120,328,195
India,Haryana,"Charkhi Dadri","Mini Secretariat, Charkhi Dadri - HSPCB","08-02-2026 09:00:00",28.593883,76.270653,NO2,9,23,15
India,Haryana,"Charkhi Dadri","Mini Secretariat, Charkhi Dadri - HSPCB","08-02-2026 09:00:00",28.593883,76.270653,SO2,10,11,10
India,Haryana,"Charkhi Dadri","Mini Secretariat, Charkhi Dadri - HSPCB","08-02-2026 09:00:00",28.593883,76.270653,CO,10,25,16
India,Haryana,"Charkhi Dadri","Mini Secretariat, Charkhi Dadri - HSPCB","08-02-2026 09:00:00",28.593883,76.270653,OZONE,14,17,16
India,Haryana,Faridabad,"New Industrial Town, Faridabad - HSPCB","08-02-2026 09:00:00",28.39072,77.30059,PM2.5,184,200,192
India,Haryana,Faridabad,"New Industrial Town, Faridabad - HSPCB","08-02-2026 09:00:00",28.39072,77.30059,NO2,24,26,25
India,Haryana,Faridabad,"New Industrial Town, Faridabad - HSPCB","08-02-2026 09:00:00",28.39072,77.30059,SO2,8,8,8
India,Haryana,Faridabad,"Sector 11, Faridabad - HSPCB","08-02-2026 09:00:00",28.376058,77.315741,PM10,87,148,118
India,Haryana,Faridabad,"Sector 11, Faridabad - HSPCB","08-02-2026 09:00:00",28.376058,77.315741,NH3,10,10,10
India,Haryana,Faridabad,"Sector 11, Faridabad - HSPCB","08-02-2026 09:00:00",28.376058,77.315741,SO2,3,107,8
India,Haryana,Faridabad,"Sector 30, Faridabad - HSPCB","08-02-2026 09:00:00",28.4417,77.3217,NH3,10,12,11
India,Haryana,Fatehabad,"Huda Sector, Fatehabad - HSPCB","08-02-2026 09:00:00",29.503664,75.467934,NO2,18,20,19
India,Haryana,Fatehabad,"Huda Sector, Fatehabad - HSPCB","08-02-2026 09:00:00",29.503664,75.467934,NH3,13,15,14
India,Haryana,Fatehabad,"Huda Sector, Fatehabad - HSPCB","08-02-2026 09:00:00",29.503664,75.467934,SO2,10,11,10
India,Haryana,Fatehabad,"Huda Sector, Fatehabad - HSPCB","08-02-2026 09:00:00",29.503664,75.467934,CO,25,36,29
India,Haryana,Gurugram,"NISE Gwal Pahari, Gurugram - IMD","08-02-2026 09:00:00",28.422681,77.148944,PM2.5,66,308,170
India,Haryana,Gurugram,"NISE Gwal Pahari, Gurugram - IMD","08-02-2026 09:00:00",28.422681,77.148944,PM10,123,193,156
India,Haryana,Gurugram,"NISE Gwal Pahari, Gurugram - IMD","08-02-2026 09:00:00",28.422681,77.148944,CO,27,66,46
India,Haryana,Gurugram,"Sector-51, Gurugram - HSPCB","08-02-2026 09:00:00",28.4227,77.0667,NO2,6,15,9
India,Haryana,Gurugram,"Teri Gram, Gurugram - HSPCB","08-02-2026 09:00:00",28.4275,77.1465,PM2.5,NA,NA,NA
India,Haryana,Gurugram,"Teri Gram, Gurugram - HSPCB","08-02-2026 09:00:00",28.4275,77.1465,CO,NA,NA,NA
India,Karnataka,Belgaum,"Ramteerth Nagar, Belgaum - KSPCB","08-02-2026 09:00:00",15.888653,74.541751,NO2,36,119,65
India,Karnataka,Belgaum,"Ramteerth Nagar, Belgaum - KSPCB","08-02-2026 09:00:00",15.888653,74.541751,CO,1,2,1
India,Karnataka,Bengaluru,"BTM Layout, Bengaluru - CPCB","08-02-2026 09:00:00",12.9135218,77.5950804,PM10,109,111,110
India,Karnataka,Bengaluru,"BTM Layout, Bengaluru - CPCB","08-02-2026 09:00:00",12.9135218,77.5950804,NO2,1,12,5
India,Karnataka,Bengaluru,"BTM Layout, Bengaluru - CPCB","08-02-2026 09:00:00",12.9135218,77.5950804,SO2,23,23,23
India,Karnataka,Bengaluru,"BWSSB Kadabesanahalli, Bengaluru - CPCB","08-02-2026 09:00:00",12.9352049,77.6814488,NO2,10,30,21
India,Karnataka,Bengaluru,"Bapuji Nagar, Bengaluru - KSPCB","08-02-2026 09:00:00",12.951913,77.539784,PM10,92,158,126
India,Karnataka,Bengaluru,"Hebbal, Bengaluru - KSPCB","08-02-2026 09:00:00",13.029152,77.585901,NH3,1,4,2
India,Haryana,Kurukshetra,"Sector-7, Kurukshetra - HSPCB","08-02-2026 09:00:00",29.966942,76.875879,PM2.5,82,171,117
India,Haryana,Kurukshetra,"Sector-7, Kurukshetra - HSPCB","08-02-2026 09:00:00",29.966942,76.875879,NH3,5,5,5
India,Haryana,Mandikhera,"General Hospital, Mandikhera(Nuh) - HSPCB","08-02-2026 09:00:00",27.9002,76.9938,PM10,58,126,80
India,Haryana,Mandikhera,"General Hospital, Mandikhera(Nuh) - HSPCB","08-02-2026 09:00:00",27.9002,76.9938,SO2,30,39,34
India,Haryana,Manesar,"Sector-2 IMT, Manesar - HSPCB","08-02-2026 09:00:00",28.360699,76.936090,PM10,69,126,102
India,Haryana,Narnaul,"Shastri Nagar, Narnaul - HSPCB","08-02-2026 09:00:00",28.060249,76.113115,OZONE,1,8,1
India,Gujarat,Rajkot,"Mavdi, Rajkot - Nexteng Enviro ","08-02-2026 09:00:00",22.248853,70.776774,NH3,3,4,4
India,Gujarat,Surat,"Katargam, Surat - Nexteng Enviro","08-02-2026 09:00:00","21.217779 ","72.834787 ",PM10,96,192,135
India,Gujarat,Surat,"Science Center, Surat - SMC","08-02-2026 09:00:00",21.170046,72.795405,PM10,66,119,88
India,Gujarat,Surat,"Science Center, Surat - SMC","08-02-2026 09:00:00",21.170046,72.795405,CO,34,40,39
India,Gujarat,Vadodara,"Bapunagar, Vadodara - Nexteng Enviro","08-02-2026 09:00:00",22.320153,73.216285,PM2.5,1,332,176
India,Gujarat,Vadodara,"Bapunagar, Vadodara - Nexteng Enviro","08-02-2026 09:00:00",22.320153,73.216285,SO2,7,9,8
India,Haryana,"Yamuna Nagar","Gobind Pura, Yamuna Nagar - HSPCB","08-02-2026 09:00:00",30.1480566,77.2893471,NH3,4,4,4
India,Jammu_and_Kashmir,Srinagar,"Khunmoh, Srinagar - JKPCC","08-02-2026 09:00:00",34.06313,74.96017,NO2,5,22,11
India,Jammu_and_Kashmir,Srinagar,"Rajbagh, Srinagar - JKPCC","08-02-2026 09:00:00",34.066206,74.819820,OZONE,1,66,29
India,Karnataka,Bagalkot,"Vidayagiri, Bagalkot - KSPCB","08-02-2026 09:00:00",16.172806,75.659694,PM2.5,35,36,35
India,Haryana,Ambala,"Patti Mehar, Ambala - HSPCB","08-02-2026 09:00:00",30.379589,76.778328,CO,26,44,28
India,Haryana,Bahadurgarh,"Arya Nagar, Bahadurgarh - HSPCB","08-02-2026 09:00:00",28.6701,76.9254,SO2,7,7,7
India,Haryana,Ballabgarh,"Nathu Colony, Ballabgarh - HSPCB","08-02-2026 09:00:00",28.3419248,77.319699,CO,24,103,35
India,Haryana,Bhiwani,"H.B. Colony, Bhiwani - HSPCB","08-02-2026 09:00:00",28.806223,76.141105,PM10,56,500,216
India,Haryana,Hisar,"Urban Estate-II, Hisar - HSPCB","08-02-2026 09:00:00",29.140560,75.744941,SO2,8,13,10
India,Haryana,Hisar,"Urban Estate-II, Hisar - HSPCB","08-02-2026 09:00:00",29.140560,75.744941,OZONE,39,124,55
India,Haryana,Kaithal,"Rishi Nagar, Kaithal - HSPCB","08-02-2026 09:00:00",29.8006,76.4155,PM2.5,51,87,62
India,Haryana,Karnal,"Sector-12, Karnal - HSPCB","08-02-2026 09:00:00",29.695300,77.002700,NH3,6,7,6
India,Haryana,Palwal,"Shyam Nagar, Palwal - HSPCB","08-02-2026 09:00:00",28.1485564,77.3320667,CO,11,72,27
India,Haryana,Panchgaon,"Amity University, Panchgaon - IITM","08-02-2026 09:00:00",28.3153,76.9143,SO2,NA,NA,NA
India,Haryana,Rohtak,"MD University, Rohtak - HSPCB","08-02-2026 09:00:00",28.52123,76.37138,SO2,11,13,12
India,Haryana,Rohtak,"MD University, Rohtak - HSPCB","08-02-2026 09:00:00",28.52123,76.37138,OZONE,38,40,39
India,"Madhya Pradesh",Bhopal,"T T Nagar, Bhopal - MPPCB","08-02-2026 09:00:00",23.233584,77.400574,PM10,89,225,130
India,"Madhya Pradesh",Bhopal,"T T Nagar, Bhopal - MPPCB","08-02-2026 09:00:00",23.233584,77.400574,OZONE,8,175,63
India,"Madhya Pradesh",Dewas,"Bhopal Chauraha, Dewas - MPPCB","08-02-2026 09:00:00",22.9682591,76.064118,NO2,41,108,78
India,"Madhya Pradesh",Gwalior,"City Center, Gwalior - MPPCB","08-02-2026 09:00:00",26.203442,78.193251,PM2.5,17,206,77
India,"Madhya Pradesh",Gwalior,"City Center, Gwalior - MPPCB","08-02-2026 09:00:00",26.203442,78.193251,PM10,34,153,76
India,"Madhya Pradesh",Gwalior,"City Center, Gwalior - MPPCB","08-02-2026 09:00:00",26.203442,78.193251,NO2,57,128,80
India,"Madhya Pradesh",Gwalior,"Deen Dayal Nagar, Gwalior - MPPCB","08-02-2026 09:00:00",26.259242,78.216432,PM2.5,22,320,138
India,"Madhya Pradesh",Gwalior,"Deen Dayal Nagar, Gwalior - MPPCB","08-02-2026 09:00:00",26.259242,78.216432,SO2,4,58,16
India,"Madhya Pradesh",Gwalior,"Maharaj Bada, Gwalior - MPPCB","08-02-2026 09:00:00",26.200388,78.147714,PM2.5,13,250,69
India,"Madhya Pradesh",Gwalior,"Maharaj Bada, Gwalior - MPPCB","08-02-2026 09:00:00",26.200388,78.147714,CO,2,138,21
India,"Madhya Pradesh",Gwalior,"Maharaj Bada, Gwalior - MPPCB","08-02-2026 09:00:00",26.200388,78.147714,OZONE,19,74,53
India,"Madhya Pradesh",Indore,"Airport Area, Indore - IMC","08-02-2026 09:00:00",22.7289,75.8076,PM10,62,234,124
India,"Madhya Pradesh",Indore,"Airport Area, Indore - IMC","08-02-2026 09:00:00",22.7289,75.8076,NO2,43,102,77
India,"Madhya Pradesh",Indore,"Maguda Nagar, Indore - IMC","08-02-2026 09:00:00",22.7524,75.8872,PM2.5,43,322,161
India,"Madhya Pradesh",Indore,"Maguda Nagar, Indore - IMC","08-02-2026 09:00:00",22.7524,75.8872,CO,20,94,84
India,"Madhya Pradesh",Indore,"Regional Park, Indore - IMC","08-02-2026 09:00:00",22.6780,75.8559,PM10,NA,NA,NA
India,"Madhya Pradesh",Indore,"Regional Park, Indore - IMC","08-02-2026 09:00:00",22.6780,75.8559,OZONE,4,10,6
India,"Madhya Pradesh",Indore,"Residency Area, Indore - IMC","08-02-2026 09:00:00",22.7084,75.8815,NO2,8,34,22
India,Karnataka,Kalaburagi,"Mahatma Basaveswar Colony, Kalaburgi - KSPCB","08-02-2026 09:00:00",17.336318,76.847397,OZONE,11,22,14
India,Karnataka,Mysuru,"Hebbal 1st Stage, Mysuru - KSPCB","08-02-2026 09:00:00",12.21041,76.37376,PM2.5,46,88,67
India,Karnataka,Mysuru,"Hebbal 1st Stage, Mysuru - KSPCB","08-02-2026 09:00:00",12.21041,76.37376,NO2,9,22,18
India,Karnataka,Ramanagara,"Vijay Nagar, Ramanagara - KSPCB","08-02-2026 09:00:00",12.733409,77.298051,PM10,57,184,115
India,Karnataka,Ramanagara,"Vijay Nagar, Ramanagara - KSPCB","08-02-2026 09:00:00",12.733409,77.298051,CO,3,66,48
India,Karnataka,Shivamogga,"Vinoba Nagara, Shivamogga - KSPCB","08-02-2026 09:00:00",13.940000,75.555917,NO2,17,23,22
India,Karnataka,Shivamogga,"Vinoba Nagara, Shivamogga - KSPCB","08-02-2026 09:00:00",13.940000,75.555917,SO2,1,6,5
India,Karnataka,Tumakuru,"Thimmalapura, Tumakuru - KSPCB","08-02-2026 09:00:00",13.377516,77.099072,CO,NA,NA,NA
India,Karnataka,Vijayapura,"Ibrahimpur, Vijayapura - KSPCB","08-02-2026 09:00:00",16.802639,75.722694,PM10,61,62,62
India,Karnataka,Vijayapura,"Ibrahimpur, Vijayapura - KSPCB","08-02-2026 09:00:00",16.802639,75.722694,NH3,1,2,1
India,Karnataka,Vijayapura,"Ibrahimpur, Vijayapura - KSPCB","08-02-2026 09:00:00",16.802639,75.722694,SO2,3,6,3
India,Karnataka,Yadgir,"Collector Office, Yadgir - KSPCB","08-02-2026 09:00:00",16.7602,77.1428,SO2,5,15,11
India,Kerala,Kannur,"Thavakkara, Kannur - Kerala PCB","08-02-2026 09:00:00",11.875000,75.373200,NO2,15,18,17
India,Kerala,Kannur,"Thavakkara, Kannur - Kerala PCB","08-02-2026 09:00:00",11.875000,75.373200,CO,18,22,20
India,Kerala,Thiruvananthapuram,"Kariavattom, Thiruvananthapuram - Kerala PCB","08-02-2026 09:00:00",8.563700,76.886500,NH3,1,1,1
India,Kerala,Thiruvananthapuram,"Kariavattom, Thiruvananthapuram - Kerala PCB","08-02-2026 09:00:00",8.563700,76.886500,OZONE,36,37,36
India,Kerala,Thrissur,"Corporation Ground, Thrissur - Kerala PCB","08-02-2026 09:00:00",10.532400,76.215900,PM10,74,94,84
India,Kerala,Thrissur,"Corporation Ground, Thrissur - Kerala PCB","08-02-2026 09:00:00",10.532400,76.215900,OZONE,29,30,29
India,"Madhya Pradesh",Bhopal,"Idgah Hills, Bhopal - MPPCB","08-02-2026 09:00:00",23.264759,77.381568,SO2,10,20,13
India,Karnataka,Bengaluru,"Shivapura_Peenya, Bengaluru - KSPCB","08-02-2026 09:00:00",13.0246342,77.5080115,NO2,18,18,18
India,Karnataka,Bengaluru,"Silk Board, Bengaluru - KSPCB","08-02-2026 09:00:00",12.917348,77.622813,NH3,5,8,6
India,Karnataka,Bengaluru,"Silk Board, Bengaluru - KSPCB","08-02-2026 09:00:00",12.917348,77.622813,CO,22,80,31
India,Karnataka,Bengaluru,"Silk Board, Bengaluru - KSPCB","08-02-2026 09:00:00",12.917348,77.622813,OZONE,29,104,67
India,Karnataka,Chikkaballapur,"Chikkaballapur Rural, Chikkaballapur - KSPCB","08-02-2026 09:00:00",13.428828,77.731418,OZONE,18,23,22
India,Karnataka,Bengaluru,"Jayanagar 5th Block, Bengaluru - KSPCB","08-02-2026 09:00:00",12.920984,77.584908,NO2,9,55,30
India,Karnataka,Bengaluru,"Jayanagar 5th Block, Bengaluru - KSPCB","08-02-2026 09:00:00",12.920984,77.584908,CO,12,60,19
India,Karnataka,Bengaluru,"Jayanagar 5th Block, Bengaluru - KSPCB","08-02-2026 09:00:00",12.920984,77.584908,OZONE,28,118,97
India,Karnataka,Bengaluru,"Jigani, Bengaluru - KSPCB","08-02-2026 09:00:00",12.7816279,77.6299145,NO2,24,25,24
India,Karnataka,Bengaluru,"Jigani, Bengaluru - KSPCB","08-02-2026 09:00:00",12.7816279,77.6299145,SO2,22,22,22
India,Karnataka,Bengaluru,"Jigani, Bengaluru - KSPCB","08-02-2026 09:00:00",12.7816279,77.6299145,OZONE,24,25,25
India,Karnataka,Bengaluru,"Peenya, Bengaluru - CPCB","08-02-2026 09:00:00",13.0270199,77.494094,NH3,3,5,4
India,Karnataka,Bengaluru,"Peenya, Bengaluru - CPCB","08-02-2026 09:00:00",13.0270199,77.494094,SO2,6,17,10
India,Karnataka,Bengaluru,"RVCE-Mailasandra, Bengaluru - KSPCB","08-02-2026 09:00:00",12.921418,77.502466,OZONE,22,24,23
India,Karnataka,Bengaluru,"Sanegurava Halli, Bengaluru - KSPCB","08-02-2026 09:00:00",12.990328,77.5431385,NO2,NA,NA,NA
India,Karnataka,Dharwad,"Kalabhavan, Dharwad - KSPCB","08-02-2026 09:00:00",15.459706,75.008381,PM10,62,110,95
India,Karnataka,Hubballi,"Lingaraj Nagar, Hubballi - KSPCB","08-02-2026 09:00:00",15.3714823,75.1160168,NH3,1,2,1
India,Karnataka,Hubballi,"Lingaraj Nagar, Hubballi - KSPCB","08-02-2026 09:00:00",15.3714823,75.1160168,OZONE,6,42,16
India,Maharashtra,Bhiwandi,"Gokul Nagar, Bhiwandi - MPCB","08-02-2026 09:00:00",19.309073,73.057223,NH3,4,7,6
India,Maharashtra,Boisar,"Khaira, Boisar - MPCB","08-02-2026 09:00:00",19.786089,72.757971,PM2.5,49,92,73
India,Maharashtra,Boisar,"Khaira, Boisar - MPCB","08-02-2026 09:00:00",19.786089,72.757971,PM10,88,123,106
India,Maharashtra,Boisar,"Khaira, Boisar - MPCB","08-02-2026 09:00:00",19.786089,72.757971,OZONE,10,78,26
India,Maharashtra,Chandrapur,"Chauhan Colony, Chandrapur - MPCB","08-02-2026 09:00:00",19.962900,79.298714,OZONE,25,26,26
India,Maharashtra,Chandrapur,"MIDC Khutala, Chandrapur - MPCB","08-02-2026 09:00:00",19.9775302,79.2337086,PM10,126,131,128
India,Maharashtra,Chandrapur,"MIDC Khutala, Chandrapur - MPCB","08-02-2026 09:00:00",19.9775302,79.2337086,NH3,1,6,3
India,Maharashtra,Dhule,"Deopur, Dhule - MPCB","08-02-2026 09:00:00",20.918946,74.776388,CO,17,70,29
India,Maharashtra,Jalgaon,"Prabhat Colony, Jalgaon - MPCB","08-02-2026 09:00:00",21.001264,75.565602,PM10,89,293,125
India,Maharashtra,Aurangabad,"More Chowk Waluj, Aurangabad - MPCB","08-02-2026 09:00:00",19.8389439,75.244448,PM2.5,61,97,76
India,Maharashtra,Aurangabad,"More Chowk Waluj, Aurangabad - MPCB","08-02-2026 09:00:00",19.8389439,75.244448,PM10,65,101,80
India,Maharashtra,Aurangabad,"More Chowk Waluj, Aurangabad - MPCB","08-02-2026 09:00:00",19.8389439,75.244448,NO2,14,25,19
India,Maharashtra,Aurangabad,"More Chowk Waluj, Aurangabad - MPCB","08-02-2026 09:00:00",19.8389439,75.244448,NH3,9,11,10
India,Maharashtra,Aurangabad,"More Chowk Waluj, Aurangabad - MPCB","08-02-2026 09:00:00",19.8389439,75.244448,CO,8,122,50
India,Maharashtra,Aurangabad,"Rachnakar Colony, Aurangabad - MPCB","08-02-2026 09:00:00",19.863756,75.321188,PM10,60,121,95
India,Maharashtra,Aurangabad,"Rachnakar Colony, Aurangabad - MPCB","08-02-2026 09:00:00",19.863756,75.321188,OZONE,11,60,14
India,Maharashtra,Badlapur,"Katrap, Badlapur - MPCB","08-02-2026 09:00:00",19.16485,73.23409,PM2.5,63,278,122
India,Maharashtra,Badlapur,"Katrap, Badlapur - MPCB","08-02-2026 09:00:00",19.16485,73.23409,NH3,5,8,6
India,Maharashtra,Badlapur,"Katrap, Badlapur - MPCB","08-02-2026 09:00:00",19.16485,73.23409,SO2,5,10,8
India,Maharashtra,Badlapur,"Katrap, Badlapur - MPCB","08-02-2026 09:00:00",19.16485,73.23409,CO,16,36,34
India,Maharashtra,Ahmednagar,"Tarakpur, Ahmednagar - MPCB","08-02-2026 09:00:00",19.10122,74.73339,PM10,60,214,105
India,Maharashtra,Akola,"Ramdaspeth, Akola - MPCB","08-02-2026 09:00:00",20.719516,77.000253,PM10,53,238,119
India,Maharashtra,Akola,"Ramdaspeth, Akola - MPCB","08-02-2026 09:00:00",20.719516,77.000253,CO,18,72,20
India,Maharashtra,Amravati,"Shivneri Colony, Amravati - MPCB","08-02-2026 09:00:00",20.9402359,77.7895248,CO,12,27,16
India,Maharashtra,Amravati,"Shivneri Colony, Amravati - MPCB","08-02-2026 09:00:00",20.9402359,77.7895248,OZONE,9,67,39
India,Maharashtra,Amravati,"Shri Shivaji Science College, Amravati - MPCB","08-02-2026 09:00:00",20.939198,77.765701,NO2,4,44,14
India,Maharashtra,Aurangabad,"MIDC Chilkalthana, Aurangabad - MPCB","08-02-2026 09:00:00",19.875620,75.387310,NO2,19,83,45
India,Maharashtra,Mumbai,"Chembur, Mumbai - MPCB","08-02-2026 09:00:00",19.0364585,72.8954371,CO,32,78,53
India,Maharashtra,Mumbai,"Chhatrapati Shivaji Intl. Airport (T2), Mumbai - MPCB","08-02-2026 09:00:00",19.10078,72.87462,NO2,1,1,1
India,Maharashtra,Mumbai,"Chhatrapati Shivaji Intl. Airport (T2), Mumbai - MPCB","08-02-2026 09:00:00",19.10078,72.87462,SO2,19,24,21
India,Maharashtra,Mumbai,"Deonar, Mumbai - IITM","08-02-2026 09:00:00",19.04946,72.9230,NO2,13,75,39
India,Maharashtra,Mumbai,"Ghatkopar, Mumbai - BMC","08-02-2026 09:00:00",19.083694,72.920967,NH3,1,5,3
India,Maharashtra,Mumbai,"Kandivali East, Mumbai - MPCB","08-02-2026 09:00:00",19.205800,72.868200,NH3,3,3,3
India,"Madhya Pradesh",Jabalpur,"Govindh Bhavan Colony, Jabalpur - JMC","08-02-2026 09:00:00",23.163174,79.973061,SO2,4,8,6
India,"Madhya Pradesh",Jabalpur,"Gupteshwar, Jabalpur - JMC","08-02-2026 09:00:00",23.142888,79.916147,PM10,34,96,64
India,"Madhya Pradesh",Jabalpur,"Marhatal, Jabalpur - MPPCB","08-02-2026 09:00:00",23.168606,79.932247,NO2,19,58,31
India,"Madhya Pradesh",Jabalpur,"Suhagi, Jabalpur - JMC","08-02-2026 09:00:00",23.218135,79.957770,NH3,5,7,6
India,"Madhya Pradesh",Jabalpur,"Suhagi, Jabalpur - JMC","08-02-2026 09:00:00",23.218135,79.957770,CO,32,116,44
India,Maharashtra,Mumbai,"Borivali East, Mumbai - MPCB","08-02-2026 09:00:00",19.2243333,72.8658113,SO2,13,18,16
India,Maharashtra,Mumbai,"Byculla, Mumbai - BMC","08-02-2026 09:00:00",18.9767,72.8380,PM10,74,134,109
India,Maharashtra,Mumbai,"Byculla, Mumbai - BMC","08-02-2026 09:00:00",18.9767,72.8380,NO2,50,170,92
India,Maharashtra,Mumbai,"Byculla, Mumbai - BMC","08-02-2026 09:00:00",18.9767,72.8380,CO,40,110,92
India,Maharashtra,Mumbai,"Chakala-Andheri East, Mumbai - IITM","08-02-2026 09:00:00",19.11074,72.86084,NO2,58,108,76
India,Maharashtra,Malegaon,"Mahesh Nagar, Malegaon - MPCB","08-02-2026 09:00:00",20.555712,74.529236,PM10,80,149,112
India,Maharashtra,Mira-Bhayandar,"Bhayandar West, Mira-Bhayandar - MPCB","08-02-2026 09:00:00",19.296481,72.840923,SO2,13,17,15
India,Maharashtra,Mumbai,"Bandra Kurla Complex, Mumbai - IITM","08-02-2026 09:00:00",19.053536,72.84643,OZONE,NA,NA,NA
India,Maharashtra,Jalgaon,"Prabhat Colony, Jalgaon - MPCB","08-02-2026 09:00:00",21.001264,75.565602,SO2,4,17,8
India,Maharashtra,Jalgaon,"Prabhat Colony, Jalgaon - MPCB","08-02-2026 09:00:00",21.001264,75.565602,CO,20,54,24
India,"Madhya Pradesh",Mandideep,"Sector-D Industrial Area, Mandideep - MPPCB","08-02-2026 09:00:00",23.108440,77.511428,SO2,1,104,21
India,Maharashtra,"Navi Mumbai","Tondare-Taloja, Navi Mumbai - MPCB","08-02-2026 09:00:00",19.0630,73.1209,PM10,60,129,96
India,Maharashtra,Parbhani,"Masoom Colony, Parbhani - MPCB","08-02-2026 09:00:00",19.265594,76.761463,NH3,3,5,4
India,Maharashtra,Pimpri-Chinchwad,"Gavalinagar, Pimpri Chinchwad - MPCB","08-02-2026 09:00:00",18.63673,73.82487,NO2,25,127,66
India,Maharashtra,Pimpri-Chinchwad,"Gavalinagar, Pimpri Chinchwad - MPCB","08-02-2026 09:00:00",18.63673,73.82487,NH3,9,32,17
India,Maharashtra,Pimpri-Chinchwad,"Park Street Wakad, Pimpri Chinchwad - MPCB","08-02-2026 09:00:00",18.59051,73.77946,PM2.5,37,317,96
India,Maharashtra,Pimpri-Chinchwad,"Park Street Wakad, Pimpri Chinchwad - MPCB","08-02-2026 09:00:00",18.59051,73.77946,NH3,4,9,6
India,Maharashtra,Pimpri-Chinchwad,"Park Street Wakad, Pimpri Chinchwad - MPCB","08-02-2026 09:00:00",18.59051,73.77946,OZONE,1,100,2
India,Maharashtra,Pimpri-Chinchwad,"Savta Mali Nagar, Pimpri-Chinchwad - IITM","08-02-2026 09:00:00",18.614767,73.799516,PM10,92,210,150
India,Maharashtra,Pimpri-Chinchwad,"Thergaon, Pimpri Chinchwad - MPCB","08-02-2026 09:00:00",18.616318,73.765797,PM2.5,109,290,179
India,Maharashtra,Mumbai,"Siddharth Nagar-Worli, Mumbai - IITM","08-02-2026 09:00:00",19.000083,72.813993,PM2.5,75,148,99
India,Maharashtra,Mumbai,"Sion, Mumbai - MPCB","08-02-2026 09:00:00",19.047000,72.874600,PM2.5,77,397,195
India,Maharashtra,Mumbai,"Sion, Mumbai - MPCB","08-02-2026 09:00:00",19.047000,72.874600,SO2,1,81,14
India,Maharashtra,Mumbai,"Vile Parle West, Mumbai - MPCB","08-02-2026 09:00:00",19.10861,72.83622,PM2.5,56,113,79
India,Maharashtra,Mumbai,"Vile Parle West, Mumbai - MPCB","08-02-2026 09:00:00",19.10861,72.83622,NH3,6,6,6
India,Maharashtra,Mumbai,"Vile Parle West, Mumbai - MPCB","08-02-2026 09:00:00",19.10861,72.83622,CO,22,24,23
India,Maharashtra,Nagpur,"Ambazari, Nagpur - MPCB","08-02-2026 09:00:00",21.121801,79.04952,PM2.5,65,196,108
India,Maharashtra,Nagpur,"Ambazari, Nagpur - MPCB","08-02-2026 09:00:00",21.121801,79.04952,PM10,71,139,102
India,Maharashtra,Nagpur,"Ambazari, Nagpur - MPCB","08-02-2026 09:00:00",21.121801,79.04952,NH3,2,15,6
India,Maharashtra,Nagpur,"Mahal, Nagpur - MPCB","08-02-2026 09:00:00",21.14472,79.107595,NH3,6,10,8
India,Maharashtra,Nashik,"Pandav Nagari, Nashik - MPCB","08-02-2026 09:00:00",19.9591346,73.7788008,SO2,1,20,6
India,Maharashtra,"Navi Mumbai","Kopripada-Vashi, Navi Mumbai - MPCB","08-02-2026 09:00:00",19.090337,73.014232,SO2,4,13,8
India,Maharashtra,"Navi Mumbai","Mahape, Navi Mumbai - MPCB","08-02-2026 09:00:00",19.1135051,73.008978,PM2.5,41,91,58
India,Maharashtra,"Navi Mumbai","Mahape, Navi Mumbai - MPCB","08-02-2026 09:00:00",19.1135051,73.008978,NH3,1,1,1
India,Maharashtra,"Navi Mumbai","Mahape, Navi Mumbai - MPCB","08-02-2026 09:00:00",19.1135051,73.008978,SO2,19,21,20
India,Maharashtra,"Navi Mumbai","Sanpada, Navi Mumbai - MPCB","08-02-2026 09:00:00",19.0575752,73.0151367,CO,16,106,62
India,Maharashtra,"Navi Mumbai","Sanpada, Navi Mumbai - MPCB","08-02-2026 09:00:00",19.0575752,73.0151367,OZONE,5,43,43
India,Maharashtra,"Navi Mumbai","Sector-2E Kalamboli, Navi Mumbai - MPCB","08-02-2026 09:00:00",19.02579,73.10297,PM2.5,53,120,87
India,Maharashtra,Nagpur,"Ram Nagar, Nagpur - MPCB","08-02-2026 09:00:00",21.143383,79.048912,OZONE,6,44,14
India,Maharashtra,Nashik,"Gangapur Road, Nashik - MPCB","08-02-2026 09:00:00",20.0073285,73.7762427,CO,21,22,22
India,Maharashtra,Nashik,"Hirawadi, Nashik - MPCB","08-02-2026 09:00:00",20.021503,73.813844,PM2.5,63,173,93
India,Maharashtra,Nashik,"Hirawadi, Nashik - MPCB","08-02-2026 09:00:00",20.021503,73.813844,NO2,7,43,22
India,Maharashtra,Nashik,"Hirawadi, Nashik - MPCB","08-02-2026 09:00:00",20.021503,73.813844,OZONE,8,87,19
India,Maharashtra,Mumbai,"Malad West, Mumbai - IITM","08-02-2026 09:00:00",19.19709,72.82204,PM10,116,183,147
India,Maharashtra,Mumbai,"Malad West, Mumbai - IITM","08-02-2026 09:00:00",19.19709,72.82204,NH3,7,33,15
India,Maharashtra,Mumbai,"Malad West, Mumbai - IITM","08-02-2026 09:00:00",19.19709,72.82204,SO2,15,57,32
India,Maharashtra,Mumbai,"Mazgaon, Mumbai - IITM","08-02-2026 09:00:00",18.96702,72.84214,PM2.5,70,165,109
India,Maharashtra,Mumbai,"Mazgaon, Mumbai - IITM","08-02-2026 09:00:00",18.96702,72.84214,OZONE,5,84,10
India,Maharashtra,Mumbai,"Powai, Mumbai - MPCB","08-02-2026 09:00:00",19.137500,72.915056,PM10,54,90,68
India,Maharashtra,Mumbai,"Powai, Mumbai - MPCB","08-02-2026 09:00:00",19.137500,72.915056,NH3,1,2,2
India,Maharashtra,Mumbai,"Sewri, Mumbai - BMC","08-02-2026 09:00:00",19.000084,72.856730,NH3,5,47,21
India,Maharashtra,Mumbai,"Sewri, Mumbai - BMC","08-02-2026 09:00:00",19.000084,72.856730,OZONE,NA,NA,NA
India,Maharashtra,Mumbai,"Mindspace-Malad West, Mumbai - MPCB","08-02-2026 09:00:00",19.1878657,72.8304069,NH3,2,53,18
India,Maharashtra,Mumbai,"Mindspace-Malad West, Mumbai - MPCB","08-02-2026 09:00:00",19.1878657,72.8304069,SO2,11,62,28
India,Maharashtra,Mumbai,"Mindspace-Malad West, Mumbai - MPCB","08-02-2026 09:00:00",19.1878657,72.8304069,CO,19,94,82
India,Maharashtra,Mumbai,"Navy Nagar-Colaba, Mumbai - IITM","08-02-2026 09:00:00",18.897756,72.813320,PM10,103,182,139
India,Maharashtra,Nashik,"MIDC Ambad, Nashik - MPCB","08-02-2026 09:00:00",19.950220,73.731480,NH3,1,4,3
India,Odisha,Bileipada,"Tata Township, Bileipada - OSPCB","08-02-2026 09:00:00",22.06156703,85.47409613,PM2.5,63,186,117
India,Odisha,Bileipada,"Tata Township, Bileipada - OSPCB","08-02-2026 09:00:00",22.06156703,85.47409613,SO2,11,11,11
India,Odisha,Brajrajnagar,"GM Office, Brajrajnagar - OSPCB","08-02-2026 09:00:00",21.8004996,83.8396977,OZONE,25,31,30
India,Odisha,Cuttack,"CDA Area, Cuttack - OSPCB","08-02-2026 09:00:00","20.48891     ","85.84768     ",CO,4,90,53
India,Odisha,Rourkela,"Sector-2, Rourkela - OSPCB","08-02-2026 09:00:00",22.24500000,84.88111111,PM10,43,78,54
India,Odisha,Talcher,"Talcher Coalfields,Talcher - OSPCB","08-02-2026 09:00:00",20.9360711,85.1707021,PM10,32,407,181
India,Maharashtra,Pimpri-Chinchwad,"Thergaon, Pimpri Chinchwad - MPCB","08-02-2026 09:00:00",18.616318,73.765797,NH3,6,14,10
India,Maharashtra,Pune,"Bhosari, Pune - IITM","08-02-2026 09:00:00",18.640051,73.848956,PM2.5,31,300,154
India,Maharashtra,Pune,"Bhosari, Pune - IITM","08-02-2026 09:00:00",18.640051,73.848956,NO2,9,16,12
India,Maharashtra,Pune,"Bhumkar Nagar, Pune - IITM","08-02-2026 09:00:00",18.605770,73.749976,PM2.5,NA,NA,NA
India,Maharashtra,Pune,"Bhumkar Nagar, Pune - IITM","08-02-2026 09:00:00",18.605770,73.749976,CO,36,60,52
India,Maharashtra,Pune,"Hadapsar, Pune - IITM","08-02-2026 09:00:00",18.501793,73.927532,CO,38,104,50
India,Maharashtra,Pune,"Katraj Dairy, Pune - MPCB","08-02-2026 09:00:00",18.454450,73.854155,NO2,NA,NA,NA
India,Odisha,Angul,"Hakimapada, Angul - OSPCB","08-02-2026 09:00:00",20.832874,85.104082,CO,6,106,68
India,Odisha,Angul,"Hakimapada, Angul - OSPCB","08-02-2026 09:00:00",20.832874,85.104082,OZONE,12,109,20
India,Odisha,Balasore,"Kalidaspur, Balasore - OSPCB","08-02-2026 09:00:00",21.51161,86.89088,NO2,14,48,29
India,Odisha,Balasore,"Kalidaspur, Balasore - OSPCB","08-02-2026 09:00:00",21.51161,86.89088,SO2,13,43,26
India,Odisha,Balasore,"Kalidaspur, Balasore - OSPCB","08-02-2026 09:00:00",21.51161,86.89088,OZONE,13,87,25
India,Odisha,Bhubaneswar,"Lingraj Mandir, Bhubaneswar - OSPCB","08-02-2026 09:00:00",20.240790,85.836784,PM10,70,152,117
India,Odisha,Bhubaneswar,"Lingraj Mandir, Bhubaneswar - OSPCB","08-02-2026 09:00:00",20.240790,85.836784,OZONE,16,152,40
India,Maharashtra,Thane,"Kasarvadavali, Thane - MPCB","08-02-2026 09:00:00",19.26777,72.97182,PM2.5,44,85,62
India,Maharashtra,Thane,"Upvan Fort, Thane - MPCB","08-02-2026 09:00:00",19.222279,72.957979,NH3,NA,NA,NA
India,Maharashtra,Ulhasnagar,"Sidhi Vinayak Nagar, Ulhasnagar - MPCB","08-02-2026 09:00:00",19.235581,73.159121,PM10,74,153,119
India,Maharashtra,Virar,"Bolinj, Virar - MPCB","08-02-2026 09:00:00",19.4458210,72.7988231,NO2,11,60,34
India,Maharashtra,Virar,"Bolinj, Virar - MPCB","08-02-2026 09:00:00",19.4458210,72.7988231,NH3,2,4,3
India,Punjab,Khanna,"Kalal Majra, Khanna - PPCB","08-02-2026 09:00:00","30.736056 ",76.209694,PM10,44,190,89
India,Punjab,Khanna,"Kalal Majra, Khanna - PPCB","08-02-2026 09:00:00","30.736056 ",76.209694,NH3,7,7,7
India,Punjab,Ludhiana,"Punjab Agricultural University, Ludhiana - PPCB","08-02-2026 09:00:00",30.9028,75.8086,PM2.5,58,138,96
India,Punjab,Ludhiana,"Punjab Agricultural University, Ludhiana - PPCB","08-02-2026 09:00:00",30.9028,75.8086,SO2,14,48,32
India,Punjab,Rupnagar,"Ratanpura, Rupnagar - Ambuja Cements","08-02-2026 09:00:00",31.0325454,76.5623046,PM2.5,1,310,47
India,Maharashtra,Pune,"Panchawati_Pashan, Pune - IITM","08-02-2026 09:00:00",18.536457,73.805454,NO2,7,46,21
India,Maharashtra,Pune,"Revenue Colony-Shivajinagar, Pune - IITM","08-02-2026 09:00:00",18.530085,73.849598,SO2,5,44,20
India,Maharashtra,Pune,"Savitribai Phule Pune University, Pune - MPCB","08-02-2026 09:00:00",18.547056,73.826908,PM10,76,137,113
India,Maharashtra,Sangli,"Vijay Nagar, Sangli - MPCB","08-02-2026 09:00:00"," 16.5038",74.3623,CO,20,73,43
India,Meghalaya,Shillong,"Lumpyngngad, Shillong - Meghalaya PCB","08-02-2026 09:00:00",25.5586,91.8985,SO2,9,18,13
India,Meghalaya,Shillong,"Lumpyngngad, Shillong - Meghalaya PCB","08-02-2026 09:00:00",25.5586,91.8985,OZONE,23,40,32
India,Mizoram,Aizawl,"Sikulpuikawn, Aizawl - Mizoram PCB","08-02-2026 09:00:00",23.7176342,92.7192841,CO,3,3,3
India,Odisha,Angul,"Hakimapada, Angul - OSPCB","08-02-2026 09:00:00",20.832874,85.104082,NH3,9,17,13
India,Odisha,Tensa,"Barsua Iron Ore Mines, Tensa - OSPCB","08-02-2026 09:00:00",21.869985,85.167016,PM2.5,NA,NA,NA
India,Punjab,Amritsar,"Golden Temple, Amritsar - PPCB","08-02-2026 09:00:00",31.620000,74.876512,PM2.5,23,96,46
India,Punjab,Jalandhar,"Civil Line, Jalandhar - PPCB","08-02-2026 09:00:00",31.321907,75.578914,PM10,63,121,90
India,Punjab,Jalandhar,"Civil Line, Jalandhar - PPCB","08-02-2026 09:00:00",31.321907,75.578914,CO,58,69,63
India,Maharashtra,Virar,"Bolinj, Virar - MPCB","08-02-2026 09:00:00",19.4458210,72.7988231,OZONE,4,47,8
India,Rajasthan,Jaisalmer,"Sadar Bazar, Jaisalmer - RSPCB","08-02-2026 09:00:00",26.912329,70.909168,NH3,6,14,8
India,Rajasthan,Jaisalmer,"Sadar Bazar, Jaisalmer - RSPCB","08-02-2026 09:00:00",26.912329,70.909168,CO,21,68,32
India,Rajasthan,Jalore,"Mudtra Sili, Jalore - RSPCB","08-02-2026 09:00:00",25.344694,72.626208,PM2.5,30,319,99
India,Rajasthan,Jalore,"Mudtra Sili, Jalore - RSPCB","08-02-2026 09:00:00",25.344694,72.626208,PM10,50,280,136
India,Rajasthan,Jhalawar,"Rajlaxmi Nagar, Jhalawar - RSPCB","08-02-2026 09:00:00",24.588397,76.172782,PM2.5,65,363,168
India,Rajasthan,Jhalawar,"Rajlaxmi Nagar, Jhalawar - RSPCB","08-02-2026 09:00:00",24.588397,76.172782,NO2,91,129,114
India,Rajasthan,Jhalawar,"Rajlaxmi Nagar, Jhalawar - RSPCB","08-02-2026 09:00:00",24.588397,76.172782,CO,23,102,63
India,Rajasthan,Churu,"Subash Chowk, Churu - RSPCB","08-02-2026 09:00:00",28.296139,74.961696,NO2,10,56,30
India,Rajasthan,Churu,"Subash Chowk, Churu - RSPCB","08-02-2026 09:00:00",28.296139,74.961696,SO2,2,31,6
India,Rajasthan,Churu,"Subash Chowk, Churu - RSPCB","08-02-2026 09:00:00",28.296139,74.961696,CO,15,60,34
India,Rajasthan,Churu,"Subash Chowk, Churu - RSPCB","08-02-2026 09:00:00",28.296139,74.961696,OZONE,9,108,29
India,Rajasthan,Dausa,"Khatikan Mohalla, Dausa - RSPCB","08-02-2026 09:00:00",26.895552,76.334753,CO,8,141,50
India,Rajasthan,Dholpur,"Raja Ganj, Dholpur - RSPCB","08-02-2026 09:00:00",26.699557,77.898881,NO2,29,97,55
India,Rajasthan,Baran,"Bamboliya, Baran - RSPCB","08-02-2026 09:00:00",25.106006,76.469948,NO2,12,94,36
India,Rajasthan,Barmer,"Railway Colony, Barmer - RSPCB","08-02-2026 09:00:00",25.747299,71.393989,OZONE,11,114,78
India,Rajasthan,Bharatpur,"Krishna Nagar, Bharatpur - RSPCB","08-02-2026 09:00:00",27.215415,77.50873,NO2,11,94,38
India,Rajasthan,Bharatpur,"Krishna Nagar, Bharatpur - RSPCB","08-02-2026 09:00:00",27.215415,77.50873,SO2,5,11,8
India,Rajasthan,Bharatpur,"Krishna Nagar, Bharatpur - RSPCB","08-02-2026 09:00:00",27.215415,77.50873,CO,17,136,31
India,Rajasthan,Bharatpur,"Krishna Nagar, Bharatpur - RSPCB","08-02-2026 09:00:00",27.215415,77.50873,OZONE,6,137,44
India,Rajasthan,Alwar,"Moti Doongri, Alwar - RSPCB","08-02-2026 09:00:00",27.554793,76.611536,NH3,10,16,12
India,Rajasthan,Alwar,"Moti Doongri, Alwar - RSPCB","08-02-2026 09:00:00",27.554793,76.611536,CO,4,71,46
India,Rajasthan,Banswara,"Rati Talai, Banswara - RSPCB","08-02-2026 09:00:00",23.555190,74.440010,OZONE,11,141,47
India,Rajasthan,Baran,"Bamboliya, Baran - RSPCB","08-02-2026 09:00:00",25.106006,76.469948,PM2.5,15,200,86
India,Rajasthan,Baran,"Bamboliya, Baran - RSPCB","08-02-2026 09:00:00",25.106006,76.469948,PM10,79,212,113
India,Rajasthan,Bhilwara,"Pratap Nagar, Bhilwara - RSPCB","08-02-2026 09:00:00",25.339605,74.618883,PM2.5,42,297,140
India,Rajasthan,Bhilwara,"Pratap Nagar, Bhilwara - RSPCB","08-02-2026 09:00:00",25.339605,74.618883,NO2,12,86,44
India,Rajasthan,Bhilwara,"Pratap Nagar, Bhilwara - RSPCB","08-02-2026 09:00:00",25.339605,74.618883,SO2,6,62,18
India,Rajasthan,Bhiwadi,"Vasundhara Nagar_UIT, Bhiwadi - RSPCB","08-02-2026 09:00:00",28.207266,76.829265,CO,14,96,44
India,Rajasthan,Bundi,"New Colony, Bundi - RSPCB","08-02-2026 09:00:00",25.435774,75.644272,CO,14,105,36
India,Rajasthan,Jaipur,"Mansarovar Sector-12, Jaipur - RSPCB","08-02-2026 09:00:00",26.843698,75.766894,OZONE,5,149,11
India,Rajasthan,Jaipur,"Police Commissionerate, Jaipur - RSPCB","08-02-2026 09:00:00",26.9164092,75.7994901,PM2.5,50,319,179
India,Rajasthan,Jaipur,"Police Commissionerate, Jaipur - RSPCB","08-02-2026 09:00:00",26.9164092,75.7994901,PM10,42,274,140
India,Rajasthan,Jaipur,"RIICO Sitapura, Jaipur - RSPCB","08-02-2026 09:00:00",26.786682,75.827928,CO,16,155,68
India,Rajasthan,Jaipur,"Adarsh Nagar, Jaipur - RSPCB","08-02-2026 09:00:00",26.902909,75.836858,NO2,23,92,65
India,Rajasthan,Jaipur,"Adarsh Nagar, Jaipur - RSPCB","08-02-2026 09:00:00",26.902909,75.836858,NH3,13,47,31
India,Rajasthan,Hanumangarh,"Housing Board, Hanumangarh - RSPCB","08-02-2026 09:00:00",29.610750,74.283608,PM10,87,464,155
India,Rajasthan,Jaipur,"Sector-2 Murlipura, Jaipur - RSPCB","08-02-2026 09:00:00",26.960669,75.771817,SO2,4,13,7
India,Rajasthan,Jodhpur,"Collectorate, Jodhpur - RSPCB","08-02-2026 09:00:00",26.268249,73.0193853,OZONE,11,86,41
India,Rajasthan,Jodhpur,"Digari Kalan, Jodhpur - RSPCB","08-02-2026 09:00:00",26.295810,73.082283,NH3,4,9,6
India,Rajasthan,Jodhpur,"Digari Kalan, Jodhpur - RSPCB","08-02-2026 09:00:00",26.295810,73.082283,CO,16,90,22
India,Rajasthan,Jodhpur,"Jhalamand, Jodhpur - RSPCB","08-02-2026 09:00:00",26.215415,73.070156,PM10,39,251,111
India,Rajasthan,Jodhpur,"Mandor, Jodhpur - RSPCB","08-02-2026 09:00:00",26.358805,73.047444,SO2,1,9,3
India,Rajasthan,Jodhpur,"Mandor, Jodhpur - RSPCB","08-02-2026 09:00:00",26.358805,73.047444,CO,24,57,36
India,Rajasthan,Jodhpur,"Mandor, Jodhpur - RSPCB","08-02-2026 09:00:00",26.358805,73.047444,OZONE,12,67,43
India,Rajasthan,Jodhpur,"Samrat Ashok Udhyan, Jodhpur - RSPCB","08-02-2026 09:00:00",26.253384,72.976571,PM10,44,215,106
India,Rajasthan,Jodhpur,"Samrat Ashok Udhyan, Jodhpur - RSPCB","08-02-2026 09:00:00",26.253384,72.976571,NH3,2,4,3
India,Rajasthan,Karauli,"Satyawati Vihar, Karauli - RSPCB","08-02-2026 09:00:00",26.506177,77.025989,CO,10,100,20
India,Rajasthan,Kota,"Dhanmandi, Kota - RSPCB","08-02-2026 09:00:00",25.164090,75.858137,NH3,5,9,7
India,Rajasthan,Kota,"Nayapura, Kota - RSPCB","08-02-2026 09:00:00",25.196024,75.855668,PM2.5,25,293,142
India,Rajasthan,Kota,"Nayapura, Kota - RSPCB","08-02-2026 09:00:00",25.196024,75.855668,NH3,7,10,8
India,Rajasthan,Kota,"Nayapura, Kota - RSPCB","08-02-2026 09:00:00",25.196024,75.855668,OZONE,6,135,8
India,Rajasthan,Kota,"Shrinath Puram, Kota - RSPCB","08-02-2026 09:00:00",25.14389,75.821256,PM10,59,154,108
India,Rajasthan,Nagaur,"Karni Colony, Nagaur - RSPCB","08-02-2026 09:00:00",27.213494,73.734444,NO2,11,95,28
India,Rajasthan,Pali,"Indira Colony Vistar, Pali - RSPCB","08-02-2026 09:00:00",25.771061," 73.340227",NH3,6,27,13
India,Rajasthan,Pratapgarh,"Pragati Nagar, Pratapgarh - RSPCB","08-02-2026 09:00:00",24.041198,74.780702,NO2,13,39,24
India,TamilNadu,Chennai,"Perungudi, Chennai - TNPCB","08-02-2026 09:00:00",12.9533,80.2357,CO,36,88,71
India,TamilNadu,Chennai,"Velachery Res. Area, Chennai - CPCB","08-02-2026 09:00:00",13.0052189,80.2398125,PM10,52,500,295
India,TamilNadu,Chennai,"Velachery Res. Area, Chennai - CPCB","08-02-2026 09:00:00",13.0052189,80.2398125,SO2,6,8,7
India,TamilNadu,Coimbatore,"SIDCO Kurichi, Coimbatore - TNPCB","08-02-2026 09:00:00",10.942451,76.978996,CO,28,30,29
India,TamilNadu,Gummidipoondi,"Anthoni Pillai Nagar, Gummidipoondi - TNPCB","08-02-2026 09:00:00",13.4127,80.1081,NH3,1,1,1
India,TamilNadu,Nagapattinam,"Velippalayam, Nagapattinam - TNPCB","08-02-2026 09:00:00",10.798548,79.838212,NO2,6,7,6
India,TamilNadu,Perundurai,"SIPCOT Industrial Park, Perundurai - TNPCB","08-02-2026 09:00:00",11.258242,77.552761,OZONE,21,21,21
India,TamilNadu,Thoothukudi,"Meelavittan, Thoothukudi - TNPCB","08-02-2026 09:00:00","8.816428 ",78.099039,PM10,43,122,78
India,Telangana,Hyderabad,"Bollaram Industrial Area, Hyderabad - TSPCB","08-02-2026 09:00:00",17.540891,78.358528,NO2,7,43,28
India,Telangana,Hyderabad,"Central University, Hyderabad - TSPCB","08-02-2026 09:00:00",17.460103,78.334361,OZONE,14,15,14
India,Telangana,Hyderabad,"ECIL Kapra, Hyderabad - TSPCB","08-02-2026 09:00:00",17.470431,78.566959,NO2,6,54,30
India,Telangana,Hyderabad,"ECIL Kapra, Hyderabad - TSPCB","08-02-2026 09:00:00",17.470431,78.566959,NH3,3,7,6
India,Rajasthan,Udaipur,"Ashok Nagar, Udaipur - RSPCB","08-02-2026 09:00:00",24.5886166,73.6321397,OZONE,5,89,16
India,TamilNadu,Chennai,"Arumbakkam, Chennai - TNPCB","08-02-2026 09:00:00",13.0664,"80.2112 ",PM2.5,61,301,116
India,TamilNadu,Chennai,"Kodungaiyur, Chennai - TNPCB","08-02-2026 09:00:00",13.1278,80.2642,NO2,11,15,13
India,TamilNadu,Chennai,"Kodungaiyur, Chennai - TNPCB","08-02-2026 09:00:00",13.1278,80.2642,OZONE,25,35,31
India,TamilNadu,Chennai,"Manali, Chennai - CPCB","08-02-2026 09:00:00",13.164544,80.26285,SO2,11,26,17
India,TamilNadu,Chennai,"Manali, Chennai - CPCB","08-02-2026 09:00:00",13.164544,80.26285,OZONE,10,10,10
India,TamilNadu,Chennai,"Perungudi, Chennai - TNPCB","08-02-2026 09:00:00",12.9533,80.2357,PM2.5,55,182,95
India,Telangana,Hyderabad,"ICRISAT Patancheru, Hyderabad - TSPCB","08-02-2026 09:00:00",17.518400,78.278777,SO2,2,27,11
India,Telangana,Hyderabad,"ICRISAT Patancheru, Hyderabad - TSPCB","08-02-2026 09:00:00",17.518400,78.278777,CO,6,95,21
India,Telangana,Hyderabad,"IDA Pashamylaram, Hyderabad - TSPCB","08-02-2026 09:00:00",17.5316895,78.218939,PM10,56,154,100
India,Telangana,Hyderabad,"IDA Pashamylaram, Hyderabad - TSPCB","08-02-2026 09:00:00",17.5316895,78.218939,OZONE,18,19,18
India,Telangana,Hyderabad,"IITH Kandi, Hyderabad - TSPCB","08-02-2026 09:00:00",17.585705,78.126199,NO2,14,17,15
India,Telangana,Hyderabad,"Kompally Municipal Office, Hyderabad - TSPCB","08-02-2026 09:00:00",17.544899,78.486949,PM2.5,42,60,55
India,Telangana,Hyderabad,"Kompally Municipal Office, Hyderabad - TSPCB","08-02-2026 09:00:00",17.544899,78.486949,PM10,67,87,82
India,Rajasthan,Sirohi,"Vedhaynath Colony, Sirohi - RSPCB","08-02-2026 09:00:00",24.885261,72.857549,SO2,NA,NA,NA
India,Rajasthan,Sirohi,"Vedhaynath Colony, Sirohi - RSPCB","08-02-2026 09:00:00",24.885261,72.857549,CO,22,54,24
India,Rajasthan,"Sri Ganganagar","Old City, Sri Ganganagar - RSPCB","08-02-2026 09:00:00",29.931624,73.864511,PM10,105,490,196
India,Rajasthan,Tonk,"Shastri Nagar, Tonk - RSPCB","08-02-2026 09:00:00",26.159933,75.780517,PM10,37,135,74
India,Rajasthan,Tonk,"Shastri Nagar, Tonk - RSPCB","08-02-2026 09:00:00",26.159933,75.780517,NH3,6,12,9
India,Rajasthan,Rajsamand,"Dhoinda, Rajsamand - RSPCB","08-02-2026 09:00:00",25.036360,73.883502,PM10,39,155,87
India,Rajasthan,"Sawai Madhopur","Sahu Nagar, Sawai Madhopur - RSPCB","08-02-2026 09:00:00",26.031443,76.359327,PM10,73,458,181
India,Rajasthan,"Sawai Madhopur","Sahu Nagar, Sawai Madhopur - RSPCB","08-02-2026 09:00:00",26.031443,76.359327,OZONE,9,173,22
India,Rajasthan,Jhunjhunu,"Indra Nagar, Jhunjhunu - RSPCB","08-02-2026 09:00:00",28.108988,75.386577,PM2.5,17,304,81
India,Rajasthan,Jhunjhunu,"Indra Nagar, Jhunjhunu - RSPCB","08-02-2026 09:00:00",28.108988,75.386577,PM10,58,298,116
India,Rajasthan,Jhunjhunu,"Indra Nagar, Jhunjhunu - RSPCB","08-02-2026 09:00:00",28.108988,75.386577,SO2,4,11,7
India,Telangana,Hyderabad,"Ramachandrapuram, Hyderabad - TSPCB","08-02-2026 09:00:00",17.528544,78.286195,OZONE,24,35,24
India,Telangana,Hyderabad,"Sanathnagar, Hyderabad - TSPCB","08-02-2026 09:00:00",17.4559458,78.4332152,NO2,3,99,56
India,Telangana,Hyderabad,"Somajiguda, Hyderabad - TSPCB","08-02-2026 09:00:00",17.417094,78.457437,CO,10,55,35
India,Tripura,Agartala,"Bardowali, Agartala - Tripura SPCB","08-02-2026 09:00:00",23.8175497,91.2726974,PM10,25,101,51
India,Tripura,Agartala,"Bardowali, Agartala - Tripura SPCB","08-02-2026 09:00:00",23.8175497,91.2726974,NH3,3,4,4
India,Tripura,Agartala,"Bardowali, Agartala - Tripura SPCB","08-02-2026 09:00:00",23.8175497,91.2726974,SO2,8,9,8
India,Uttar_Pradesh,Agra,"Manoharpur, Agra - UPPCB","08-02-2026 09:00:00",27.23711,78.01936,PM10,23,116,73
India,Uttar_Pradesh,Ghaziabad,"Sanjay Nagar, Ghaziabad - UPPCB","08-02-2026 09:00:00",28.685382,77.453839,PM10,110,267,186
India,Uttar_Pradesh,Ghaziabad,"Sanjay Nagar, Ghaziabad - UPPCB","08-02-2026 09:00:00",28.685382,77.453839,NH3,5,34,9
India,Uttar_Pradesh,Ghaziabad,"Sanjay Nagar, Ghaziabad - UPPCB","08-02-2026 09:00:00",28.685382,77.453839,CO,14,62,34
India,Uttar_Pradesh,Ghaziabad,"Vasundhara, Ghaziabad - UPPCB","08-02-2026 09:00:00",28.6603346,77.3572563,NH3,6,14,8
India,Uttar_Pradesh,Gorakhpur,"Madan Mohan Malaviya University of Technology, Gorakhpur - UPPCB","08-02-2026 09:00:00",26.730136,83.433859,SO2,37,43,38
India,Uttar_Pradesh,"Greater Noida","Knowledge Park - III, Greater Noida - UPPCB","08-02-2026 09:00:00",28.47272,77.482000,CO,10,133,76
India,Uttar_Pradesh,"Greater Noida","Knowledge Park - III, Greater Noida - UPPCB","08-02-2026 09:00:00",28.47272,77.482000,OZONE,4,88,16
India,Uttar_Pradesh,Lucknow,"B R Ambedkar University, Lucknow - UPPCB","08-02-2026 09:00:00",26.766433,80.927299,CO,6,17,14
India,Uttar_Pradesh,Lucknow,"Gomti Nagar, Lucknow - UPPCB","08-02-2026 09:00:00",26.868120,81.005119,NO2,6,9,7
India,Uttar_Pradesh,Lucknow,"Kendriya Vidyalaya, Lucknow - CPCB","08-02-2026 09:00:00",26.906111,80.948222,PM10,31,222,120
India,Uttar_Pradesh,Lucknow,"Kukrail Picnic Spot-1, Lucknow - UPPCB","08-02-2026 09:00:00",26.90723,80.98579,SO2,44,49,45
India,Uttar_Pradesh,Lucknow,"Kukrail Picnic Spot-1, Lucknow - UPPCB","08-02-2026 09:00:00",26.90723,80.98579,OZONE,8,32,11
India,Uttar_Pradesh,Jhansi,"Shivaji Nagar, Jhansi - UPPCB","08-02-2026 09:00:00",25.4547,78.6039,PM10,30,134,78
India,Uttar_Pradesh,Kanpur,"FTI Kidwai Nagar, Kanpur - UPPCB","08-02-2026 09:00:00",26.428282,80.327067,PM2.5,10,72,41
India,Uttar_Pradesh,Kanpur,"FTI Kidwai Nagar, Kanpur - UPPCB","08-02-2026 09:00:00",26.428282,80.327067,NH3,5,5,5
India,Uttar_Pradesh,Kanpur,"NSI Kalyanpur, Kanpur - UPPCB","08-02-2026 09:00:00",26.509954,80.249612,PM10,58,103,80
India,Uttar_Pradesh,Kanpur,"NSI Kalyanpur, Kanpur - UPPCB","08-02-2026 09:00:00",26.509954,80.249612,NH3,5,5,5
India,Uttar_Pradesh,Baghpat,"Sardar Patel Inter College, Baghpat - UPPCB","08-02-2026 09:00:00",28.964949,77.278761,NO2,17,31,22
India,Uttar_Pradesh,Bareilly,"Civil Lines, Bareilly - UPPCB","08-02-2026 09:00:00",28.359581,79.414455,NO2,2,3,2
India,Uttar_Pradesh,Bareilly,"Rajendra Nagar, Bareilly - UPPCB","08-02-2026 09:00:00",28.38910936,79.42963708,PM2.5,28,46,38
India,Uttar_Pradesh,Agra,"Sanjay Palace, Agra - UPPCB","08-02-2026 09:00:00",27.19865833,78.00598056,OZONE,3,84,18
India,Uttar_Pradesh,Agra,"Sector-3B Avas Vikas Colony, Agra - UPPCB","08-02-2026 09:00:00",27.19412,77.96237,NO2,35,36,36
India,Uttar_Pradesh,Agra,"Shastripuram, Agra - UPPCB","08-02-2026 09:00:00",27.19862,77.92066,SO2,16,27,21
India,Uttar_Pradesh,Firozabad,"Vibhab Nagar, Firozabad - UPPCB","08-02-2026 09:00:00",27.1594,78.3953,PM2.5,27,74,52
India,Uttar_Pradesh,Firozabad,"Vibhab Nagar, Firozabad - UPPCB","08-02-2026 09:00:00",27.1594,78.3953,PM10,24,65,45
India,Uttar_Pradesh,Firozabad,"Vibhab Nagar, Firozabad - UPPCB","08-02-2026 09:00:00",27.1594,78.3953,NO2,15,15,15
India,Uttar_Pradesh,Firozabad,"Vibhab Nagar, Firozabad - UPPCB","08-02-2026 09:00:00",27.1594,78.3953,SO2,17,20,18
India,Telangana,Hyderabad,"Nacharam_TSIIC IALA, Hyderabad - TSPCB","08-02-2026 09:00:00",17.429398,78.569354,PM2.5,46,67,55
India,Telangana,Hyderabad,"New Malakpet, Hyderabad - TSPCB","08-02-2026 09:00:00",17.37206,78.50864,NH3,2,3,3
India,Uttar_Pradesh,Agra,"Rohta, Agra - UPPCB","08-02-2026 09:00:00",27.106972,78.000111,NO2,15,16,15
India,Uttar_Pradesh,Agra,"Rohta, Agra - UPPCB","08-02-2026 09:00:00",27.106972,78.000111,NH3,6,6,6
India,Uttar_Pradesh,Agra,"Rohta, Agra - UPPCB","08-02-2026 09:00:00",27.106972,78.000111,CO,14,28,17
India,West_Bengal,Durgapur,"Womens College_City Center, Durgapur - WBPCB","08-02-2026 09:00:00",23.549395,87.300496,NO2,27,39,31
India,West_Bengal,Haldia,"Priyambada Housing Estate, Haldia - WBPCB","08-02-2026 09:00:00",22.06047,88.109737,PM10,34,160,90
India,West_Bengal,Haldia,"Priyambada Housing Estate, Haldia - WBPCB","08-02-2026 09:00:00",22.06047,88.109737,NO2,14,54,25
India,West_Bengal,Howrah,"Belur Math, Howrah - WBPCB","08-02-2026 09:00:00",22.629801,88.352017,PM2.5,51,298,144
India,West_Bengal,Howrah,"Belur Math, Howrah - WBPCB","08-02-2026 09:00:00",22.629801,88.352017,OZONE,14,43,15
India,West_Bengal,Howrah,"Botanical Garden, Howrah - WBPCB","08-02-2026 09:00:00",22.554954,88.292568,NO2,11,64,38
India,West_Bengal,Howrah,"Botanical Garden, Howrah - WBPCB","08-02-2026 09:00:00",22.554954,88.292568,NH3,1,3,2
India,West_Bengal,Howrah,"Botanical Garden, Howrah - WBPCB","08-02-2026 09:00:00",22.554954,88.292568,SO2,4,8,6
India,West_Bengal,Howrah,"Dasnagar, Howrah - WBPCB","08-02-2026 09:00:00",22.6025571,88.3105664,NH3,5,7,6
India,West_Bengal,Howrah,"Dasnagar, Howrah - WBPCB","08-02-2026 09:00:00",22.6025571,88.3105664,SO2,8,82,23
India,Uttar_Pradesh,Moradabad,"Kashiram Nagar, Moradabad - UPPCB","08-02-2026 09:00:00",28.849399,78.742362,CO,22,34,28
India,Uttar_Pradesh,Moradabad,"Transport Nagar, Moradabad - UPPCB","08-02-2026 09:00:00",28.802625,78.753728,OZONE,27,55,28
India,Uttar_Pradesh,Muzaffarnagar,"New Mandi, Muzaffarnagar - UPPCB","08-02-2026 09:00:00",29.4723508,77.7194031,NO2,33,54,42
India,Uttar_Pradesh,Muzaffarnagar,"New Mandi, Muzaffarnagar - UPPCB","08-02-2026 09:00:00",29.4723508,77.7194031,NH3,7,11,9
India,Uttar_Pradesh,Muzaffarnagar,"New Mandi, Muzaffarnagar - UPPCB","08-02-2026 09:00:00",29.4723508,77.7194031,SO2,3,24,11
India,Uttar_Pradesh,Noida,"Sector - 125, Noida - UPPCB","08-02-2026 09:00:00",28.5447608,77.3231257,CO,26,113,37
India,Uttar_Pradesh,Noida,"Sector-1, Noida - UPPCB","08-02-2026 09:00:00",28.5898,77.3101,PM10,104,173,136
India,Uttar_Pradesh,Varanasi,"IESD Banaras Hindu University, Varanasi - UPPCB","08-02-2026 09:00:00",25.262326,82.995408,OZONE,NA,NA,NA
India,Uttar_Pradesh,Varanasi,"Maldahiya, Varanasi - UPPCB","08-02-2026 09:00:00",25.32393,82.99687,PM2.5,NA,NA,NA
India,Uttar_Pradesh,Vrindavan,"Omex Eternity, Vrindavan - UPPCB","08-02-2026 09:00:00",27.5714090,77.6557570,PM2.5,20,195,57
India,Uttarakhand,Dehradun,"Doon University, Dehradun - UKPCB","08-02-2026 09:00:00",30.269444,78.044167,PM2.5,33,141,94
India,Uttarakhand,Dehradun,"Doon University, Dehradun - UKPCB","08-02-2026 09:00:00",30.269444,78.044167,NO2,1,5,2
India,Uttarakhand,Rishikesh,"Shivaji Nagar, Rishikesh - UKPCB","08-02-2026 09:00:00",30.075911,78.2859547,PM10,37,37,37
India,Uttar_Pradesh,Lucknow,"Lalbagh, Lucknow - CPCB","08-02-2026 09:00:00",26.8458805,80.9365541,OZONE,1,31,3
India,Uttar_Pradesh,Lucknow,"Talkatora District Industries Center, Lucknow - CPCB","08-02-2026 09:00:00",26.83399722,80.8917361,NH3,11,13,11
India,Uttar_Pradesh,Lucknow,"Talkatora District Industries Center, Lucknow - CPCB","08-02-2026 09:00:00",26.83399722,80.8917361,CO,35,58,45
India,Uttar_Pradesh,Meerut,"Ganga Nagar, Meerut - UPPCB","08-02-2026 09:00:00",28.999264,77.7590354,PM10,70,145,111
India,Uttar_Pradesh,Meerut,"Ganga Nagar, Meerut - UPPCB","08-02-2026 09:00:00",28.999264,77.7590354,NH3,9,12,11
India,Uttar_Pradesh,Meerut,"Ganga Nagar, Meerut - UPPCB","08-02-2026 09:00:00",28.999264,77.7590354,CO,16,44,20
India,Uttar_Pradesh,Meerut,"Jai Bhim Nagar, Meerut - UPPCB","08-02-2026 09:00:00",28.9535882,77.7622941,OZONE,39,133,50
India,West_Bengal,Barrackpore,"SVSPA Campus, Barrackpore - WBPCB","08-02-2026 09:00:00",22.7605581,88.3617589,NO2,9,54,28
India,West_Bengal,Barrackpore,"SVSPA Campus, Barrackpore - WBPCB","08-02-2026 09:00:00",22.7605581,88.3617589,CO,60,106,95
India,West_Bengal,Barrackpore,"SVSPA Campus, Barrackpore - WBPCB","08-02-2026 09:00:00",22.7605581,88.3617589,OZONE,2,63,4
India,West_Bengal,Durgapur,"Mahishkapur Road_B-Zone, Durgapur - WBPCB","08-02-2026 09:00:00",23.567923,87.306843,PM10,47,117,96
India,West_Bengal,Durgapur,"Mahishkapur Road_B-Zone, Durgapur - WBPCB","08-02-2026 09:00:00",23.567923,87.306843,NO2,12,82,42
India,West_Bengal,Durgapur,"PCBL Residential Complex, Durgapur - WBPCB","08-02-2026 09:00:00",23.5087640,87.3544400,NO2,32,66,48
India,West_Bengal,Durgapur,"PCBL Residential Complex, Durgapur - WBPCB","08-02-2026 09:00:00",23.5087640,87.3544400,SO2,4,10,6
India,Uttarakhand,Rishikesh,"Shivaji Nagar, Rishikesh - UKPCB","08-02-2026 09:00:00",30.075911,78.2859547,NH3,25,25,25
India,West_Bengal,Asansol,"Evelyn Lodge, Asansol - WBPCB","08-02-2026 09:00:00",23.6979360,86.9443950,SO2,5,14,8
India,West_Bengal,Asansol,"Mahabir Colliery, Asansol - WBPCB","08-02-2026 09:00:00",23.6181830,87.1057180,OZONE,4,42,5
India,West_Bengal,Asansol,"Trivenidevi Bhalotia College, Asansol - WBPCB","08-02-2026 09:00:00",23.616515,87.119133,NH3,7,7,7
India,West_Bengal,Asansol,"Trivenidevi Bhalotia College, Asansol - WBPCB","08-02-2026 09:00:00",23.616515,87.119133,OZONE,4,19,5
India,Uttar_Pradesh,Prayagraj,"Motilal Nehru NIT, Prayagraj - UPPCB","08-02-2026 09:00:00",25.494,81.863,SO2,11,55,41
India,Uttar_Pradesh,Prayagraj,"Nagar Nigam, Prayagraj - UPPCB","08-02-2026 09:00:00","25.44919916 ","81.82735986 ",NO2,5,5,5
India,Uttar_Pradesh,Varanasi,"Ardhali Bazar, Varanasi - UPPCB","08-02-2026 09:00:00",25.3505986,82.9083074,PM10,48,126,79
India,Uttar_Pradesh,Varanasi,"Bhelupur, Varanasi - UPPCB","08-02-2026 09:00:00",25.301778,82.996789,NO2,8,8,8
India,Uttar_Pradesh,Meerut,"Pallavpuram Phase 2, Meerut - UPPCB","08-02-2026 09:00:00",29.063510,77.709723,OZONE,13,99,22
India,Uttar_Pradesh,Moradabad,"Employment Office, Moradabad - UPPCB","08-02-2026 09:00:00",28.88528,78.73880,SO2,23,28,24
India,Uttar_Pradesh,Meerut,"Pallavpuram Phase 2, Meerut - UPPCB","08-02-2026 09:00:00",29.063510,77.709723,SO2,7,27,13
India,Uttar_Pradesh,Meerut,"Pallavpuram Phase 2, Meerut - UPPCB","08-02-2026 09:00:00",29.063510,77.709723,CO,2,57,31
India,West_Bengal,Howrah,"Ghusuri, Howrah - WBPCB","08-02-2026 09:00:00",22.611968,88.347422,NO2,18,31,24
India,West_Bengal,Howrah,"Ghusuri, Howrah - WBPCB","08-02-2026 09:00:00",22.611968,88.347422,NH3,7,20,12
India,West_Bengal,Howrah,"Ghusuri, Howrah - WBPCB","08-02-2026 09:00:00",22.611968,88.347422,SO2,13,22,16
India,West_Bengal,Howrah,"Padmapukur, Howrah - WBPCB","08-02-2026 09:00:00",22.5687319,88.2797276,PM10,100,403,187
India,West_Bengal,Howrah,"Padmapukur, Howrah - WBPCB","08-02-2026 09:00:00",22.5687319,88.2797276,NH3,4,33,11
India,West_Bengal,Kolkata,"Ballygunge, Kolkata - WBPCB","08-02-2026 09:00:00",22.5367507,88.3638022,CO,18,112,87
India,West_Bengal,Kolkata,"Bidhannagar, Kolkata - WBPCB","08-02-2026 09:00:00",22.58157048,88.41002457,PM10,65,157,105
India,West_Bengal,Kolkata,"Bidhannagar, Kolkata - WBPCB","08-02-2026 09:00:00",22.58157048,88.41002457,SO2,1,10,5
India,West_Bengal,Kolkata,"Jadavpur, Kolkata - WBPCB","08-02-2026 09:00:00",22.49929,88.36917,NO2,22,68,40
India,West_Bengal,Kolkata,"Jadavpur, Kolkata - WBPCB","08-02-2026 09:00:00",22.49929,88.36917,SO2,4,7,5
India,West_Bengal,Kolkata,"Rabindra Bharati University, Kolkata - WBPCB","08-02-2026 09:00:00",22.627847,88.380669,PM10,81,216,136
India,West_Bengal,Kolkata,"Rabindra Sarobar, Kolkata - WBPCB","08-02-2026 09:00:00",22.51106,88.35142,PM10,55,168,98
India,West_Bengal,Kolkata,"Rabindra Sarobar, Kolkata - WBPCB","08-02-2026 09:00:00",22.51106,88.35142,SO2,7,48,18
India,Bihar,Begusarai,"Lohiyanagar, Begusarai - BSPCB","08-02-2026 09:00:00",25.42742023,86.13886079,PM10,53,103,80
India,Bihar,Begusarai,"Lohiyanagar, Begusarai - BSPCB","08-02-2026 09:00:00",25.42742023,86.13886079,NH3,10,11,11
India,Bihar,Begusarai,"Lohiyanagar, Begusarai - BSPCB","08-02-2026 09:00:00",25.42742023,86.13886079,SO2,21,27,24
India,Bihar,Begusarai,"Lohiyanagar, Begusarai - BSPCB","08-02-2026 09:00:00",25.42742023,86.13886079,CO,57,72,66
India,Bihar,Begusarai,"Lohiyanagar, Begusarai - BSPCB","08-02-2026 09:00:00",25.42742023,86.13886079,OZONE,29,140,32
India,Bihar,Bettiah,"Kamalnath Nagar, Bettiah - BSPCB","08-02-2026 09:00:00",26.80365,84.51954,PM2.5,35,143,82
India,Bihar,Bettiah,"Kamalnath Nagar, Bettiah - BSPCB","08-02-2026 09:00:00",26.80365,84.51954,NH3,1,1,1
India,Bihar,Bhagalpur,"DM Office_Kachari Chowk, Bhagalpur - BSPCB","08-02-2026 09:00:00",25.251013,86.989001,NO2,6,12,9
India,Bihar,Bhagalpur,"DM Office_Kachari Chowk, Bhagalpur - BSPCB","08-02-2026 09:00:00",25.251013,86.989001,OZONE,12,27,16
India,Bihar,Bhagalpur,"Mayaganj, Bhagalpur - BSPCB","08-02-2026 09:00:00",25.265194,87.012947,NO2,7,8,7
India,Bihar,Bhagalpur,"Mayaganj, Bhagalpur - BSPCB","08-02-2026 09:00:00",25.265194,87.012947,CO,64,82,74
India,Bihar,"Bihar Sharif","D M Colony, Bihar Sharif - BSPCB","08-02-2026 09:00:00",25.204762,85.514960,SO2,9,10,10
India,Bihar,Buxar,"Charitra Van, Buxar - BSPCB","08-02-2026 09:00:00",25.567520,83.966379,PM2.5,55,77,66
India,Assam,Nalbari,"Bata Chowk, Nalbari - PCBA","08-02-2026 09:00:00",26.446912,91.439057,PM10,NA,NA,NA
India,Assam,Silchar,"Tarapur, Silchar - PCBA","08-02-2026 09:00:00",24.82827,92.79525,SO2,4,6,4
India,Assam,Sivasagar,"Girls College, Sivasagar - PCBA","08-02-2026 09:00:00",26.987634,94.636574,PM10,36,92,61
India,Assam,Sivasagar,"Girls College, Sivasagar - PCBA","08-02-2026 09:00:00",26.987634,94.636574,SO2,9,12,10
India,Assam,Sivasagar,"Girls College, Sivasagar - PCBA","08-02-2026 09:00:00",26.987634,94.636574,OZONE,4,86,12
India,Bihar,Araria,"Kharahiya Basti, Araria - BSPCB","08-02-2026 09:00:00",26.146529,87.454184,PM2.5,35,207,98
India,Bihar,Araria,"Kharahiya Basti, Araria - BSPCB","08-02-2026 09:00:00",26.146529,87.454184,PM10,30,125,78
India,Bihar,Araria,"Kharahiya Basti, Araria - BSPCB","08-02-2026 09:00:00",26.146529,87.454184,NO2,1,7,3
India,Bihar,Arrah,"New DM Office, Arrah - BSPCB","08-02-2026 09:00:00",25.5626095,84.663264,PM10,27,59,41
India,Bihar,Arrah,"New DM Office, Arrah - BSPCB","08-02-2026 09:00:00",25.5626095,84.663264,NO2,7,8,7
India,Bihar,Aurangabad,"Gurdeo Nagar, Aurangabad - BSPCB","08-02-2026 09:00:00",24.75746,84.366208,PM2.5,NA,NA,NA
India,Bihar,Aurangabad,"Gurdeo Nagar, Aurangabad - BSPCB","08-02-2026 09:00:00",24.75746,84.366208,NH3,1,2,2
India,Bihar,Kishanganj,"SDM Office_Khagra, Kishanganj - BSPCB","08-02-2026 09:00:00",26.0881305,87.93840336,NH3,3,3,3
India,Bihar,Manguraha,"Forest Rest House, Manguraha - BSPCB","08-02-2026 09:00:00",27.308328,84.531742,PM2.5,NA,NA,NA
India,Bihar,Munger,"Town Hall, Munger - BSPCB","08-02-2026 09:00:00",25.376776,86.471523,PM10,57,112,73
India,Bihar,Munger,"Town Hall, Munger - BSPCB","08-02-2026 09:00:00",25.376776,86.471523,SO2,22,33,29
India,Bihar,Muzaffarpur,"Buddha Colony, Muzaffarpur - BSPCB","08-02-2026 09:00:00",26.11442,85.39813,PM10,124,205,159
India,Bihar,Muzaffarpur,"Buddha Colony, Muzaffarpur - BSPCB","08-02-2026 09:00:00",26.11442,85.39813,NO2,26,69,38
India,Bihar,Muzaffarpur,"MIT-Daudpur Kothi, Muzaffarpur - BSPCB","08-02-2026 09:00:00",26.1403345,85.3650192,PM2.5,92,120,97
India,Bihar,Chhapra,"Darshan Nagar, Chhapra - BSPCB","08-02-2026 09:00:00",25.7808257,84.7446768,NO2,1,2,1
India,Bihar,Chhapra,"Darshan Nagar, Chhapra - BSPCB","08-02-2026 09:00:00",25.7808257,84.7446768,NH3,6,11,9
India,Bihar,Chhapra,"Darshan Nagar, Chhapra - BSPCB","08-02-2026 09:00:00",25.7808257,84.7446768,OZONE,3,6,4
India,Bihar,Gaya,"Collectorate, Gaya - BSPCB","08-02-2026 09:00:00",24.7955,84.9994,PM2.5,59,239,129
India,Bihar,Gaya,"Collectorate, Gaya - BSPCB","08-02-2026 09:00:00",24.7955,84.9994,OZONE,17,19,18
India,Bihar,Gaya,"Kareemganj, Gaya - BSPCB","08-02-2026 09:00:00",24.792403,84.992416,OZONE,16,31,25
India,Bihar,Hajipur,"Industrial Area, Hajipur - BSPCB","08-02-2026 09:00:00",25.697189,85.245900,OZONE,27,181,41
India,Bihar,Katihar,"Mirchaibari, Katihar - BSPCB","08-02-2026 09:00:00",25.560083,87.553265,NO2,9,10,9
India,Andhra_Pradesh,Chittoor,"Gangineni Cheruvu, Chittoor - APPCB","08-02-2026 09:00:00",13.204880,79.097889,CO,NA,NA,NA
India,Andhra_Pradesh,Chittoor,"Gangineni Cheruvu, Chittoor - APPCB","08-02-2026 09:00:00",13.204880,79.097889,OZONE,NA,NA,NA
India,Andhra_Pradesh,Rajamahendravaram,"Anand Kala Kshetram, Rajamahendravaram - APPCB","08-02-2026 09:00:00",16.9872867,81.7363176,NO2,9,55,35
India,Andhra_Pradesh,Tirumala,"Toll Gate, Tirumala - APPCB","08-02-2026 09:00:00",13.67,79.35,PM10,80,131,109
India,Andhra_Pradesh,Tirumala,"Toll Gate, Tirumala - APPCB","08-02-2026 09:00:00",13.67,79.35,CO,21,51,34
India,Andhra_Pradesh,Tirumala,"Toll Gate, Tirumala - APPCB","08-02-2026 09:00:00",13.67,79.35,OZONE,17,75,46
India,Andhra_Pradesh,Tirupati,"Vaikuntapuram, Tirupati - APPCB","08-02-2026 09:00:00",13.615387,79.409230,PM2.5,NA,NA,NA
India,Andhra_Pradesh,Tirupati,"Vaikuntapuram, Tirupati - APPCB","08-02-2026 09:00:00",13.615387,79.409230,SO2,NA,NA,NA
India,Arunachal_Pradesh,Naharlagun,"Naharlagun, Naharlagun - APSPCB","08-02-2026 09:00:00",27.103358,93.679645,CO,16,44,20
India,Assam,Byrnihat,"Central Academy for SFS, Byrnihat - PCBA","08-02-2026 09:00:00",26.071318,91.87488,NO2,3,9,7
India,Assam,Guwahati,"LGBI Airport, Guwahati - PCBA","08-02-2026 09:00:00",26.10887,91.589544,PM10,35,150,91
India,Assam,Nagaon,"Christianpatty, Nagaon - PCBA","08-02-2026 09:00:00",26.349082,92.68449,NH3,4,4,4
India,Assam,Nagaon,"Christianpatty, Nagaon - PCBA","08-02-2026 09:00:00",26.349082,92.68449,SO2,9,15,13
India,Bihar,Patna,"Rajbansi Nagar, Patna - BSPCB","08-02-2026 09:00:00",25.599486,85.113666,OZONE,5,214,13
India,Bihar,Patna,"Samanpura, Patna - BSPCB","08-02-2026 09:00:00",25.596727,85.085624,PM10,106,139,123
India,Bihar,Patna,"Samanpura, Patna - BSPCB","08-02-2026 09:00:00",25.596727,85.085624,SO2,5,7,6
India,Bihar,Purnia,"Mariam Nagar, Purnia - BSPCB","08-02-2026 09:00:00",25.366336,87.117468,PM10,60,99,77
India,Bihar,Rajgir,"Dangi Tola, Rajgir - BSPCB","08-02-2026 09:00:00",25.03280,85.41948,NO2,NA,NA,NA
India,Bihar,Rajgir,"Dangi Tola, Rajgir - BSPCB","08-02-2026 09:00:00",25.03280,85.41948,OZONE,30,36,33
India,Andhra_Pradesh,Vijayawada,"HB Colony, Vijayawada - APPCB","08-02-2026 09:00:00",16.536107,80.594233,NH3,4,4,4
India,Andhra_Pradesh,Vijayawada,"HB Colony, Vijayawada - APPCB","08-02-2026 09:00:00",16.536107,80.594233,CO,30,32,31
India,Andhra_Pradesh,Vijayawada,"HB Colony, Vijayawada - APPCB","08-02-2026 09:00:00",16.536107,80.594233,OZONE,2,21,3
India,Andhra_Pradesh,Vijayawada,"Kanuru, Vijayawada - APPCB","08-02-2026 09:00:00",16.486692,80.699436,PM2.5,55,121,65
India,Andhra_Pradesh,Vijayawada,"Rajiv Gandhi Park, Vijayawada - APPCB","08-02-2026 09:00:00",16.509717,80.612222,SO2,NA,NA,NA
India,Andhra_Pradesh,Vijayawada,"Rajiv Nagar, Vijayawada - APPCB","08-02-2026 09:00:00",16.554731,80.649110,PM2.5,10,76,61
India,Bihar,Patna,"Govt. High School Shikarpur, Patna - BSPCB","08-02-2026 09:00:00",25.592539,85.227158,PM2.5,9,78,42
India,Bihar,Patna,"Govt. High School Shikarpur, Patna - BSPCB","08-02-2026 09:00:00",25.592539,85.227158,NO2,15,59,32
India,Bihar,Patna,"IGSC Planetarium Complex, Patna - BSPCB","08-02-2026 09:00:00",25.610369,85.132568,SO2,16,21,18
India,Bihar,Patna,"IGSC Planetarium Complex, Patna - BSPCB","08-02-2026 09:00:00",25.610369,85.132568,OZONE,28,29,29
India,Bihar,Patna,"Rajbansi Nagar, Patna - BSPCB","08-02-2026 09:00:00",25.599486,85.113666,NO2,16,33,21
India,Andhra_Pradesh,Amaravati,"Secretariat, Amaravati - APPCB","08-02-2026 09:00:00",16.5150833,80.5181667,PM2.5,35,223,90
India,Andhra_Pradesh,Amaravati,"Secretariat, Amaravati - APPCB","08-02-2026 09:00:00",16.5150833,80.5181667,OZONE,1,61,5
India,Andhra_Pradesh,Anantapur,"Gulzarpet, Anantapur - APPCB","08-02-2026 09:00:00",14.675886,77.593027,NO2,20,20,20
India,Chhattisgarh,Raipur,"Krishak Nagar, Raipur - CECB","08-02-2026 09:00:00",21.237755,81.705301,PM2.5,25,92,54
India,Chhattisgarh,Tumidih,"OP Jindal Industrial Park, Tumidih - CECB","08-02-2026 09:00:00",22.06631475,83.33820077,PM2.5,18,91,57
India,Chhattisgarh,Tumidih,"OP Jindal Industrial Park, Tumidih - CECB","08-02-2026 09:00:00",22.06631475,83.33820077,NH3,1,2,2
India,Chhattisgarh,Tumidih,"OP Jindal Industrial Park, Tumidih - CECB","08-02-2026 09:00:00",22.06631475,83.33820077,CO,2,37,16
India,Delhi,Delhi,"Alipur, Delhi - DPCC","08-02-2026 09:00:00",28.815329,77.153010,PM10,NA,NA,NA
India,Delhi,Delhi,"Alipur, Delhi - DPCC","08-02-2026 09:00:00",28.815329,77.153010,NH3,7,18,15
India,Delhi,Delhi,"Anand Vihar, Delhi - DPCC","08-02-2026 09:00:00",28.647622,77.3158090,NO2,21,73,48
India,Delhi,Delhi,"Anand Vihar, Delhi - DPCC","08-02-2026 09:00:00",28.647622,77.3158090,CO,51,96,64
India,Delhi,Delhi,"Ashok Vihar, Delhi - DPCC","08-02-2026 09:00:00",28.695381,77.181665,PM2.5,123,321,239
India,Chhattisgarh,Bhilai,"Hathkhoj, Bhilai - CECB","08-02-2026 09:00:00",21.224231,81.408350,PM2.5,3,198,46
India,Chhattisgarh,Bhilai,"Hathkhoj, Bhilai - CECB","08-02-2026 09:00:00",21.224231,81.408350,NH3,4,8,5
India,Chhattisgarh,Bhilai,"Hathkhoj, Bhilai - CECB","08-02-2026 09:00:00",21.224231,81.408350,SO2,6,70,25
India,Chhattisgarh,Bhilai,"Hathkhoj, Bhilai - CECB","08-02-2026 09:00:00",21.224231,81.408350,OZONE,3,12,7
India,Chhattisgarh,Bilaspur,"Mangala, Bilaspur - NTPC","08-02-2026 09:00:00",22.08815,82.13737,PM2.5,19,65,40
India,Chhattisgarh,Bilaspur,"Mangala, Bilaspur - NTPC","08-02-2026 09:00:00",22.08815,82.13737,PM10,36,73,55
India,Chhattisgarh,Bilaspur,"Mangala, Bilaspur - NTPC","08-02-2026 09:00:00",22.08815,82.13737,SO2,11,18,13
India,Chhattisgarh,Bilaspur,"Mangala, Bilaspur - NTPC","08-02-2026 09:00:00",22.08815,82.13737,CO,4,51,31
India,Chhattisgarh,Korba,"Rampur, Korba - CECB","08-02-2026 09:00:00",22.368195,82.746431,OZONE,2,14,2
India,Bihar,Sasaram,"Dada Peer, Sasaram - BSPCB","08-02-2026 09:00:00",24.952822,84.002396,PM10,20,72,41
India,Bihar,Sasaram,"Dada Peer, Sasaram - BSPCB","08-02-2026 09:00:00",24.952822,84.002396,SO2,3,5,5
India,Bihar,Sasaram,"Dada Peer, Sasaram - BSPCB","08-02-2026 09:00:00",24.952822,84.002396,CO,48,66,54
India,Bihar,Siwan,"Chitragupta Nagar, Siwan - BSPCB","08-02-2026 09:00:00",26.2271665,84.3570427,PM2.5,52,98,76
India,Bihar,Siwan,"Chitragupta Nagar, Siwan - BSPCB","08-02-2026 09:00:00",26.2271665,84.3570427,SO2,8,9,8
India,Chandigarh,Chandigarh,"Sector 22, Chandigarh - CPCC","08-02-2026 09:00:00",30.735567,76.775714,OZONE,10,130,41
India,Chhattisgarh,Kunjemura,"OP Jindal School, Kunjemura - CECB","08-02-2026 09:00:00",22.126650,83.483212,OZONE,1,44,1
India,Chhattisgarh,Milupara,"Govt. Higher Secondary School, Milupara - CECB","08-02-2026 09:00:00",22.1910172,83.5197009,PM10,33,195,74
India,Chhattisgarh,Raipur,"Bhatagaon New ISBT, Raipur - CECB","08-02-2026 09:00:00",21.219665,81.630094,PM2.5,11,102,61
India,Chhattisgarh,Raipur,"Bhatagaon New ISBT, Raipur - CECB","08-02-2026 09:00:00",21.219665,81.630094,NO2,1,58,32
India,Chhattisgarh,Raipur,"Bhatagaon New ISBT, Raipur - CECB","08-02-2026 09:00:00",21.219665,81.630094,NH3,2,2,2
India,Delhi,Delhi,"Burari Crossing, Delhi - IMD","08-02-2026 09:00:00",28.7256504,77.2011573,OZONE,13,148,27
India,Delhi,Delhi,"CRRI Mathura Road, Delhi - IMD","08-02-2026 09:00:00",28.5512005,77.2735737,NO2,17,43,31
India,Delhi,Delhi,"CRRI Mathura Road, Delhi - IMD","08-02-2026 09:00:00",28.5512005,77.2735737,CO,6,61,22
India,Delhi,Delhi,"Chandni Chowk, Delhi - IITM","08-02-2026 09:00:00",28.656756,77.227234,SO2,16,45,26
India,Delhi,Delhi,"Chandni Chowk, Delhi - IITM","08-02-2026 09:00:00",28.656756,77.227234,CO,70,110,86
India,Delhi,Delhi,"DTU, Delhi - CPCB","08-02-2026 09:00:00",28.7500499,77.1112615,NO2,35,47,37
India,Delhi,Delhi,"Dwarka-Sector 8, Delhi - DPCC ","08-02-2026 09:00:00",28.5710274,77.0719006,PM2.5,113,316,216
India,Delhi,Delhi,"Dwarka-Sector 8, Delhi - DPCC ","08-02-2026 09:00:00",28.5710274,77.0719006,SO2,24,38,29
India,Delhi,Delhi,"IGI Airport (T3), Delhi - IMD","08-02-2026 09:00:00",28.5627763,77.1180053,PM10,109,171,132
India,Delhi,Delhi,"IGI Airport (T3), Delhi - IMD","08-02-2026 09:00:00",28.5627763,77.1180053,OZONE,5,58,11
India,Chhattisgarh,Bhilai,"Civic Center, Bhilai - Bhilai Steel Plant","08-02-2026 09:00:00",21.185571,81.343175,PM2.5,5,117,36
India,Gujarat,Gandhinagar,"GIFT City, Gandhinagar - IITM","08-02-2026 09:00:00",23.163798,72.677768,SO2,5,14,9
India,Gujarat,Gandhinagar,"GIFT City, Gandhinagar - IITM","08-02-2026 09:00:00",23.163798,72.677768,OZONE,1,64,22
India,Gujarat,Gandhinagar,"IIPHG Lekawada, Gandhinagar - IITM","08-02-2026 09:00:00",23.243639,72.68994,PM2.5,74,216,109
India,Gujarat,Gandhinagar,"IIPHG Lekawada, Gandhinagar - IITM","08-02-2026 09:00:00",23.243639,72.68994,CO,26,88,50
India,Gujarat,Gandhinagar,"Sector-10, Gandhinagar - GPCB","08-02-2026 09:00:00",23.221714,72.654328,OZONE,17,74,23
India,Gujarat,Mehsana,"Sadanand Nagar, Mehsana - Nexteng Enviro","08-02-2026 09:00:00",23.593150,72.372792,PM2.5,28,178,73
India,Gujarat,Mehsana,"Sadanand Nagar, Mehsana - Nexteng Enviro","08-02-2026 09:00:00",23.593150,72.372792,NO2,26,40,32
India,Gujarat,Rajkot,"Mavdi, Rajkot - Nexteng Enviro ","08-02-2026 09:00:00",22.248853,70.776774,PM2.5,35,259,100
India,Gujarat,Ahmedabad,"SAC ISRO Bopal, Ahmedabad - IITM","08-02-2026 09:00:00",23.041137,72.456691,PM10,68,174,122
India,Gujarat,Ahmedabad,"SAC ISRO Bopal, Ahmedabad - IITM","08-02-2026 09:00:00",23.041137,72.456691,CO,2,27,5
India,Gujarat,Ahmedabad,"SAC ISRO Satellite, Ahmedabad - IITM","08-02-2026 09:00:00",23.023389,72.515201,SO2,5,54,13
India,Gujarat,Ahmedabad,"SVPI Airport Hansol, Ahmedabad - IITM","08-02-2026 09:00:00",23.076793,72.627874,NO2,14,122,64
India,Gujarat,Ankleshwar,"GIDC, Ankleshwar - GPCB","08-02-2026 09:00:00",21.613267,73.010555,PM10,41,155,113
India,Gujarat,Ankleshwar,"GIDC, Ankleshwar - GPCB","08-02-2026 09:00:00",21.613267,73.010555,SO2,17,18,17
India,Gujarat,Bhavnagar,"Vidhyanagar, Bhavnagar - Nexteng Enviro","08-02-2026 09:00:00",21.755417,72.139056,NO2,95,104,99
India,Gujarat,Ahmedabad,"Chandkheda, Ahmedabad - IITM","08-02-2026 09:00:00",23.107969,72.574648,NO2,12,75,43
India,Gujarat,Ahmedabad,"Chandkheda, Ahmedabad - IITM","08-02-2026 09:00:00",23.107969,72.574648,SO2,3,31,14
India,Gujarat,Ahmedabad,"Gyaspur, Ahmedabad - IITM","08-02-2026 09:00:00",22.977134,72.553024,CO,16,74,38
India,Gujarat,Ahmedabad,"Gyaspur, Ahmedabad - IITM","08-02-2026 09:00:00",22.977134,72.553024,OZONE,1,102,5
India,Gujarat,Ahmedabad,"Maninagar, Ahmedabad - GPCB","08-02-2026 09:00:00",23.002657,72.591912,NO2,95,105,101
India,Gujarat,Ahmedabad,"Raikhad, Ahmedabad - IITM","08-02-2026 09:00:00",23.020509,72.579261,PM10,127,198,157
India,Gujarat,Ahmedabad,"Rakhial, Ahmedabad - IITM","08-02-2026 09:00:00",23.016834,72.625775,NH3,5,13,7
India,Gujarat,Ahmedabad,"Rakhial, Ahmedabad - IITM","08-02-2026 09:00:00",23.016834,72.625775,CO,3,120,23
India,Delhi,Delhi,"Pusa, Delhi - DPCC","08-02-2026 09:00:00",28.639652,77.146275,CO,26,122,73
India,Delhi,Delhi,"Pusa, Delhi - IMD","08-02-2026 09:00:00",28.636110,77.173332,CO,90,110,99
India,Delhi,Delhi,"R K Puram, Delhi - DPCC","08-02-2026 09:00:00",28.563262,77.186937,PM2.5,123,355,225
India,Delhi,Delhi,"R K Puram, Delhi - DPCC","08-02-2026 09:00:00",28.563262,77.186937,SO2,16,30,22
India,Delhi,Delhi,"Rohini, Delhi - DPCC","08-02-2026 09:00:00",28.732528,77.119920,SO2,11,39,18
India,Delhi,Delhi,"Shadipur, Delhi - CPCB","08-02-2026 09:00:00",28.6514781,77.1473105,OZONE,2,35,9
India,Delhi,Delhi,"Sirifort, Delhi - CPCB","08-02-2026 09:00:00",28.5504249,77.2159377,NO2,27,32,30
India,Delhi,Delhi,"IHBAS, Dilshad Garden, Delhi - CPCB","08-02-2026 09:00:00",28.6811736,77.3025234,OZONE,2,303,6
India,Delhi,Delhi,"IIT Delhi, Delhi - IITM","08-02-2026 09:00:00",28.542460,77.191651,OZONE,8,55,14
India,Delhi,Delhi,"ITO, Delhi - CPCB","08-02-2026 09:00:00",28.628624,77.241060,PM10,100,157,123
India,Delhi,Delhi,"Jahangirpuri, Delhi - DPCC","08-02-2026 09:00:00",28.732820,77.170633,NH3,28,35,32
India,Delhi,Delhi,"Jahangirpuri, Delhi - DPCC","08-02-2026 09:00:00",28.732820,77.170633,SO2,38,53,44
India,Delhi,Delhi,"Sirifort, Delhi - CPCB","08-02-2026 09:00:00",28.5504249,77.2159377,CO,10,55,29
India,Delhi,Delhi,"Sonia Vihar, Delhi - DPCC","08-02-2026 09:00:00",28.710508,77.249485,NO2,21,64,38
India,Delhi,Delhi,"Sri Aurobindo Marg, Delhi - DPCC","08-02-2026 09:00:00",28.531346,77.190156,OZONE,5,91,11
India,Delhi,Delhi,"Wazirpur, Delhi - DPCC","08-02-2026 09:00:00",28.699793,77.165453,SO2,5,19,13
India,Delhi,Delhi,"Wazirpur, Delhi - DPCC","08-02-2026 09:00:00",28.699793,77.165453,OZONE,7,33,17
India,Delhi,Delhi,"Jawaharlal Nehru Stadium, Delhi - DPCC","08-02-2026 09:00:00",28.580280,77.233829,CO,74,195,171
India,Delhi,Delhi,"Jawaharlal Nehru Stadium, Delhi - DPCC","08-02-2026 09:00:00",28.580280,77.233829,OZONE,1,130,19
India,Delhi,Delhi,"Major Dhyan Chand National Stadium, Delhi - DPCC","08-02-2026 09:00:00",28.611281,77.237738,SO2,8,41,15
India,Delhi,Delhi,"Mandir Marg, Delhi - DPCC","08-02-2026 09:00:00",28.636429,77.201067,SO2,37,62,47
India,Delhi,Delhi,"Mandir Marg, Delhi - DPCC","08-02-2026 09:00:00",28.636429,77.201067,OZONE,7,162,37
India,Delhi,Delhi,"North Campus, DU, Delhi - IMD","08-02-2026 09:00:00",28.6573814,77.1585447,PM2.5,79,273,163
India,Delhi,Delhi,"North Campus, DU, Delhi - IMD","08-02-2026 09:00:00",28.6573814,77.1585447,NO2,45,94,68
India,Delhi,Delhi,"Okhla Phase-2, Delhi - DPCC","08-02-2026 09:00:00",28.530785,77.271255,PM10,130,245,160
India,Delhi,Delhi,"Patparganj, Delhi - DPCC","08-02-2026 09:00:00",28.623763,77.287209,NH3,7,13,9
India,Delhi,Delhi,"NSIT Dwarka, Delhi - CPCB","08-02-2026 09:00:00",28.60909,77.0325413,PM10,114,141,123
India,Delhi,Delhi,"NSIT Dwarka, Delhi - CPCB","08-02-2026 09:00:00",28.60909,77.0325413,NO2,2,40,15
India,Delhi,Delhi,"NSIT Dwarka, Delhi - CPCB","08-02-2026 09:00:00",28.60909,77.0325413,OZONE,12,28,20
India,Delhi,Delhi,"Najafgarh, Delhi - DPCC","08-02-2026 09:00:00",28.570173,76.933762,CO,14,107,36
India,Haryana,"Yamuna Nagar","Gobind Pura, Yamuna Nagar - HSPCB","08-02-2026 09:00:00",30.1480566,77.2893471,SO2,10,15,11
India,Jammu_and_Kashmir,Pampore,"Khrew, Pampore - JKPCC","08-02-2026 09:00:00",34.031606,75.009712,PM2.5,22,62,46
India,Jammu_and_Kashmir,Pampore,"Khrew, Pampore - JKPCC","08-02-2026 09:00:00",34.031606,75.009712,NO2,9,24,15
India,Jharkhand,Dhanbad,"Sardar Patel Nagar, Dhanbad - JSPCB","08-02-2026 09:00:00",23.80569,86.44268,PM10,73,250,120
India,Jharkhand,Dhanbad,"Sardar Patel Nagar, Dhanbad - JSPCB","08-02-2026 09:00:00",23.80569,86.44268,SO2,26,32,28
India,Karnataka,Bagalkot,"Vidayagiri, Bagalkot - KSPCB","08-02-2026 09:00:00",16.172806,75.659694,OZONE,12,12,12
India,Karnataka,Belgaum,"Ramteerth Nagar, Belgaum - KSPCB","08-02-2026 09:00:00",15.888653,74.541751,PM2.5,41,104,65
India,Haryana,"Charkhi Dadri","Mini Secretariat, Charkhi Dadri - HSPCB","08-02-2026 09:00:00",28.593883,76.270653,PM10,101,183,146
India,Haryana,"Charkhi Dadri","Mini Secretariat, Charkhi Dadri - HSPCB","08-02-2026 09:00:00",28.593883,76.270653,NH3,5,8,6
India,Haryana,Dharuhera,"Municipal Corporation Office, Dharuhera -  HSPCB","08-02-2026 09:00:00",28.206800,76.799700,SO2,6,7,7
India,Haryana,Dharuhera,"Municipal Corporation Office, Dharuhera -  HSPCB","08-02-2026 09:00:00",28.206800,76.799700,CO,54,102,84
India,Haryana,Faridabad,"New Industrial Town, Faridabad - HSPCB","08-02-2026 09:00:00",28.39072,77.30059,OZONE,27,32,29
India,Haryana,Faridabad,"Sector 30, Faridabad - HSPCB","08-02-2026 09:00:00",28.4417,77.3217,PM10,97,119,103
India,Haryana,Fatehabad,"Huda Sector, Fatehabad - HSPCB","08-02-2026 09:00:00",29.503664,75.467934,PM2.5,74,216,99
India,Karnataka,Belgaum,"Ramteerth Nagar, Belgaum - KSPCB","08-02-2026 09:00:00",15.888653,74.541751,NH3,8,11,9
India,Karnataka,Belgaum,"Ramteerth Nagar, Belgaum - KSPCB","08-02-2026 09:00:00",15.888653,74.541751,OZONE,19,20,19
India,Karnataka,Bengaluru,"BWSSB Kadabesanahalli, Bengaluru - CPCB","08-02-2026 09:00:00",12.9352049,77.6814488,SO2,3,8,5
India,Karnataka,Bengaluru,"Bapuji Nagar, Bengaluru - KSPCB","08-02-2026 09:00:00",12.951913,77.539784,PM2.5,39,97,69
India,Karnataka,Bengaluru,"Bapuji Nagar, Bengaluru - KSPCB","08-02-2026 09:00:00",12.951913,77.539784,NH3,3,5,4
India,Karnataka,Bengaluru,"Bapuji Nagar, Bengaluru - KSPCB","08-02-2026 09:00:00",12.951913,77.539784,SO2,5,46,26
India,Karnataka,Bengaluru,"Hebbal, Bengaluru - KSPCB","08-02-2026 09:00:00",13.029152,77.585901,CO,3,90,23
India,Karnataka,Bengaluru,"Hombegowda Nagar, Bengaluru - KSPCB","08-02-2026 09:00:00",12.938539,77.590100,PM2.5,45,95,72
India,Gujarat,Vatva,"Phase-4 GIDC, Vatva - GPCB","08-02-2026 09:00:00",22.969611,72.643500,OZONE,29,44,29
India,Haryana,Ambala,"Patti Mehar, Ambala - HSPCB","08-02-2026 09:00:00",30.379589,76.778328,PM2.5,51,72,60
India,Haryana,Ambala,"Patti Mehar, Ambala - HSPCB","08-02-2026 09:00:00",30.379589,76.778328,SO2,15,32,22
India,Haryana,Bahadurgarh,"Arya Nagar, Bahadurgarh - HSPCB","08-02-2026 09:00:00",28.6701,76.9254,NH3,12,13,13
India,Haryana,Bahadurgarh,"Arya Nagar, Bahadurgarh - HSPCB","08-02-2026 09:00:00",28.6701,76.9254,CO,44,50,47
India,Haryana,Ballabgarh,"Nathu Colony, Ballabgarh - HSPCB","08-02-2026 09:00:00",28.3419248,77.319699,NO2,NA,NA,NA
India,Haryana,Bhiwani,"H.B. Colony, Bhiwani - HSPCB","08-02-2026 09:00:00",28.806223,76.141105,SO2,1,104,10
India,Haryana,Gurugram,"NISE Gwal Pahari, Gurugram - IMD","08-02-2026 09:00:00",28.422681,77.148944,NO2,21,65,40
India,Haryana,Gurugram,"NISE Gwal Pahari, Gurugram - IMD","08-02-2026 09:00:00",28.422681,77.148944,OZONE,6,58,12
India,Haryana,Gurugram,"Sector-51, Gurugram - HSPCB","08-02-2026 09:00:00",28.4227,77.0667,SO2,5,8,7
India,Haryana,Gurugram,"Teri Gram, Gurugram - HSPCB","08-02-2026 09:00:00",28.4275,77.1465,NO2,NA,NA,NA
India,Haryana,Gurugram,"Teri Gram, Gurugram - HSPCB","08-02-2026 09:00:00",28.4275,77.1465,NH3,NA,NA,NA
India,Haryana,Gurugram,"Teri Gram, Gurugram - HSPCB","08-02-2026 09:00:00",28.4275,77.1465,SO2,NA,NA,NA
India,Haryana,Hisar,"Urban Estate-II, Hisar - HSPCB","08-02-2026 09:00:00",29.140560,75.744941,PM2.5,41,66,50
India,Haryana,Hisar,"Urban Estate-II, Hisar - HSPCB","08-02-2026 09:00:00",29.140560,75.744941,PM10,70,98,80
India,Haryana,Jind,"Police Lines, Jind - HSPCB","08-02-2026 09:00:00",29.307814,76.337619,PM2.5,86,171,127
India,Haryana,Jind,"Police Lines, Jind - HSPCB","08-02-2026 09:00:00",29.307814,76.337619,PM10,74,111,96
India,Haryana,Jind,"Police Lines, Jind - HSPCB","08-02-2026 09:00:00",29.307814,76.337619,NH3,1,3,2
India,Haryana,Jind,"Police Lines, Jind - HSPCB","08-02-2026 09:00:00",29.307814,76.337619,CO,8,96,78
India,Haryana,Kaithal,"Rishi Nagar, Kaithal - HSPCB","08-02-2026 09:00:00",29.8006,76.4155,SO2,28,34,31
India,Haryana,Kaithal,"Rishi Nagar, Kaithal - HSPCB","08-02-2026 09:00:00",29.8006,76.4155,OZONE,10,36,11
India,Haryana,Karnal,"Sector-12, Karnal - HSPCB","08-02-2026 09:00:00",29.695300,77.002700,PM10,62,107,82
India,Haryana,Karnal,"Sector-12, Karnal - HSPCB","08-02-2026 09:00:00",29.695300,77.002700,CO,30,34,31
India,Gujarat,Rajkot,"Mavdi, Rajkot - Nexteng Enviro ","08-02-2026 09:00:00",22.248853,70.776774,SO2,13,121,37
India,Gujarat,Surat,"Katargam, Surat - Nexteng Enviro","08-02-2026 09:00:00","21.217779 ","72.834787 ",PM2.5,83,300,184
India,Gujarat,Vadodara,"Bapunagar, Vadodara - Nexteng Enviro","08-02-2026 09:00:00",22.320153,73.216285,PM10,82,206,135
India,Gujarat,Vadodara,"Bapunagar, Vadodara - Nexteng Enviro","08-02-2026 09:00:00",22.320153,73.216285,CO,121,129,125
India,Gujarat,Vadodara,"Bapunagar, Vadodara - Nexteng Enviro","08-02-2026 09:00:00",22.320153,73.216285,OZONE,NA,NA,NA
India,Gujarat,Vatva,"Phase-4 GIDC, Vatva - GPCB","08-02-2026 09:00:00",22.969611,72.643500,NO2,100,139,116
India,Haryana,Panchgaon,"Amity University, Panchgaon - IITM","08-02-2026 09:00:00",28.3153,76.9143,PM2.5,NA,NA,NA
India,Haryana,Panchgaon,"Amity University, Panchgaon - IITM","08-02-2026 09:00:00",28.3153,76.9143,NO2,NA,NA,NA
India,Haryana,Panchgaon,"Amity University, Panchgaon - IITM","08-02-2026 09:00:00",28.3153,76.9143,NH3,NA,NA,NA
India,Haryana,Panipat,"Sector-18, Panipat - HSPCB","08-02-2026 09:00:00",29.432304,76.972765,SO2,18,20,19
India,Haryana,Rohtak,"MD University, Rohtak - HSPCB","08-02-2026 09:00:00",28.52123,76.37138,NO2,10,13,12
India,Haryana,Rohtak,"MD University, Rohtak - HSPCB","08-02-2026 09:00:00",28.52123,76.37138,CO,14,38,34
India,Haryana,Sirsa,"F-Block, Sirsa - HSPCB","08-02-2026 09:00:00",29.536400,75.015800,NH3,NA,NA,NA
India,Haryana,Sirsa,"F-Block, Sirsa - HSPCB","08-02-2026 09:00:00",29.536400,75.015800,OZONE,NA,NA,NA
India,Haryana,Kurukshetra,"Sector-7, Kurukshetra - HSPCB","08-02-2026 09:00:00",29.966942,76.875879,CO,13,36,27
India,Haryana,Manesar,"Sector-2 IMT, Manesar - HSPCB","08-02-2026 09:00:00",28.360699,76.936090,NO2,47,54,51
India,Haryana,Manesar,"Sector-2 IMT, Manesar - HSPCB","08-02-2026 09:00:00",28.360699,76.936090,CO,13,28,22
India,Haryana,Narnaul,"Shastri Nagar, Narnaul - HSPCB","08-02-2026 09:00:00",28.060249,76.113115,NH3,5,20,11
India,Haryana,Palwal,"Shyam Nagar, Palwal - HSPCB","08-02-2026 09:00:00",28.1485564,77.3320667,NO2,23,24,24
India,Kerala,Thiruvananthapuram,"Kariavattom, Thiruvananthapuram - Kerala PCB","08-02-2026 09:00:00",8.563700,76.886500,NO2,8,10,9
India,Kerala,Thiruvananthapuram,"Plammoodu, Thiruvananthapuram - Kerala PCB","08-02-2026 09:00:00",8.5149093,76.9435879,OZONE,9,38,20
India,Kerala,Thrissur,"Corporation Ground, Thrissur - Kerala PCB","08-02-2026 09:00:00",10.532400,76.215900,CO,28,41,38
India,"Madhya Pradesh",Bhopal,"Idgah Hills, Bhopal - MPPCB","08-02-2026 09:00:00",23.264759,77.381568,PM10,66,172,105
India,"Madhya Pradesh",Bhopal,"Idgah Hills, Bhopal - MPPCB","08-02-2026 09:00:00",23.264759,77.381568,CO,28,62,37
India,"Madhya Pradesh",Bhopal,"Paryavaran Parisar, Bhopal - MPPCB","08-02-2026 09:00:00",23.210494,77.425409,OZONE,4,47,13
India,"Madhya Pradesh",Bhopal,"T T Nagar, Bhopal - MPPCB","08-02-2026 09:00:00",23.233584,77.400574,PM2.5,62,198,102
India,Karnataka,Bengaluru,"Kasturi Nagar, Bengaluru - KSPCB","08-02-2026 09:00:00",13.003872,77.664217,SO2,18,19,19
India,Karnataka,Bengaluru,"Kasturi Nagar, Bengaluru - KSPCB","08-02-2026 09:00:00",13.003872,77.664217,OZONE,28,29,29
India,Karnataka,Bengaluru,"Peenya, Bengaluru - CPCB","08-02-2026 09:00:00",13.0270199,77.494094,PM2.5,18,51,32
India,Karnataka,Bengaluru,"Peenya, Bengaluru - CPCB","08-02-2026 09:00:00",13.0270199,77.494094,NO2,20,30,25
India,Karnataka,Bengaluru,"Peenya, Bengaluru - CPCB","08-02-2026 09:00:00",13.0270199,77.494094,OZONE,20,21,21
India,Karnataka,Bengaluru,"RVCE-Mailasandra, Bengaluru - KSPCB","08-02-2026 09:00:00",12.921418,77.502466,PM10,87,221,129
India,Karnataka,Bengaluru,"Sanegurava Halli, Bengaluru - KSPCB","08-02-2026 09:00:00",12.990328,77.5431385,PM10,NA,NA,NA
India,"Madhya Pradesh",Indore,"Airport Area, Indore - IMC","08-02-2026 09:00:00",22.7289,75.8076,OZONE,6,16,6
India,"Madhya Pradesh",Indore,"Chhoti Gwaltoli, Indore - MPPCB","08-02-2026 09:00:00",22.4310,75.5213,NO2,64,149,115
India,"Madhya Pradesh",Indore,"Chhoti Gwaltoli, Indore - MPPCB","08-02-2026 09:00:00",22.4310,75.5213,SO2,25,41,31
India,"Madhya Pradesh",Indore,"Chhoti Gwaltoli, Indore - MPPCB","08-02-2026 09:00:00",22.4310,75.5213,CO,38,115,108
India,"Madhya Pradesh",Indore,"Regional Park, Indore - IMC","08-02-2026 09:00:00",22.6780,75.8559,SO2,8,12,10
India,"Madhya Pradesh",Indore,"Residency Area, Indore - IMC","08-02-2026 09:00:00",22.7084,75.8815,NH3,NA,NA,NA
India,Karnataka,Bengaluru,"Hombegowda Nagar, Bengaluru - KSPCB","08-02-2026 09:00:00",12.938539,77.590100,NH3,3,6,4
India,Karnataka,Bengaluru,"Hombegowda Nagar, Bengaluru - KSPCB","08-02-2026 09:00:00",12.938539,77.590100,SO2,8,21,13
India,Karnataka,Bengaluru,"Hombegowda Nagar, Bengaluru - KSPCB","08-02-2026 09:00:00",12.938539,77.590100,CO,8,36,20
India,Karnataka,Bengaluru,"Jayanagar 5th Block, Bengaluru - KSPCB","08-02-2026 09:00:00",12.920984,77.584908,PM2.5,57,170,94
India,Karnataka,Bengaluru,"Jigani, Bengaluru - KSPCB","08-02-2026 09:00:00",12.7816279,77.6299145,CO,42,43,42
India,Karnataka,Hubballi,"Lingaraj Nagar, Hubballi - KSPCB","08-02-2026 09:00:00",15.3714823,75.1160168,SO2,1,6,3
India,Karnataka,Kalaburagi,"Mahatma Basaveswar Colony, Kalaburgi - KSPCB","08-02-2026 09:00:00",17.336318,76.847397,PM10,34,82,62
India,Karnataka,Kalaburagi,"Mahatma Basaveswar Colony, Kalaburgi - KSPCB","08-02-2026 09:00:00",17.336318,76.847397,SO2,3,6,3
India,Karnataka,Ramanagara,"Vijay Nagar, Ramanagara - KSPCB","08-02-2026 09:00:00",12.733409,77.298051,NO2,25,71,52
India,Karnataka,Ramanagara,"Vijay Nagar, Ramanagara - KSPCB","08-02-2026 09:00:00",12.733409,77.298051,SO2,12,23,18
India,Karnataka,Tumakuru,"Thimmalapura, Tumakuru - KSPCB","08-02-2026 09:00:00",13.377516,77.099072,PM10,NA,NA,NA
India,Karnataka,Tumakuru,"Thimmalapura, Tumakuru - KSPCB","08-02-2026 09:00:00",13.377516,77.099072,SO2,NA,NA,NA
India,Karnataka,Bengaluru,"Shivapura_Peenya, Bengaluru - KSPCB","08-02-2026 09:00:00",13.0246342,77.5080115,PM10,94,123,108
India,Karnataka,Chamarajanagar,"Urban, Chamarajanagar - KSPCB","08-02-2026 09:00:00",11.55358,76.55521,PM2.5,29,52,34
India,"Madhya Pradesh",Dewas,"Bhopal Chauraha, Dewas - MPPCB","08-02-2026 09:00:00",22.9682591,76.064118,PM2.5,68,241,105
India,"Madhya Pradesh",Gwalior,"Deen Dayal Nagar, Gwalior - MPPCB","08-02-2026 09:00:00",26.259242,78.216432,OZONE,36,125,36
India,Karnataka,Tumakuru,"Thimmalapura, Tumakuru - KSPCB","08-02-2026 09:00:00",13.377516,77.099072,OZONE,NA,NA,NA
India,"Madhya Pradesh",Ujjain,"Mahashweta Nagar, Ujjain - MPPCB","08-02-2026 09:00:00",23.1633321,75.800225,PM10,63,167,119
India,"Madhya Pradesh",Ujjain,"Mahashweta Nagar, Ujjain - MPPCB","08-02-2026 09:00:00",23.1633321,75.800225,NO2,39,105,65
India,"Madhya Pradesh",Ujjain,"Mahashweta Nagar, Ujjain - MPPCB","08-02-2026 09:00:00",23.1633321,75.800225,SO2,2,9,5
India,Maharashtra,Ahmednagar,"Tarakpur, Ahmednagar - MPCB","08-02-2026 09:00:00",19.10122,74.73339,CO,39,108,67
India,Maharashtra,Akola,"Ramdaspeth, Akola - MPCB","08-02-2026 09:00:00",20.719516,77.000253,PM2.5,45,180,93
India,Maharashtra,Akola,"Ramdaspeth, Akola - MPCB","08-02-2026 09:00:00",20.719516,77.000253,NH3,4,6,5
India,Maharashtra,Akola,"Ramdaspeth, Akola - MPCB","08-02-2026 09:00:00",20.719516,77.000253,OZONE,3,56,12
India,Maharashtra,Amravati,"Shivneri Colony, Amravati - MPCB","08-02-2026 09:00:00",20.9402359,77.7895248,PM2.5,54,79,64
India,Maharashtra,Amravati,"Shivneri Colony, Amravati - MPCB","08-02-2026 09:00:00",20.9402359,77.7895248,PM10,63,105,89
India,Maharashtra,Amravati,"Shivneri Colony, Amravati - MPCB","08-02-2026 09:00:00",20.9402359,77.7895248,NH3,5,5,5
India,Maharashtra,Amravati,"Shri Shivaji Science College, Amravati - MPCB","08-02-2026 09:00:00",20.939198,77.765701,PM10,73,186,98
India,Maharashtra,Amravati,"Shri Shivaji Science College, Amravati - MPCB","08-02-2026 09:00:00",20.939198,77.765701,SO2,NA,NA,NA
India,Maharashtra,Amravati,"Shri Shivaji Science College, Amravati - MPCB","08-02-2026 09:00:00",20.939198,77.765701,OZONE,3,68,48
India,Maharashtra,Aurangabad,"MIDC Chilkalthana, Aurangabad - MPCB","08-02-2026 09:00:00",19.875620,75.387310,NH3,3,5,4
India,Maharashtra,Aurangabad,"MIDC Chilkalthana, Aurangabad - MPCB","08-02-2026 09:00:00",19.875620,75.387310,SO2,9,29,14
India,"Madhya Pradesh",Mandideep,"Sector-D Industrial Area, Mandideep - MPPCB","08-02-2026 09:00:00",23.108440,77.511428,NO2,50,157,113
India,"Madhya Pradesh",Pithampur,"Sector-2 Industrial Area, Pithampur - MPPCB","08-02-2026 09:00:00",22.624758,75.675238,NH3,1,1,1
India,"Madhya Pradesh",Pithampur,"Sector-2 Industrial Area, Pithampur - MPPCB","08-02-2026 09:00:00",22.624758,75.675238,OZONE,26,129,64
India,"Madhya Pradesh",Sagar,"Civil Lines, Sagar - MPPCB","08-02-2026 09:00:00",23.838586,78.759431,PM2.5,21,98,52
India,"Madhya Pradesh",Sagar,"Civil Lines, Sagar - MPPCB","08-02-2026 09:00:00",23.838586,78.759431,PM10,48,138,88
India,"Madhya Pradesh",Sagar,"Civil Lines, Sagar - MPPCB","08-02-2026 09:00:00",23.838586,78.759431,NO2,13,55,28
India,"Madhya Pradesh",Sagar,"Civil Lines, Sagar - MPPCB","08-02-2026 09:00:00",23.838586,78.759431,SO2,3,18,9
India,"Madhya Pradesh",Sagar,"Deen Dayal Nagar, Sagar - MPPCB","08-02-2026 09:00:00",23.8640158,78.80289321,PM10,39,176,109
India,"Madhya Pradesh",Sagar,"Deen Dayal Nagar, Sagar - MPPCB","08-02-2026 09:00:00",23.8640158,78.80289321,SO2,3,7,5
India,"Madhya Pradesh",Satna,"Bandhavgar Colony, Satna - Birla Cement","08-02-2026 09:00:00",24.58434363,80.8549414,SO2,18,20,19
India,"Madhya Pradesh",Singrauli,"Suryakiran Bhawan NCL, Singrauli - MPPCB","08-02-2026 09:00:00",24.108970,82.645580,PM2.5,33,316,162
India,"Madhya Pradesh",Singrauli,"Suryakiran Bhawan NCL, Singrauli - MPPCB","08-02-2026 09:00:00",24.108970,82.645580,NO2,4,29,13
India,"Madhya Pradesh",Singrauli,"Suryakiran Bhawan NCL, Singrauli - MPPCB","08-02-2026 09:00:00",24.108970,82.645580,CO,6,81,8
India,Maharashtra,Mumbai,"Deonar, Mumbai - IITM","08-02-2026 09:00:00",19.04946,72.9230,PM10,113,160,135
India,Maharashtra,Mumbai,"Deonar, Mumbai - IITM","08-02-2026 09:00:00",19.04946,72.9230,CO,10,96,49
India,Maharashtra,Mumbai,"Ghatkopar, Mumbai - BMC","08-02-2026 09:00:00",19.083694,72.920967,CO,8,50,39
India,Maharashtra,Mumbai,"Kandivali East, Mumbai - MPCB","08-02-2026 09:00:00",19.205800,72.868200,PM2.5,13,53,30
India,Maharashtra,Mumbai,"Kandivali East, Mumbai - MPCB","08-02-2026 09:00:00",19.205800,72.868200,PM10,71,158,111
India,Maharashtra,Mumbai,"Kandivali East, Mumbai - MPCB","08-02-2026 09:00:00",19.205800,72.868200,OZONE,18,18,18
India,Maharashtra,Mumbai,"Kandivali West, Mumbai - BMC","08-02-2026 09:00:00",19.215859,72.831718,PM10,108,173,126
India,Maharashtra,Mumbai,"Kandivali West, Mumbai - BMC","08-02-2026 09:00:00",19.215859,72.831718,SO2,5,16,10
India,Maharashtra,Mumbai,"Kherwadi_Bandra East, Mumbai - MPCB","08-02-2026 09:00:00",19.0632143,72.8456324,NO2,1,87,47
India,Maharashtra,Jalna,"Old MIDC, Jalna - MPCB","08-02-2026 09:00:00",19.854616,75.905894,NO2,5,17,10
India,Maharashtra,Jalna,"Old MIDC, Jalna - MPCB","08-02-2026 09:00:00",19.854616,75.905894,NH3,3,5,4
India,Maharashtra,Kalyan,"Khadakpada, Kalyan - MPCB","08-02-2026 09:00:00",19.25292,73.142019,NO2,37,37,37
India,Maharashtra,Kolhapur,"Shivaji University, Kolhapur - MPCB","08-02-2026 09:00:00",16.6870449,74.2505872,PM2.5,53,90,71
India,Maharashtra,Kolhapur,"Shivaji University, Kolhapur - MPCB","08-02-2026 09:00:00",16.6870449,74.2505872,SO2,2,5,4
India,Maharashtra,Kolhapur,"Sinchan Bhavan, Kolhapur - MPCB","08-02-2026 09:00:00",16.7143745,74.2426398,SO2,1,16,6
India,Maharashtra,Latur,"Sawe Wadi, Latur - MPCB","08-02-2026 09:00:00",18.39963,76.57452,PM10,69,111,95
India,Maharashtra,Latur,"Sawe Wadi, Latur - MPCB","08-02-2026 09:00:00",18.39963,76.57452,CO,16,59,28
India,Maharashtra,Mumbai,"Borivali East, Mumbai - IITM","08-02-2026 09:00:00",19.23241,72.86895,NO2,14,153,68
India,Maharashtra,Mumbai,"Borivali East, Mumbai - IITM","08-02-2026 09:00:00",19.23241,72.86895,NH3,1,10,6
India,Maharashtra,Mumbai,"Borivali East, Mumbai - MPCB","08-02-2026 09:00:00",19.2243333,72.8658113,PM10,51,70,60
India,Maharashtra,Mumbai,"Byculla, Mumbai - BMC","08-02-2026 09:00:00",18.9767,72.8380,NH3,10,46,22
India,Maharashtra,Mumbai,"Byculla, Mumbai - BMC","08-02-2026 09:00:00",18.9767,72.8380,OZONE,2,62,3
India,Maharashtra,Mumbai,"Chakala-Andheri East, Mumbai - IITM","08-02-2026 09:00:00",19.11074,72.86084,CO,2,102,38
India,Maharashtra,Mumbai,"Chembur, Mumbai - MPCB","08-02-2026 09:00:00",19.0364585,72.8954371,NO2,17,66,46
India,Maharashtra,Mumbai,"Chembur, Mumbai - MPCB","08-02-2026 09:00:00",19.0364585,72.8954371,NH3,10,13,12
India,Maharashtra,Mumbai,"Chembur, Mumbai - MPCB","08-02-2026 09:00:00",19.0364585,72.8954371,SO2,5,27,13
India,Maharashtra,Aurangabad,"Rachnakar Colony, Aurangabad - MPCB","08-02-2026 09:00:00",19.863756,75.321188,PM2.5,63,98,77
India,Maharashtra,Aurangabad,"Rachnakar Colony, Aurangabad - MPCB","08-02-2026 09:00:00",19.863756,75.321188,SO2,17,42,35
India,Maharashtra,Aurangabad,"Rachnakar Colony, Aurangabad - MPCB","08-02-2026 09:00:00",19.863756,75.321188,CO,20,50,26
India,Maharashtra,Belapur,"CBD Belapur, Belapur - MPCB","08-02-2026 09:00:00",19.0243902,73.0406721,PM2.5,88,303,159
India,Maharashtra,Belapur,"CBD Belapur, Belapur - MPCB","08-02-2026 09:00:00",19.0243902,73.0406721,PM10,103,205,149
India,Maharashtra,Belapur,"CBD Belapur, Belapur - MPCB","08-02-2026 09:00:00",19.0243902,73.0406721,NH3,2,2,2
India,Maharashtra,Bhiwandi,"Gokul Nagar, Bhiwandi - MPCB","08-02-2026 09:00:00",19.309073,73.057223,NO2,22,48,33
India,Maharashtra,Mahad,"Kamble Tarf Birwadi, Mahad - MPCB","08-02-2026 09:00:00",18.1023399,73.4783687,PM2.5,117,204,154
India,Maharashtra,Mahad,"Kamble Tarf Birwadi, Mahad - MPCB","08-02-2026 09:00:00",18.1023399,73.4783687,OZONE,21,23,22
India,Maharashtra,Malegaon,"Mahesh Nagar, Malegaon - MPCB","08-02-2026 09:00:00",20.555712,74.529236,SO2,1,21,11
India,Maharashtra,Malegaon,"Mahesh Nagar, Malegaon - MPCB","08-02-2026 09:00:00",20.555712,74.529236,OZONE,7,85,23
India,Maharashtra,Mumbai,"Bandra Kurla Complex, Mumbai - IITM","08-02-2026 09:00:00",19.053536,72.84643,NH3,NA,NA,NA
India,Maharashtra,Mumbai,"Bandra Kurla Complex, Mumbai - MPCB","08-02-2026 09:00:00",19.065931,72.862131,PM2.5,NA,NA,NA
India,Maharashtra,Chandrapur,"Chauhan Colony, Chandrapur - MPCB","08-02-2026 09:00:00",19.962900,79.298714,PM10,84,197,137
India,Maharashtra,Chandrapur,"MIDC Khutala, Chandrapur - MPCB","08-02-2026 09:00:00",19.9775302,79.2337086,NO2,10,24,17
India,Maharashtra,Chandrapur,"MIDC Khutala, Chandrapur - MPCB","08-02-2026 09:00:00",19.9775302,79.2337086,SO2,8,9,9
India,Maharashtra,Dhule,"Deopur, Dhule - MPCB","08-02-2026 09:00:00",20.918946,74.776388,NH3,2,3,2
India,"Madhya Pradesh",Jabalpur,"Govindh Bhavan Colony, Jabalpur - JMC","08-02-2026 09:00:00",23.163174,79.973061,CO,16,32,18
India,"Madhya Pradesh",Jabalpur,"Gupteshwar, Jabalpur - JMC","08-02-2026 09:00:00",23.142888,79.916147,SO2,16,23,19
India,Maharashtra,"Navi Mumbai","Tondare-Taloja, Navi Mumbai - MPCB","08-02-2026 09:00:00",19.0630,73.1209,PM2.5,67,198,115
India,Maharashtra,Parbhani,"Masoom Colony, Parbhani - MPCB","08-02-2026 09:00:00",19.265594,76.761463,PM2.5,64,170,113
India,Maharashtra,Pimpri-Chinchwad,"Gavalinagar, Pimpri Chinchwad - MPCB","08-02-2026 09:00:00",18.63673,73.82487,SO2,2,5,3
India,Maharashtra,Pimpri-Chinchwad,"Park Street Wakad, Pimpri Chinchwad - MPCB","08-02-2026 09:00:00",18.59051,73.77946,PM10,110,200,153
India,Maharashtra,Pimpri-Chinchwad,"Thergaon, Pimpri Chinchwad - MPCB","08-02-2026 09:00:00",18.616318,73.765797,PM10,83,177,137
India,Maharashtra,Mumbai,"Kherwadi_Bandra East, Mumbai - MPCB","08-02-2026 09:00:00",19.0632143,72.8456324,CO,8,81,69
India,Maharashtra,Mumbai,"Kurla, Mumbai - MPCB","08-02-2026 09:00:00",19.0863,72.8888,CO,12,31,26
India,Maharashtra,Mumbai,"Malad West, Mumbai - IITM","08-02-2026 09:00:00",19.19709,72.82204,CO,6,96,79
India,Maharashtra,Mumbai,"Mazgaon, Mumbai - IITM","08-02-2026 09:00:00",18.96702,72.84214,NO2,NA,NA,NA
India,Maharashtra,Mumbai,"Mindspace-Malad West, Mumbai - MPCB","08-02-2026 09:00:00",19.1878657,72.8304069,PM2.5,78,89,83
India,Maharashtra,Mumbai,"Mindspace-Malad West, Mumbai - MPCB","08-02-2026 09:00:00",19.1878657,72.8304069,PM10,107,116,111
India,Maharashtra,Nagpur,"Ram Nagar, Nagpur - MPCB","08-02-2026 09:00:00",21.143383,79.048912,CO,12,59,32
India,Maharashtra,Nanded,"Sneh Nagar, Nanded - MPCB","08-02-2026 09:00:00",19.173852,77.296291,SO2,2,4,2
India,Maharashtra,Nanded,"Sneh Nagar, Nanded - MPCB","08-02-2026 09:00:00",19.173852,77.296291,CO,18,30,26
India,Maharashtra,Nashik,"Gangapur Road, Nashik - MPCB","08-02-2026 09:00:00",20.0073285,73.7762427,PM10,63,140,98
India,Maharashtra,Nashik,"Gangapur Road, Nashik - MPCB","08-02-2026 09:00:00",20.0073285,73.7762427,NO2,5,5,5
India,Maharashtra,Nashik,"Hirawadi, Nashik - MPCB","08-02-2026 09:00:00",20.021503,73.813844,CO,48,78,59
India,Maharashtra,Nashik,"Pandav Nagari, Nashik - MPCB","08-02-2026 09:00:00",19.9591346,73.7788008,NH3,4,11,6
India,Maharashtra,Nashik,"Pandav Nagari, Nashik - MPCB","08-02-2026 09:00:00",19.9591346,73.7788008,OZONE,5,72,21
India,Maharashtra,"Navi Mumbai","Nerul, Navi Mumbai - MPCB","08-02-2026 09:00:00",19.008751,73.016620,NO2,61,63,62
India,Maharashtra,"Navi Mumbai","Sanpada, Navi Mumbai - MPCB","08-02-2026 09:00:00",19.0575752,73.0151367,PM2.5,72,184,107
India,Maharashtra,"Navi Mumbai","Sanpada, Navi Mumbai - MPCB","08-02-2026 09:00:00",19.0575752,73.0151367,NH3,13,13,13
India,Maharashtra,Mumbai,"Sion, Mumbai - MPCB","08-02-2026 09:00:00",19.047000,72.874600,CO,9,15,14
India,Maharashtra,Mumbai,"Vile Parle West, Mumbai - MPCB","08-02-2026 09:00:00",19.10861,72.83622,SO2,47,51,49
India,Maharashtra,Nagpur,"Ambazari, Nagpur - MPCB","08-02-2026 09:00:00",21.121801,79.04952,CO,4,86,28
India,Maharashtra,Nagpur,"Mahal, Nagpur - MPCB","08-02-2026 09:00:00",21.14472,79.107595,SO2,6,86,36
India,Maharashtra,Mumbai,"Navy Nagar-Colaba, Mumbai - IITM","08-02-2026 09:00:00",18.897756,72.813320,CO,20,68,56
India,Maharashtra,Mumbai,"Sewri, Mumbai - BMC","08-02-2026 09:00:00",19.000084,72.856730,NO2,32,129,84
India,Maharashtra,Mumbai,"Shivaji Nagar, Mumbai - BMC","08-02-2026 09:00:00",19.060498,72.923356,PM2.5,50,144,78
India,Maharashtra,Mumbai,"Shivaji Nagar, Mumbai - BMC","08-02-2026 09:00:00",19.060498,72.923356,NH3,3,3,3
India,Maharashtra,Nashik,"MIDC Ambad, Nashik - MPCB","08-02-2026 09:00:00",19.950220,73.731480,SO2,14,26,17
India,Maharashtra,Nashik,"Pandav Nagari, Nashik - MPCB","08-02-2026 09:00:00",19.9591346,73.7788008,PM2.5,65,153,85
India,Maharashtra,Nashik,"Pandav Nagari, Nashik - MPCB","08-02-2026 09:00:00",19.9591346,73.7788008,NO2,18,96,43
India,Maharashtra,Mumbai,"Mulund West, Mumbai - MPCB","08-02-2026 09:00:00",19.1750,72.9419,SO2,NA,NA,NA
India,Maharashtra,Mumbai,"Navy Nagar-Colaba, Mumbai - IITM","08-02-2026 09:00:00",18.897756,72.813320,PM2.5,145,197,167
India,Maharashtra,Mumbai,"Mulund West, Mumbai - MPCB","08-02-2026 09:00:00",19.1750,72.9419,NO2,17,23,19
India,Odisha,Bileipada,"Tata Township, Bileipada - OSPCB","08-02-2026 09:00:00",22.06156703,85.47409613,NO2,6,7,7
India,Odisha,Bileipada,"Tata Township, Bileipada - OSPCB","08-02-2026 09:00:00",22.06156703,85.47409613,OZONE,22,24,22
India,Odisha,Brajrajnagar,"GM Office, Brajrajnagar - OSPCB","08-02-2026 09:00:00",21.8004996,83.8396977,PM2.5,18,210,82
India,Odisha,Byasanagar,"Ferro Chrome Colony, Byasanagar - OSPCB","08-02-2026 09:00:00",20.94185,86.11510,PM10,64,141,108
India,Odisha,Byasanagar,"Ferro Chrome Colony, Byasanagar - OSPCB","08-02-2026 09:00:00",20.94185,86.11510,NO2,19,49,28
India,Odisha,Byasanagar,"Ferro Chrome Colony, Byasanagar - OSPCB","08-02-2026 09:00:00",20.94185,86.11510,NH3,NA,NA,NA
India,Odisha,Cuttack,"CDA Area, Cuttack - OSPCB","08-02-2026 09:00:00","20.48891     ","85.84768     ",PM2.5,32,183,110
India,Odisha,Cuttack,"CDA Area, Cuttack - OSPCB","08-02-2026 09:00:00","20.48891     ","85.84768     ",NO2,19,72,39
India,Odisha,Cuttack,"CDA Area, Cuttack - OSPCB","08-02-2026 09:00:00","20.48891     ","85.84768     ",OZONE,28,188,69
India,Odisha,Rourkela,"Fertilizer Township, Rourkela - OSPCB","08-02-2026 09:00:00",22.18972222,84.86277778,PM2.5,97,170,114
India,Odisha,Talcher,"Talcher Coalfields,Talcher - OSPCB","08-02-2026 09:00:00",20.9360711,85.1707021,PM2.5,1,362,165
India,Odisha,Talcher,"Talcher Coalfields,Talcher - OSPCB","08-02-2026 09:00:00",20.9360711,85.1707021,SO2,1,54,16
India,Maharashtra,Pune,"Panchawati_Pashan, Pune - IITM","08-02-2026 09:00:00",18.536457,73.805454,OZONE,1,40,3
India,Maharashtra,Pune,"Revenue Colony-Shivajinagar, Pune - IITM","08-02-2026 09:00:00",18.530085,73.849598,NO2,59,143,98
India,Maharashtra,Pune,"Revenue Colony-Shivajinagar, Pune - IITM","08-02-2026 09:00:00",18.530085,73.849598,CO,50,124,96
India,Maharashtra,Pune,"Revenue Colony-Shivajinagar, Pune - IITM","08-02-2026 09:00:00",18.530085,73.849598,OZONE,2,83,11
India,Maharashtra,Pune,"Savitribai Phule Pune University, Pune - MPCB","08-02-2026 09:00:00",18.547056,73.826908,PM2.5,63,135,96
India,Maharashtra,Pune,"Savitribai Phule Pune University, Pune - MPCB","08-02-2026 09:00:00",18.547056,73.826908,OZONE,NA,NA,NA
India,Maharashtra,Solapur,"Dnyaneshwar Nagar, Solapur - MPCB","08-02-2026 09:00:00",17.6336264,75.9132495,PM10,65,167,101
India,Maharashtra,Solapur,"Dnyaneshwar Nagar, Solapur - MPCB","08-02-2026 09:00:00",17.6336264,75.9132495,CO,12,58,29
India,Maharashtra,Solapur,"Ratandeep Housing Society, Solapur - MPCB","08-02-2026 09:00:00",17.65439,75.90649,PM10,75,158,106
India,Punjab,Khanna,"Kalal Majra, Khanna - PPCB","08-02-2026 09:00:00","30.736056 ",76.209694,CO,24,50,32
India,Punjab,Ludhiana,"Punjab Agricultural University, Ludhiana - PPCB","08-02-2026 09:00:00",30.9028,75.8086,NH3,11,13,12
India,Punjab,"Mandi Gobindgarh","RIMT University, Mandi Gobindgarh - PPCB","08-02-2026 09:00:00",30.649961,76.331442,NO2,23,24,24
India,Punjab,Patiala,"Model Town, Patiala - PPCB","08-02-2026 09:00:00",30.349388,76.366642,PM10,NA,NA,NA
India,Punjab,Rupnagar,"Ratanpura, Rupnagar - Ambuja Cements","08-02-2026 09:00:00",31.0325454,76.5623046,PM10,2,257,57
India,Punjab,Rupnagar,"Ratanpura, Rupnagar - Ambuja Cements","08-02-2026 09:00:00",31.0325454,76.5623046,SO2,6,6,6
India,Rajasthan,Ajmer,"Civil Lines,  Ajmer - RSPCB","08-02-2026 09:00:00",26.470859,74.646594,PM10,NA,NA,NA
India,Rajasthan,Ajmer,"Civil Lines,  Ajmer - RSPCB","08-02-2026 09:00:00",26.470859,74.646594,NO2,NA,NA,NA
India,Odisha,Balasore,"Kalidaspur, Balasore - OSPCB","08-02-2026 09:00:00",21.51161,86.89088,PM10,57,176,112
India,Odisha,Barbil,"Forest Office, Barbil - OSPCB","08-02-2026 09:00:00",22.1166054,85.3945546,NO2,1,65,23
India,Odisha,Barbil,"Forest Office, Barbil - OSPCB","08-02-2026 09:00:00",22.1166054,85.3945546,SO2,10,64,23
India,Odisha,Bhubaneswar,"Lingraj Mandir, Bhubaneswar - OSPCB","08-02-2026 09:00:00",20.240790,85.836784,PM2.5,40,180,121
India,Odisha,Bhubaneswar,"Lingraj Mandir, Bhubaneswar - OSPCB","08-02-2026 09:00:00",20.240790,85.836784,NH3,5,9,7
India,Odisha,Bhubaneswar,"Patia, Bhubaneswar - OSPCB","08-02-2026 09:00:00",20.34652,85.81630,CO,48,112,62
India,Odisha,Bhubaneswar,"Patia, Bhubaneswar - OSPCB","08-02-2026 09:00:00",20.34652,85.81630,OZONE,17,119,29
India,Meghalaya,Shillong,"Lumpyngngad, Shillong - Meghalaya PCB","08-02-2026 09:00:00",25.5586,91.8985,CO,10,28,13
India,Mizoram,Aizawl,"Sikulpuikawn, Aizawl - Mizoram PCB","08-02-2026 09:00:00",23.7176342,92.7192841,PM10,54,62,56
India,Nagaland,Kohima,"PWD Junction, Kohima - NPCB","08-02-2026 09:00:00",25.6635413,94.0989878,PM2.5,1,93,57
India,Nagaland,Kohima,"PWD Junction, Kohima - NPCB","08-02-2026 09:00:00",25.6635413,94.0989878,PM10,35,85,56
India,Nagaland,Kohima,"PWD Junction, Kohima - NPCB","08-02-2026 09:00:00",25.6635413,94.0989878,NO2,3,5,4
India,Odisha,Angul,"Hakimapada, Angul - OSPCB","08-02-2026 09:00:00",20.832874,85.104082,SO2,14,70,26
India,Odisha,Talcher,"Talcher Coalfields,Talcher - OSPCB","08-02-2026 09:00:00",20.9360711,85.1707021,OZONE,28,77,40
India,Odisha,Tensa,"Barsua Iron Ore Mines, Tensa - OSPCB","08-02-2026 09:00:00",21.869985,85.167016,NO2,NA,NA,NA
India,Punjab,Amritsar,"Golden Temple, Amritsar - PPCB","08-02-2026 09:00:00",31.620000,74.876512,PM10,32,120,64
India,Punjab,Amritsar,"Golden Temple, Amritsar - PPCB","08-02-2026 09:00:00",31.620000,74.876512,NO2,26,77,55
India,Punjab,Amritsar,"Golden Temple, Amritsar - PPCB","08-02-2026 09:00:00",31.620000,74.876512,CO,28,48,40
India,Punjab,Bathinda,"Hardev Nagar, Bathinda - PPCB","08-02-2026 09:00:00",30.233011,74.907758,CO,76,80,78
India,Maharashtra,Pimpri-Chinchwad,"Thergaon, Pimpri Chinchwad - MPCB","08-02-2026 09:00:00",18.616318,73.765797,SO2,1,7,4
India,Maharashtra,Pune,"Dhankawadi, Pune - IITM","08-02-2026 09:00:00",18.459883,73.852193,PM10,67,161,121
India,Maharashtra,Pune,"Katraj Dairy, Pune - MPCB","08-02-2026 09:00:00",18.454450,73.854155,SO2,NA,NA,NA
India,Maharashtra,Pune,"Katraj Dairy, Pune - MPCB","08-02-2026 09:00:00",18.454450,73.854155,OZONE,NA,NA,NA
India,Maharashtra,Pune,"Mhada Colony, Pune - IITM","08-02-2026 09:00:00",18.573040,73.927715,PM10,147,209,180
India,Maharashtra,Thane,"Upvan Fort, Thane - MPCB","08-02-2026 09:00:00",19.222279,72.957979,PM10,82,119,104
India,Maharashtra,Thane,"Upvan Fort, Thane - MPCB","08-02-2026 09:00:00",19.222279,72.957979,SO2,9,37,24
India,Meghalaya,Shillong,"Lumpyngngad, Shillong - Meghalaya PCB","08-02-2026 09:00:00",25.5586,91.8985,PM2.5,3,28,12
India,Rajasthan,Bhilwara,"Pratap Nagar, Bhilwara - RSPCB","08-02-2026 09:00:00",25.339605,74.618883,PM10,37,197,115
India,Rajasthan,Bhilwara,"Pratap Nagar, Bhilwara - RSPCB","08-02-2026 09:00:00",25.339605,74.618883,NH3,1,3,1
India,Rajasthan,Bhilwara,"Pratap Nagar, Bhilwara - RSPCB","08-02-2026 09:00:00",25.339605,74.618883,CO,16,123,31
India,Rajasthan,Bhiwadi,"RIICO Ind. Area III, Bhiwadi - RSPCB","08-02-2026 09:00:00",28.194909,76.862296,NH3,6,20,11
India,Rajasthan,Bhiwadi,"RIICO Ind. Area III, Bhiwadi - RSPCB","08-02-2026 09:00:00",28.194909,76.862296,SO2,14,46,35
India,Rajasthan,Bhiwadi,"RIICO Ind. Area III, Bhiwadi - RSPCB","08-02-2026 09:00:00",28.194909,76.862296,CO,2,114,78
India,Rajasthan,Bhiwadi,"Vasundhara Nagar_UIT, Bhiwadi - RSPCB","08-02-2026 09:00:00",28.207266,76.829265,OZONE,4,98,17
India,Rajasthan,Bikaner,"MM Ground, Bikaner - RSPCB","08-02-2026 09:00:00",28.018792,73.292658,PM10,53,247,133
India,Rajasthan,Bundi,"New Colony, Bundi - RSPCB","08-02-2026 09:00:00",25.435774,75.644272,PM10,50,225,106
India,Rajasthan,Chittorgarh,"Shastri Nagar, Chittorgarh - RSPCB","08-02-2026 09:00:00",24.892047,74.623527,PM10,54,345,127
India,Rajasthan,Jaisalmer,"Sadar Bazar, Jaisalmer - RSPCB","08-02-2026 09:00:00",26.912329,70.909168,OZONE,7,95,41
India,Rajasthan,Jalore,"Mudtra Sili, Jalore - RSPCB","08-02-2026 09:00:00",25.344694,72.626208,CO,20,124,42
India,Rajasthan,Jalore,"Mudtra Sili, Jalore - RSPCB","08-02-2026 09:00:00",25.344694,72.626208,OZONE,1,98,11
India,Rajasthan,Jhalawar,"Rajlaxmi Nagar, Jhalawar - RSPCB","08-02-2026 09:00:00",24.588397,76.172782,PM10,78,190,128
India,Rajasthan,Jhalawar,"Rajlaxmi Nagar, Jhalawar - RSPCB","08-02-2026 09:00:00",24.588397,76.172782,NH3,7,16,11
India,Rajasthan,Jhalawar,"Rajlaxmi Nagar, Jhalawar - RSPCB","08-02-2026 09:00:00",24.588397,76.172782,OZONE,5,153,16
India,Rajasthan,Churu,"Subash Chowk, Churu - RSPCB","08-02-2026 09:00:00",28.296139,74.961696,PM2.5,17,363,120
India,Rajasthan,Dausa,"Khatikan Mohalla, Dausa - RSPCB","08-02-2026 09:00:00",26.895552,76.334753,SO2,4,21,9
India,Rajasthan,Dholpur,"Raja Ganj, Dholpur - RSPCB","08-02-2026 09:00:00",26.699557,77.898881,SO2,13,18,14
India,Rajasthan,Dungarpur,"Bhoiwada, Dungarpur - RSPCB","08-02-2026 09:00:00",23.837789,73.714926,PM2.5,60,287,114
India,Rajasthan,Jaipur,"Sector-2 Murlipura, Jaipur - RSPCB","08-02-2026 09:00:00",26.960669,75.771817,PM10,37,293,143
India,Rajasthan,Jaipur,"Sector-2 Murlipura, Jaipur - RSPCB","08-02-2026 09:00:00",26.960669,75.771817,NH3,3,8,6
India,Rajasthan,Jaipur,"Shastri Nagar, Jaipur - RSPCB","08-02-2026 09:00:00",26.9502929,75.730943,PM2.5,52,312,145
India,Rajasthan,Jaipur,"Shastri Nagar, Jaipur - RSPCB","08-02-2026 09:00:00",26.9502929,75.730943,PM10,65,214,121
India,Rajasthan,Jaipur,"Shastri Nagar, Jaipur - RSPCB","08-02-2026 09:00:00",26.9502929,75.730943,NO2,38,119,75
India,Rajasthan,Jaipur,"Adarsh Nagar, Jaipur - RSPCB","08-02-2026 09:00:00",26.902909,75.836858,PM10,90,184,135
India,Rajasthan,Jaipur,"Mansarovar Sector-12, Jaipur - RSPCB","08-02-2026 09:00:00",26.843698,75.766894,PM2.5,20,346,156
India,Rajasthan,Jaipur,"Mansarovar Sector-12, Jaipur - RSPCB","08-02-2026 09:00:00",26.843698,75.766894,PM10,68,500,209
India,Rajasthan,Ajmer,"Civil Lines,  Ajmer - RSPCB","08-02-2026 09:00:00",26.470859,74.646594,CO,NA,NA,NA
India,Rajasthan,Alwar,"Moti Doongri, Alwar - RSPCB","08-02-2026 09:00:00",27.554793,76.611536,NO2,34,71,50
India,Rajasthan,Baran,"Bamboliya, Baran - RSPCB","08-02-2026 09:00:00",25.106006,76.469948,SO2,4,14,10
India,Rajasthan,Baran,"Bamboliya, Baran - RSPCB","08-02-2026 09:00:00",25.106006,76.469948,OZONE,1,122,25
India,Rajasthan,Jaisalmer,"Sadar Bazar, Jaisalmer - RSPCB","08-02-2026 09:00:00",26.912329,70.909168,PM10,81,370,133
India,Rajasthan,Jaipur,"RIICO Sitapura, Jaipur - RSPCB","08-02-2026 09:00:00",26.786682,75.827928,NO2,62,185,122
India,TamilNadu,Perundurai,"SIPCOT Industrial Park, Perundurai - TNPCB","08-02-2026 09:00:00",11.258242,77.552761,SO2,14,15,14
India,TamilNadu,Perundurai,"SIPCOT Industrial Park, Perundurai - TNPCB","08-02-2026 09:00:00",11.258242,77.552761,CO,36,44,41
India,TamilNadu,Thanjavur,"Parisutham Nagar, Thanjavur - TNPCB","08-02-2026 09:00:00",10.7654824,79.1389968,PM10,19,42,31
India,TamilNadu,Thoothukudi,"Meelavittan, Thoothukudi - TNPCB","08-02-2026 09:00:00","8.816428 ",78.099039,SO2,9,19,14
India,TamilNadu,Thoothukudi,"Meelavittan, Thoothukudi - TNPCB","08-02-2026 09:00:00","8.816428 ",78.099039,CO,21,60,35
India,TamilNadu,Thoothukudi,"Meelavittan, Thoothukudi - TNPCB","08-02-2026 09:00:00","8.816428 ",78.099039,OZONE,1,5,2
India,Telangana,Hyderabad,"Bollaram Industrial Area, Hyderabad - TSPCB","08-02-2026 09:00:00",17.540891,78.358528,PM2.5,69,177,111
India,Telangana,Hyderabad,"Central University, Hyderabad - TSPCB","08-02-2026 09:00:00",17.460103,78.334361,NO2,27,59,36
India,Telangana,Hyderabad,"ICRISAT Patancheru, Hyderabad - TSPCB","08-02-2026 09:00:00",17.518400,78.278777,PM2.5,53,183,112
India,Telangana,Hyderabad,"ICRISAT Patancheru, Hyderabad - TSPCB","08-02-2026 09:00:00",17.518400,78.278777,NO2,1,9,4
India,Rajasthan,Jodhpur,"Collectorate, Jodhpur - RSPCB","08-02-2026 09:00:00",26.268249,73.0193853,SO2,1,25,10
India,Rajasthan,Jodhpur,"Digari Kalan, Jodhpur - RSPCB","08-02-2026 09:00:00",26.295810,73.082283,PM2.5,13,243,80
India,Rajasthan,Jodhpur,"Digari Kalan, Jodhpur - RSPCB","08-02-2026 09:00:00",26.295810,73.082283,PM10,45,354,137
India,Rajasthan,Jodhpur,"Jhalamand, Jodhpur - RSPCB","08-02-2026 09:00:00",26.215415,73.070156,NO2,3,82,34
India,Rajasthan,Jodhpur,"Mandor, Jodhpur - RSPCB","08-02-2026 09:00:00",26.358805,73.047444,NO2,2,35,10
India,Rajasthan,Jodhpur,"Mandor, Jodhpur - RSPCB","08-02-2026 09:00:00",26.358805,73.047444,NH3,3,6,4
India,Rajasthan,Jodhpur,"Samrat Ashok Udhyan, Jodhpur - RSPCB","08-02-2026 09:00:00",26.253384,72.976571,SO2,1,44,6
India,Rajasthan,Jodhpur,"Samrat Ashok Udhyan, Jodhpur - RSPCB","08-02-2026 09:00:00",26.253384,72.976571,CO,18,50,26
India,Rajasthan,Karauli,"Satyawati Vihar, Karauli - RSPCB","08-02-2026 09:00:00",26.506177,77.025989,NO2,18,71,30
India,Rajasthan,Karauli,"Satyawati Vihar, Karauli - RSPCB","08-02-2026 09:00:00",26.506177,77.025989,NH3,10,22,15
India,Rajasthan,Kota,"Dhanmandi, Kota - RSPCB","08-02-2026 09:00:00",25.164090,75.858137,PM10,85,286,154
India,Rajasthan,Kota,"Dhanmandi, Kota - RSPCB","08-02-2026 09:00:00",25.164090,75.858137,NO2,33,131,69
India,Rajasthan,Kota,"Dhanmandi, Kota - RSPCB","08-02-2026 09:00:00",25.164090,75.858137,SO2,2,108,18
India,Rajasthan,Kota,"Dhanmandi, Kota - RSPCB","08-02-2026 09:00:00",25.164090,75.858137,CO,13,117,40
India,Rajasthan,Kota,"Shrinath Puram, Kota - RSPCB","08-02-2026 09:00:00",25.14389,75.821256,CO,10,107,22
India,Rajasthan,Nagaur,"Karni Colony, Nagaur - RSPCB","08-02-2026 09:00:00",27.213494,73.734444,PM2.5,15,306,73
India,Rajasthan,Nagaur,"Karni Colony, Nagaur - RSPCB","08-02-2026 09:00:00",27.213494,73.734444,PM10,64,185,114
India,Rajasthan,Nagaur,"Karni Colony, Nagaur - RSPCB","08-02-2026 09:00:00",27.213494,73.734444,NH3,6,14,9
India,Rajasthan,Nagaur,"Karni Colony, Nagaur - RSPCB","08-02-2026 09:00:00",27.213494,73.734444,SO2,4,15,7
India,Rajasthan,Pratapgarh,"Pragati Nagar, Pratapgarh - RSPCB","08-02-2026 09:00:00",24.041198,74.780702,CO,20,36,21
India,Rajasthan,Pratapgarh,"Pragati Nagar, Pratapgarh - RSPCB","08-02-2026 09:00:00",24.041198,74.780702,OZONE,45,87,57
India,TamilNadu,Chennai,"Perungudi, Chennai - TNPCB","08-02-2026 09:00:00",12.9533,80.2357,OZONE,2,22,6
India,TamilNadu,Chennai,"Royapuram, Chennai - TNPCB","08-02-2026 09:00:00",13.1036,80.2909,OZONE,14,33,22
India,TamilNadu,Chennai,"Velachery Res. Area, Chennai - CPCB","08-02-2026 09:00:00",13.0052189,80.2398125,OZONE,2,9,3
India,TamilNadu,Coimbatore,"PSG College of Arts and Science, Coimbatore - TNPCB","08-02-2026 09:00:00",11.0328,77.0349,SO2,3,5,4
India,TamilNadu,Gummidipoondi,"Anthoni Pillai Nagar, Gummidipoondi - TNPCB","08-02-2026 09:00:00",13.4127,80.1081,NO2,17,26,21
India,TamilNadu,Nagapattinam,"Velippalayam, Nagapattinam - TNPCB","08-02-2026 09:00:00",10.798548,79.838212,PM2.5,55,110,78
India,TamilNadu,Nagapattinam,"Velippalayam, Nagapattinam - TNPCB","08-02-2026 09:00:00",10.798548,79.838212,OZONE,1,1,1
India,Sikkim,Gangtok,"Zero Point GICI, Gangtok - SSPCB","08-02-2026 09:00:00",27.338530,88.614099,NH3,1,1,1
India,TamilNadu,Chennai,"Arumbakkam, Chennai - TNPCB","08-02-2026 09:00:00",13.0664,"80.2112 ",SO2,2,30,7
India,TamilNadu,Chennai,"Kodungaiyur, Chennai - TNPCB","08-02-2026 09:00:00",13.1278,80.2642,SO2,4,18,8
India,TamilNadu,Chennai,"Manali Village, Chennai - TNPCB","08-02-2026 09:00:00",13.1662,80.2584,PM10,55,138,97
India,TamilNadu,Chennai,"Manali Village, Chennai - TNPCB","08-02-2026 09:00:00",13.1662,80.2584,NO2,2,8,5
India,TamilNadu,Chennai,"Manali, Chennai - CPCB","08-02-2026 09:00:00",13.164544,80.26285,NH3,6,7,7
India,TamilNadu,Chennai,"Manali, Chennai - CPCB","08-02-2026 09:00:00",13.164544,80.26285,CO,11,52,21
India,Telangana,Hyderabad,"IDA Pashamylaram, Hyderabad - TSPCB","08-02-2026 09:00:00",17.5316895,78.218939,SO2,2,19,9
India,Telangana,Hyderabad,"IITH Kandi, Hyderabad - TSPCB","08-02-2026 09:00:00",17.585705,78.126199,PM10,78,95,84
India,Telangana,Hyderabad,"IITH Kandi, Hyderabad - TSPCB","08-02-2026 09:00:00",17.585705,78.126199,NH3,3,4,3
India,Telangana,Hyderabad,"IITH Kandi, Hyderabad - TSPCB","08-02-2026 09:00:00",17.585705,78.126199,SO2,14,17,15
India,Telangana,Hyderabad,"Kokapet, Hyderabad - TSPCB","08-02-2026 09:00:00",17.393559,78.339194,PM2.5,48,71,58
India,Telangana,Hyderabad,"Kokapet, Hyderabad - TSPCB","08-02-2026 09:00:00",17.393559,78.339194,NH3,2,2,2
India,Rajasthan,Sikar,"Radhakishan Pura, Sikar - RSPCB","08-02-2026 09:00:00",27.608912,75.153302,OZONE,5,92,35
India,Rajasthan,Tonk,"Shastri Nagar, Tonk - RSPCB","08-02-2026 09:00:00",26.159933,75.780517,PM2.5,38,293,102
India,Rajasthan,Udaipur,"Ashok Nagar, Udaipur - RSPCB","08-02-2026 09:00:00",24.5886166,73.6321397,PM10,69,169,112
India,Rajasthan,Udaipur,"Ashok Nagar, Udaipur - RSPCB","08-02-2026 09:00:00",24.5886166,73.6321397,SO2,6,11,8
India,Rajasthan,Rajsamand,"Dhoinda, Rajsamand - RSPCB","08-02-2026 09:00:00",25.036360,73.883502,NH3,7,20,13
India,Rajasthan,"Sawai Madhopur","Sahu Nagar, Sawai Madhopur - RSPCB","08-02-2026 09:00:00",26.031443,76.359327,NH3,3,9,6
India,Rajasthan,Jodhpur,"Collectorate, Jodhpur - RSPCB","08-02-2026 09:00:00",26.268249,73.0193853,NH3,9,40,16
India,Uttar_Pradesh,"Greater Noida","Knowledge Park - V, Greater Noida - UPPCB","08-02-2026 09:00:00",28.557054,77.453663,SO2,11,22,17
India,Uttar_Pradesh,Hapur,"Anand Vihar, Hapur - UPPCB","08-02-2026 09:00:00",28.725645,77.749675,PM2.5,58,500,130
India,Uttar_Pradesh,Hapur,"Anand Vihar, Hapur - UPPCB","08-02-2026 09:00:00",28.725645,77.749675,CO,37,60,42
India,Uttar_Pradesh,Hapur,"Anand Vihar, Hapur - UPPCB","08-02-2026 09:00:00",28.725645,77.749675,OZONE,16,81,26
India,Uttar_Pradesh,Jhansi,"Shivaji Nagar, Jhansi - UPPCB","08-02-2026 09:00:00",25.4547,78.6039,NO2,6,7,6
India,Uttar_Pradesh,Jhansi,"Shivaji Nagar, Jhansi - UPPCB","08-02-2026 09:00:00",25.4547,78.6039,OZONE,1,23,1
India,Uttar_Pradesh,Kanpur,"FTI Kidwai Nagar, Kanpur - UPPCB","08-02-2026 09:00:00",26.428282,80.327067,SO2,12,18,16
India,Uttar_Pradesh,Kanpur,"NSI Kalyanpur, Kanpur - UPPCB","08-02-2026 09:00:00",26.509954,80.249612,SO2,25,40,27
India,Uttar_Pradesh,Firozabad,"Nagla Bhau, Firozabad - UPPCB","08-02-2026 09:00:00",27.168897,78.376960,CO,1,78,7
India,Uttar_Pradesh,Ghaziabad,"Indirapuram, Ghaziabad - UPPCB","08-02-2026 09:00:00",28.646233,77.358075,PM2.5,NA,NA,NA
India,Uttar_Pradesh,Ghaziabad,"Indirapuram, Ghaziabad - UPPCB","08-02-2026 09:00:00",28.646233,77.358075,NH3,18,22,20
India,Uttar_Pradesh,Ghaziabad,"Indirapuram, Ghaziabad - UPPCB","08-02-2026 09:00:00",28.646233,77.358075,SO2,16,28,23
India,Uttar_Pradesh,Ghaziabad,"Loni, Ghaziabad - UPPCB","08-02-2026 09:00:00",28.757294,77.278792,PM2.5,145,345,267
India,Uttar_Pradesh,Ghaziabad,"Loni, Ghaziabad - UPPCB","08-02-2026 09:00:00",28.757294,77.278792,SO2,5,27,16
India,Uttar_Pradesh,Ghaziabad,"Loni, Ghaziabad - UPPCB","08-02-2026 09:00:00",28.757294,77.278792,CO,46,80,62
India,Uttar_Pradesh,Agra,"Shastripuram, Agra - UPPCB","08-02-2026 09:00:00",27.19862,77.92066,CO,12,26,15
India,Uttar_Pradesh,Agra,"Shastripuram, Agra - UPPCB","08-02-2026 09:00:00",27.19862,77.92066,OZONE,11,12,11
India,Uttar_Pradesh,Bareilly,"Civil Lines, Bareilly - UPPCB","08-02-2026 09:00:00",28.359581,79.414455,PM10,39,61,49
India,Uttar_Pradesh,Bareilly,"Civil Lines, Bareilly - UPPCB","08-02-2026 09:00:00",28.359581,79.414455,NH3,1,2,1
India,Uttar_Pradesh,Kanpur,"Nehru Nagar, Kanpur - UPPCB","08-02-2026 09:00:00",26.4703136,80.3229863,CO,40,106,59
India,Uttar_Pradesh,Khurja,"Kalindi Kunj, Khurja - UPPCB","08-02-2026 09:00:00",28.2348927,77.8683002,PM10,28,168,120
India,Uttar_Pradesh,Khurja,"Kalindi Kunj, Khurja - UPPCB","08-02-2026 09:00:00",28.2348927,77.8683002,NH3,1,1,1
India,Uttar_Pradesh,Khurja,"Kalindi Kunj, Khurja - UPPCB","08-02-2026 09:00:00",28.2348927,77.8683002,CO,12,48,46
India,Telangana,Hyderabad,"New Malakpet, Hyderabad - TSPCB","08-02-2026 09:00:00",17.37206,78.50864,NO2,13,18,15
India,Telangana,Hyderabad,"New Malakpet, Hyderabad - TSPCB","08-02-2026 09:00:00",17.37206,78.50864,SO2,14,20,16
India,Telangana,Hyderabad,"New Malakpet, Hyderabad - TSPCB","08-02-2026 09:00:00",17.37206,78.50864,CO,24,41,25
India,Telangana,Hyderabad,"Ramachandrapuram, Hyderabad - TSPCB","08-02-2026 09:00:00",17.528544,78.286195,PM2.5,39,57,45
India,Uttar_Pradesh,Gorakhpur,"Madan Mohan Malaviya University of Technology, Gorakhpur - UPPCB","08-02-2026 09:00:00",26.730136,83.433859,PM10,37,146,103
India,Uttar_Pradesh,"Greater Noida","Knowledge Park - V, Greater Noida - UPPCB","08-02-2026 09:00:00",28.557054,77.453663,PM2.5,86,303,170
India,Uttar_Pradesh,Agra,"Sector-3B Avas Vikas Colony, Agra - UPPCB","08-02-2026 09:00:00",27.19412,77.96237,SO2,11,17,11
India,Uttar_Pradesh,Agra,"Shastripuram, Agra - UPPCB","08-02-2026 09:00:00",27.19862,77.92066,NO2,36,36,36
India,Telangana,Hyderabad,"Ramachandrapuram, Hyderabad - TSPCB","08-02-2026 09:00:00",17.528544,78.286195,NH3,3,5,3
India,Uttar_Pradesh,Agra,"Manoharpur, Agra - UPPCB","08-02-2026 09:00:00",27.23711,78.01936,SO2,4,8,6
India,Uttar_Pradesh,Moradabad,"Kashiram Nagar, Moradabad - UPPCB","08-02-2026 09:00:00",28.849399,78.742362,NH3,4,4,4
India,Uttar_Pradesh,Muzaffarnagar,"New Mandi, Muzaffarnagar - UPPCB","08-02-2026 09:00:00",29.4723508,77.7194031,OZONE,31,87,36
India,Uttar_Pradesh,Noida,"Sector - 125, Noida - UPPCB","08-02-2026 09:00:00",28.5447608,77.3231257,PM2.5,80,308,181
India,Uttar_Pradesh,Noida,"Sector - 125, Noida - UPPCB","08-02-2026 09:00:00",28.5447608,77.3231257,PM10,70,159,114
India,Uttar_Pradesh,Noida,"Sector - 125, Noida - UPPCB","08-02-2026 09:00:00",28.5447608,77.3231257,NH3,3,3,3
India,Uttar_Pradesh,Noida,"Sector - 125, Noida - UPPCB","08-02-2026 09:00:00",28.5447608,77.3231257,OZONE,8,17,8
India,Uttar_Pradesh,Noida,"Sector - 62, Noida - IMD","08-02-2026 09:00:00",28.6245479,77.3577104,NO2,8,23,14
India,Uttar_Pradesh,Noida,"Sector - 62, Noida - IMD","08-02-2026 09:00:00",28.6245479,77.3577104,CO,8,29,18
India,Uttar_Pradesh,Noida,"Sector-1, Noida - UPPCB","08-02-2026 09:00:00",28.5898,77.3101,SO2,6,16,9
India,Uttar_Pradesh,Noida,"Sector-116, Noida - UPPCB","08-02-2026 09:00:00",28.569230,77.393848,SO2,6,18,11
India,Uttar_Pradesh,Noida,"Sector-116, Noida - UPPCB","08-02-2026 09:00:00",28.569230,77.393848,CO,28,100,45
India,Uttar_Pradesh,Prayagraj,"Jhunsi, Prayagraj - UPPCB","08-02-2026 09:00:00",25.425602,81.917152,NO2,6,6,6
India,Uttar_Pradesh,Prayagraj,"Jhunsi, Prayagraj - UPPCB","08-02-2026 09:00:00",25.425602,81.917152,CO,4,28,11
India,Uttar_Pradesh,Prayagraj,"Jhunsi, Prayagraj - UPPCB","08-02-2026 09:00:00",25.425602,81.917152,OZONE,17,31,17
India,Uttar_Pradesh,Prayagraj,"Motilal Nehru NIT, Prayagraj - UPPCB","08-02-2026 09:00:00",25.494,81.863,NH3,7,8,8
India,Uttar_Pradesh,Varanasi,"Ardhali Bazar, Varanasi - UPPCB","08-02-2026 09:00:00",25.3505986,82.9083074,NO2,40,43,42
India,Uttar_Pradesh,Varanasi,"Ardhali Bazar, Varanasi - UPPCB","08-02-2026 09:00:00",25.3505986,82.9083074,CO,12,24,15
India,Uttar_Pradesh,Varanasi,"Ardhali Bazar, Varanasi - UPPCB","08-02-2026 09:00:00",25.3505986,82.9083074,OZONE,14,38,27
India,Uttar_Pradesh,Moradabad,"Buddhi Vihar, Moradabad - UPPCB","08-02-2026 09:00:00",28.83526,78.74460,PM2.5,32,80,60
India,Uttar_Pradesh,Moradabad,"Buddhi Vihar, Moradabad - UPPCB","08-02-2026 09:00:00",28.83526,78.74460,PM10,53,164,77
India,Uttar_Pradesh,Moradabad,"Eco Herbal Park, Moradabad - UPPCB","08-02-2026 09:00:00",28.840739,78.697531,PM10,83,125,103
India,Uttar_Pradesh,Moradabad,"Employment Office, Moradabad - UPPCB","08-02-2026 09:00:00",28.88528,78.73880,PM10,73,121,100
India,Uttar_Pradesh,Moradabad,"Employment Office, Moradabad - UPPCB","08-02-2026 09:00:00",28.88528,78.73880,CO,2,42,30
India,Uttar_Pradesh,Moradabad,"Jigar Colony, Moradabad - UPPCB","08-02-2026 09:00:00",28.856664,78.772638,PM10,76,110,93
India,Uttar_Pradesh,Moradabad,"Jigar Colony, Moradabad - UPPCB","08-02-2026 09:00:00",28.856664,78.772638,SO2,12,49,26
India,Uttarakhand,Rishikesh,"Shivaji Nagar, Rishikesh - UKPCB","08-02-2026 09:00:00",30.075911,78.2859547,CO,37,37,37
India,Uttarakhand,Rishikesh,"Shivaji Nagar, Rishikesh - UKPCB","08-02-2026 09:00:00",30.075911,78.2859547,OZONE,61,61,61
India,West_Bengal,Asansol,"Asansol Court Area, Asansol - WBPCB","08-02-2026 09:00:00",23.685297,86.945968,PM10,59,124,95
India,West_Bengal,Asansol,"Asansol Court Area, Asansol - WBPCB","08-02-2026 09:00:00",23.685297,86.945968,NH3,2,9,5
India,West_Bengal,Asansol,"Asansol Court Area, Asansol - WBPCB","08-02-2026 09:00:00",23.685297,86.945968,SO2,19,78,35
India,West_Bengal,Asansol,"Asansol Court Area, Asansol - WBPCB","08-02-2026 09:00:00",23.685297,86.945968,CO,16,91,68
India,West_Bengal,Asansol,"Trivenidevi Bhalotia College, Asansol - WBPCB","08-02-2026 09:00:00",23.616515,87.119133,PM2.5,44,176,98
India,Uttar_Pradesh,Varanasi,"Bhelupur, Varanasi - UPPCB","08-02-2026 09:00:00",25.301778,82.996789,CO,2,27,14
India,Uttar_Pradesh,Varanasi,"IESD Banaras Hindu University, Varanasi - UPPCB","08-02-2026 09:00:00",25.262326,82.995408,NH3,1,3,2
India,Uttar_Pradesh,Varanasi,"Maldahiya, Varanasi - UPPCB","08-02-2026 09:00:00",25.32393,82.99687,SO2,27,29,28
India,Uttar_Pradesh,Varanasi,"Maldahiya, Varanasi - UPPCB","08-02-2026 09:00:00",25.32393,82.99687,CO,4,28,20
India,Uttarakhand,Kashipur,"Govt. Girls Inter College, Kashipur - UKPCB","08-02-2026 09:00:00",29.2124114,78.9611753,PM2.5,NA,NA,NA
India,Uttarakhand,Kashipur,"Govt. Girls Inter College, Kashipur - UKPCB","08-02-2026 09:00:00",29.2124114,78.9611753,NH3,NA,NA,NA
India,Uttar_Pradesh,Lucknow,"Lalbagh, Lucknow - CPCB","08-02-2026 09:00:00",26.8458805,80.9365541,PM10,100,391,209
India,Uttar_Pradesh,Lucknow,"Talkatora District Industries Center, Lucknow - CPCB","08-02-2026 09:00:00",26.83399722,80.8917361,PM10,100,122,110
India,Uttar_Pradesh,Lucknow,"Talkatora District Industries Center, Lucknow - CPCB","08-02-2026 09:00:00",26.83399722,80.8917361,SO2,7,16,11
India,Uttar_Pradesh,Meerut,"Ganga Nagar, Meerut - UPPCB","08-02-2026 09:00:00",28.999264,77.7590354,OZONE,14,34,32
India,Uttar_Pradesh,Lucknow,"B R Ambedkar University, Lucknow - UPPCB","08-02-2026 09:00:00",26.766433,80.927299,SO2,25,34,30
India,Uttar_Pradesh,Lucknow,"Gomti Nagar, Lucknow - UPPCB","08-02-2026 09:00:00",26.868120,81.005119,SO2,9,11,10
India,Uttar_Pradesh,Lucknow,"Kukrail Picnic Spot-1, Lucknow - UPPCB","08-02-2026 09:00:00",26.90723,80.98579,NO2,31,33,32
India,West_Bengal,Barrackpore,"SVSPA Campus, Barrackpore - WBPCB","08-02-2026 09:00:00",22.7605581,88.3617589,NH3,3,6,5
India,West_Bengal,Durgapur,"Mahishkapur Road_B-Zone, Durgapur - WBPCB","08-02-2026 09:00:00",23.567923,87.306843,SO2,4,64,13
India,West_Bengal,Durgapur,"Mahishkapur Road_B-Zone, Durgapur - WBPCB","08-02-2026 09:00:00",23.567923,87.306843,OZONE,5,61,10
India,West_Bengal,Durgapur,"Womens College_City Center, Durgapur - WBPCB","08-02-2026 09:00:00",23.549395,87.300496,PM2.5,53,163,95
India,West_Bengal,Howrah,"Dasnagar, Howrah - WBPCB","08-02-2026 09:00:00",22.6025571,88.3105664,OZONE,15,158,17
India,West_Bengal,Howrah,"Ghusuri, Howrah - WBPCB","08-02-2026 09:00:00",22.611968,88.347422,PM10,107,299,171
India,West_Bengal,Howrah,"Ghusuri, Howrah - WBPCB","08-02-2026 09:00:00",22.611968,88.347422,CO,40,110,89
India,West_Bengal,Howrah,"Padmapukur, Howrah - WBPCB","08-02-2026 09:00:00",22.5687319,88.2797276,PM2.5,64,318,158
India,West_Bengal,Howrah,"Padmapukur, Howrah - WBPCB","08-02-2026 09:00:00",22.5687319,88.2797276,NO2,36,169,99
India,West_Bengal,Howrah,"Padmapukur, Howrah - WBPCB","08-02-2026 09:00:00",22.5687319,88.2797276,SO2,1,12,7
India,West_Bengal,Kolkata,"Ballygunge, Kolkata - WBPCB","08-02-2026 09:00:00",22.5367507,88.3638022,PM2.5,69,324,186
India,West_Bengal,Kolkata,"Ballygunge, Kolkata - WBPCB","08-02-2026 09:00:00",22.5367507,88.3638022,NH3,7,11,9
India,West_Bengal,Kolkata,"Ballygunge, Kolkata - WBPCB","08-02-2026 09:00:00",22.5367507,88.3638022,SO2,9,36,20
India,West_Bengal,Kolkata,"Bidhannagar, Kolkata - WBPCB","08-02-2026 09:00:00",22.58157048,88.41002457,OZONE,13,70,17
India,West_Bengal,Kolkata,"Fort William, Kolkata - WBPCB","08-02-2026 09:00:00",22.556640,88.342674,NH3,9,14,11
India,West_Bengal,Kolkata,"Fort William, Kolkata - WBPCB","08-02-2026 09:00:00",22.556640,88.342674,CO,22,107,85
India,West_Bengal,Kolkata,"Jadavpur, Kolkata - WBPCB","08-02-2026 09:00:00",22.49929,88.36917,PM2.5,84,360,207
India,West_Bengal,Kolkata,"Rabindra Bharati University, Kolkata - WBPCB","08-02-2026 09:00:00",22.627847,88.380669,CO,33,108,81
India,West_Bengal,Kolkata,"Victoria, Kolkata - WBPCB","08-02-2026 09:00:00",22.5448082,88.3403691,PM2.5,68,269,135
India,West_Bengal,Kolkata,"Victoria, Kolkata - WBPCB","08-02-2026 09:00:00",22.5448082,88.3403691,PM10,95,229,147
India,West_Bengal,Kolkata,"Victoria, Kolkata - WBPCB","08-02-2026 09:00:00",22.5448082,88.3403691,SO2,6,35,17
India,West_Bengal,Siliguri,"Ward-32 Bapupara, Siliguri - WBPCB","08-02-2026 09:00:00",26.6879226,88.4152495,PM2.5,99,179,144
India,West_Bengal,Siliguri,"Ward-32 Bapupara, Siliguri - WBPCB","08-02-2026 09:00:00",26.6879226,88.4152495,OZONE,57,142,75
India,Bihar,Patna,"Govt. High School Shikarpur, Patna - BSPCB","08-02-2026 09:00:00",25.592539,85.227158,PM10,13,178,111
India,Bihar,Patna,"Govt. High School Shikarpur, Patna - BSPCB","08-02-2026 09:00:00",25.592539,85.227158,OZONE,7,12,10
India,Bihar,Patna,"IGSC Planetarium Complex, Patna - BSPCB","08-02-2026 09:00:00",25.610369,85.132568,NO2,2,2,2
India,Bihar,Patna,"IGSC Planetarium Complex, Patna - BSPCB","08-02-2026 09:00:00",25.610369,85.132568,CO,31,40,33
India,Bihar,Patna,"Muradpur, Patna - BSPCB","08-02-2026 09:00:00",25.619651,85.147382,PM2.5,50,70,59
India,Bihar,Patna,"Rajbansi Nagar, Patna - BSPCB","08-02-2026 09:00:00",25.599486,85.113666,PM10,70,123,95
India,Bihar,Patna,"Rajbansi Nagar, Patna - BSPCB","08-02-2026 09:00:00",25.599486,85.113666,CO,20,56,38
India,Bihar,Patna,"Samanpura, Patna - BSPCB","08-02-2026 09:00:00",25.596727,85.085624,PM2.5,52,90,74
India,Bihar,Patna,"Samanpura, Patna - BSPCB","08-02-2026 09:00:00",25.596727,85.085624,CO,26,64,34
India,Bihar,Patna,"Samanpura, Patna - BSPCB","08-02-2026 09:00:00",25.596727,85.085624,OZONE,3,95,4
India,Bihar,Purnia,"Mariam Nagar, Purnia - BSPCB","08-02-2026 09:00:00",25.366336,87.117468,NO2,5,6,6
India,Bihar,Purnia,"Mariam Nagar, Purnia - BSPCB","08-02-2026 09:00:00",25.366336,87.117468,NH3,3,3,3
India,Bihar,Purnia,"Mariam Nagar, Purnia - BSPCB","08-02-2026 09:00:00",25.366336,87.117468,SO2,14,21,16
India,Bihar,Gaya,"Kareemganj, Gaya - BSPCB","08-02-2026 09:00:00",24.792403,84.992416,SO2,42,45,44
India,Bihar,Gaya,"SFTI Kusdihra, Gaya - BSPCB","08-02-2026 09:00:00",24.762518,84.982348,PM2.5,55,87,71
India,Bihar,Hajipur,"Industrial Area, Hajipur - BSPCB","08-02-2026 09:00:00",25.697189,85.245900,CO,14,48,38
India,Bihar,Katihar,"Mirchaibari, Katihar - BSPCB","08-02-2026 09:00:00",25.560083,87.553265,PM2.5,47,103,70
India,Bihar,Katihar,"Mirchaibari, Katihar - BSPCB","08-02-2026 09:00:00",25.560083,87.553265,OZONE,5,35,7
India,Bihar,Kishanganj,"SDM Office_Khagra, Kishanganj - BSPCB","08-02-2026 09:00:00",26.0881305,87.93840336,PM10,35,68,51
India,Bihar,Kishanganj,"SDM Office_Khagra, Kishanganj - BSPCB","08-02-2026 09:00:00",26.0881305,87.93840336,NO2,9,12,11
India,Bihar,Kishanganj,"SDM Office_Khagra, Kishanganj - BSPCB","08-02-2026 09:00:00",26.0881305,87.93840336,SO2,3,10,7
India,Bihar,Kishanganj,"SDM Office_Khagra, Kishanganj - BSPCB","08-02-2026 09:00:00",26.0881305,87.93840336,CO,17,23,18
India,Bihar,Manguraha,"Forest Rest House, Manguraha - BSPCB","08-02-2026 09:00:00",27.308328,84.531742,OZONE,9,11,10
India,Bihar,Rajgir,"Dangi Tola, Rajgir - BSPCB","08-02-2026 09:00:00",25.03280,85.41948,SO2,NA,NA,NA
India,Bihar,Rajgir,"Dangi Tola, Rajgir - BSPCB","08-02-2026 09:00:00",25.03280,85.41948,CO,79,100,85
India,Bihar,Saharsa,"Police Line, Saharsa - BSPCB","08-02-2026 09:00:00",25.892357,86.590325,PM10,75,179,131
India,Bihar,Samastipur,"DM Office_Kasipur, Samastipur - BSPCB","08-02-2026 09:00:00",25.859655,85.77944,PM2.5,50,237,94
India,Bihar,Samastipur,"DM Office_Kasipur, Samastipur - BSPCB","08-02-2026 09:00:00",25.859655,85.77944,SO2,NA,NA,NA
India,Bihar,Samastipur,"DM Office_Kasipur, Samastipur - BSPCB","08-02-2026 09:00:00",25.859655,85.77944,CO,NA,NA,NA
India,Bihar,Sasaram,"Dada Peer, Sasaram - BSPCB","08-02-2026 09:00:00",24.952822,84.002396,NH3,2,4,3
India,Chandigarh,Chandigarh,"Sector 22, Chandigarh - CPCC","08-02-2026 09:00:00",30.735567,76.775714,NO2,27,84,41
India,Chandigarh,Chandigarh,"Sector 22, Chandigarh - CPCC","08-02-2026 09:00:00",30.735567,76.775714,NH3,10,15,12
India,Chandigarh,Chandigarh,"Sector 22, Chandigarh - CPCC","08-02-2026 09:00:00",30.735567,76.775714,SO2,6,12,9
India,Andhra_Pradesh,Vijayawada,"Rajiv Gandhi Park, Vijayawada - APPCB","08-02-2026 09:00:00",16.509717,80.612222,PM2.5,NA,NA,NA
India,Andhra_Pradesh,Vijayawada,"Rajiv Gandhi Park, Vijayawada - APPCB","08-02-2026 09:00:00",16.509717,80.612222,PM10,NA,NA,NA
India,Andhra_Pradesh,Vijayawada,"Rajiv Gandhi Park, Vijayawada - APPCB","08-02-2026 09:00:00",16.509717,80.612222,NO2,NA,NA,NA
India,Andhra_Pradesh,Vijayawada,"Rajiv Gandhi Park, Vijayawada - APPCB","08-02-2026 09:00:00",16.509717,80.612222,OZONE,NA,NA,NA
India,Andhra_Pradesh,Vijayawada,"Rajiv Nagar, Vijayawada - APPCB","08-02-2026 09:00:00",16.554731,80.649110,CO,23,38,30
India,Andhra_Pradesh,Visakhapatnam,"GVM Corporation, Visakhapatnam - APPCB","08-02-2026 09:00:00",17.72,83.3,SO2,2,123,27
India,Arunachal_Pradesh,Naharlagun,"Naharlagun, Naharlagun - APSPCB","08-02-2026 09:00:00",27.103358,93.679645,SO2,9,10,10
India,Assam,Byrnihat,"Central Academy for SFS, Byrnihat - PCBA","08-02-2026 09:00:00",26.071318,91.87488,PM2.5,90,240,142
India,Assam,Byrnihat,"Central Academy for SFS, Byrnihat - PCBA","08-02-2026 09:00:00",26.071318,91.87488,CO,24,70,53
India,Bihar,Bhagalpur,"Mayaganj, Bhagalpur - BSPCB","08-02-2026 09:00:00",25.265194,87.012947,PM10,75,139,92
India,Bihar,"Bihar Sharif","D M Colony, Bihar Sharif - BSPCB","08-02-2026 09:00:00",25.204762,85.514960,NO2,9,10,9
India,Bihar,"Bihar Sharif","D M Colony, Bihar Sharif - BSPCB","08-02-2026 09:00:00",25.204762,85.514960,CO,47,66,50
India,Bihar,Buxar,"Charitra Van, Buxar - BSPCB","08-02-2026 09:00:00",25.567520,83.966379,PM10,52,75,64
India,Bihar,Buxar,"Charitra Van, Buxar - BSPCB","08-02-2026 09:00:00",25.567520,83.966379,NO2,9,10,10
India,Bihar,Buxar,"Charitra Van, Buxar - BSPCB","08-02-2026 09:00:00",25.567520,83.966379,NH3,3,3,3
India,Bihar,Buxar,"Charitra Van, Buxar - BSPCB","08-02-2026 09:00:00",25.567520,83.966379,SO2,15,37,29
India,Bihar,Buxar,"Charitra Van, Buxar - BSPCB","08-02-2026 09:00:00",25.567520,83.966379,OZONE,3,55,6
India,Bihar,Chhapra,"Darshan Nagar, Chhapra - BSPCB","08-02-2026 09:00:00",25.7808257,84.7446768,CO,40,62,57
India,Bihar,Gaya,"Collectorate, Gaya - BSPCB","08-02-2026 09:00:00",24.7955,84.9994,CO,48,72,51
India,Bihar,Motihari,"Gandak Colony, Motihari - BSPCB","08-02-2026 09:00:00",26.63086,84.90051,OZONE,3,5,4
India,Bihar,Munger,"Town Hall, Munger - BSPCB","08-02-2026 09:00:00",25.376776,86.471523,NH3,2,3,2
India,Bihar,Muzaffarpur,"Buddha Colony, Muzaffarpur - BSPCB","08-02-2026 09:00:00",26.11442,85.39813,PM2.5,147,334,259
India,Bihar,Muzaffarpur,"MIT-Daudpur Kothi, Muzaffarpur - BSPCB","08-02-2026 09:00:00",26.1403345,85.3650192,SO2,4,6,5
India,Bihar,Muzaffarpur,"Muzaffarpur Collectorate, Muzaffarpur - BSPCB","08-02-2026 09:00:00",26.1209,85.3647,NO2,8,15,10
India,Bihar,Muzaffarpur,"Muzaffarpur Collectorate, Muzaffarpur - BSPCB","08-02-2026 09:00:00",26.1209,85.3647,CO,28,76,50
India,Bihar,Patna,"DRM Office Danapur, Patna - BSPCB","08-02-2026 09:00:00",25.586562,85.043586,NO2,47,54,50
India,Bihar,Patna,"DRM Office Danapur, Patna - BSPCB","08-02-2026 09:00:00",25.586562,85.043586,NH3,4,5,5
India,Bihar,Patna,"DRM Office Danapur, Patna - BSPCB","08-02-2026 09:00:00",25.586562,85.043586,SO2,5,8,6
India,Andhra_Pradesh,Kadapa,"Yerramukkapalli, Kadapa - APPCB","08-02-2026 09:00:00",14.465052,78.824187,SO2,7,7,7
India,Andhra_Pradesh,Rajamahendravaram,"Anand Kala Kshetram, Rajamahendravaram - APPCB","08-02-2026 09:00:00",16.9872867,81.7363176,PM10,88,164,121
India,Andhra_Pradesh,Rajamahendravaram,"Anand Kala Kshetram, Rajamahendravaram - APPCB","08-02-2026 09:00:00",16.9872867,81.7363176,SO2,10,25,18
India,Andhra_Pradesh,Tirumala,"Toll Gate, Tirumala - APPCB","08-02-2026 09:00:00",13.67,79.35,NH3,2,3,2
India,Andhra_Pradesh,Tirupati,"Vaikuntapuram, Tirupati - APPCB","08-02-2026 09:00:00",13.615387,79.409230,NH3,NA,NA,NA
India,Andhra_Pradesh,Vijayawada,"HB Colony, Vijayawada - APPCB","08-02-2026 09:00:00",16.536107,80.594233,SO2,13,17,16
India,Andhra_Pradesh,Vijayawada,"Kanuru, Vijayawada - APPCB","08-02-2026 09:00:00",16.486692,80.699436,NH3,4,4,4
India,Assam,Guwahati,"LGBI Airport, Guwahati - PCBA","08-02-2026 09:00:00",26.10887,91.589544,NH3,4,5,5
India,Assam,Guwahati,"Pan Bazaar, Guwahati - PCBA","08-02-2026 09:00:00",26.187500,91.744194,SO2,24,43,33
India,Assam,Guwahati,"Railway Colony, Guwahati - PCBA","08-02-2026 09:00:00",26.181742,91.78063,PM2.5,160,384,281
India,Assam,Guwahati,"Railway Colony, Guwahati - PCBA","08-02-2026 09:00:00",26.181742,91.78063,NO2,3,4,3
India,Assam,Guwahati,"Railway Colony, Guwahati - PCBA","08-02-2026 09:00:00",26.181742,91.78063,CO,1,48,14
India,Assam,Nalbari,"Bata Chowk, Nalbari - PCBA","08-02-2026 09:00:00",26.446912,91.439057,OZONE,4,16,16
India,Assam,Silchar,"Tarapur, Silchar - PCBA","08-02-2026 09:00:00",24.82827,92.79525,NH3,1,2,2
India,Bihar,Araria,"Kharahiya Basti, Araria - BSPCB","08-02-2026 09:00:00",26.146529,87.454184,NH3,4,4,4
India,Bihar,Araria,"Kharahiya Basti, Araria - BSPCB","08-02-2026 09:00:00",26.146529,87.454184,SO2,19,42,31
India,Bihar,Arrah,"New DM Office, Arrah - BSPCB","08-02-2026 09:00:00",25.5626095,84.663264,NH3,1,1,1
India,Bihar,Aurangabad,"Gurdeo Nagar, Aurangabad - BSPCB","08-02-2026 09:00:00",24.75746,84.366208,CO,101,103,102
India,Bihar,Aurangabad,"Gurdeo Nagar, Aurangabad - BSPCB","08-02-2026 09:00:00",24.75746,84.366208,OZONE,24,73,30
India,Bihar,Bettiah,"Kamalnath Nagar, Bettiah - BSPCB","08-02-2026 09:00:00",26.80365,84.51954,PM10,32,109,75
India,Bihar,Bettiah,"Kamalnath Nagar, Bettiah - BSPCB","08-02-2026 09:00:00",26.80365,84.51954,SO2,5,13,10
India,Andhra_Pradesh,Amaravati,"Secretariat, Amaravati - APPCB","08-02-2026 09:00:00",16.5150833,80.5181667,NH3,4,7,5
India,Andhra_Pradesh,Anantapur,"Gulzarpet, Anantapur - APPCB","08-02-2026 09:00:00",14.675886,77.593027,PM10,76,95,88
India,Andhra_Pradesh,Anantapur,"Gulzarpet, Anantapur - APPCB","08-02-2026 09:00:00",14.675886,77.593027,CO,26,44,33
India,Andhra_Pradesh,Chittoor,"Gangineni Cheruvu, Chittoor - APPCB","08-02-2026 09:00:00",13.204880,79.097889,SO2,NA,NA,NA
India,Delhi,Delhi,"Alipur, Delhi - DPCC","08-02-2026 09:00:00",28.815329,77.153010,PM2.5,NA,NA,NA
India,Delhi,Delhi,"Anand Vihar, Delhi - DPCC","08-02-2026 09:00:00",28.647622,77.3158090,OZONE,7,27,11
India,Delhi,Delhi,"Ashok Vihar, Delhi - DPCC","08-02-2026 09:00:00",28.695381,77.181665,NH3,8,8,8
India,Delhi,Delhi,"Ashok Vihar, Delhi - DPCC","08-02-2026 09:00:00",28.695381,77.181665,OZONE,13,98,37
India,Delhi,Delhi,"Aya Nagar, Delhi - IMD","08-02-2026 09:00:00",28.4706914,77.1099364,PM2.5,74,196,115
India,Delhi,Delhi,"Aya Nagar, Delhi - IMD","08-02-2026 09:00:00",28.4706914,77.1099364,CO,12,41,24
India,Delhi,Delhi,"Aya Nagar, Delhi - IMD","08-02-2026 09:00:00",28.4706914,77.1099364,OZONE,13,75,20
India,Delhi,Delhi,"Bawana, Delhi - DPCC","08-02-2026 09:00:00",28.776200,77.051074,NO2,6,35,16
India,Delhi,Delhi,"Bawana, Delhi - DPCC","08-02-2026 09:00:00",28.776200,77.051074,NH3,5,8,6
India,Delhi,Delhi,"Bawana, Delhi - DPCC","08-02-2026 09:00:00",28.776200,77.051074,OZONE,8,87,25
India,Chhattisgarh,Raipur,"AIIMS, Raipur - CECB","08-02-2026 09:00:00",21.258815,81.578979,PM10,24,162,72
India,Chhattisgarh,Raipur,"AIIMS, Raipur - CECB","08-02-2026 09:00:00",21.258815,81.578979,CO,18,92,57
India,Chhattisgarh,Raipur,"Bhatagaon New ISBT, Raipur - CECB","08-02-2026 09:00:00",21.219665,81.630094,OZONE,2,5,2
India,Chhattisgarh,Raipur,"Krishak Nagar, Raipur - CECB","08-02-2026 09:00:00",21.237755,81.705301,SO2,3,6,4
India,Chhattisgarh,Raipur,"Krishak Nagar, Raipur - CECB","08-02-2026 09:00:00",21.237755,81.705301,CO,20,54,51
India,Chhattisgarh,Raipur,"Siltara Phase-II, Raipur - CECB","08-02-2026 09:00:00",21.371751,81.664929,CO,34,36,35
India,Chhattisgarh,Raipur,"Siltara Phase-II, Raipur - CECB","08-02-2026 09:00:00",21.371751,81.664929,OZONE,NA,NA,NA
India,Chhattisgarh,Tumidih,"OP Jindal Industrial Park, Tumidih - CECB","08-02-2026 09:00:00",22.06631475,83.33820077,NO2,28,93,59
India,Chhattisgarh,Chhal,"Nawapara SECL Colony, Chhal - CECB","08-02-2026 09:00:00",22.118125,83.140608,SO2,1,12,4
India,Chhattisgarh,Chhal,"Nawapara SECL Colony, Chhal - CECB","08-02-2026 09:00:00",22.118125,83.140608,CO,12,28,24
India,Chhattisgarh,Korba,"Urja Nagar, Korba - CECB","08-02-2026 09:00:00",22.348441,82.549611,PM2.5,12,48,32
India,Chhattisgarh,Kunjemura,"OP Jindal School, Kunjemura - CECB","08-02-2026 09:00:00",22.126650,83.483212,PM2.5,11,128,63
India,Chhattisgarh,Milupara,"Govt. Higher Secondary School, Milupara - CECB","08-02-2026 09:00:00",22.1910172,83.5197009,NO2,11,51,28
India,Chhattisgarh,Milupara,"Govt. Higher Secondary School, Milupara - CECB","08-02-2026 09:00:00",22.1910172,83.5197009,NH3,1,2,2
India,Delhi,Delhi,"ITO, Delhi - CPCB","08-02-2026 09:00:00",28.628624,77.241060,CO,25,69,36
India,Delhi,Delhi,"ITO, Delhi - CPCB","08-02-2026 09:00:00",28.628624,77.241060,OZONE,21,95,33
India,Delhi,Delhi,"Jahangirpuri, Delhi - DPCC","08-02-2026 09:00:00",28.732820,77.170633,PM2.5,120,340,242
India,Delhi,Delhi,"Jahangirpuri, Delhi - DPCC","08-02-2026 09:00:00",28.732820,77.170633,PM10,135,239,173
India,Delhi,Delhi,"Jahangirpuri, Delhi - DPCC","08-02-2026 09:00:00",28.732820,77.170633,OZONE,13,91,22
India,Delhi,Delhi,"Jawaharlal Nehru Stadium, Delhi - DPCC","08-02-2026 09:00:00",28.580280,77.233829,PM10,122,246,160
India,Delhi,Delhi,"Jawaharlal Nehru Stadium, Delhi - DPCC","08-02-2026 09:00:00",28.580280,77.233829,NO2,27,128,66
India,Delhi,Delhi,"IGI Airport (T3), Delhi - IMD","08-02-2026 09:00:00",28.5627763,77.1180053,PM2.5,64,220,111
India,Delhi,Delhi,"IHBAS, Dilshad Garden, Delhi - CPCB","08-02-2026 09:00:00",28.6811736,77.3025234,SO2,4,19,12
India,Delhi,Delhi,"IHBAS, Dilshad Garden, Delhi - CPCB","08-02-2026 09:00:00",28.6811736,77.3025234,CO,54,104,96
India,Delhi,Delhi,"ITO, Delhi - CPCB","08-02-2026 09:00:00",28.628624,77.241060,PM2.5,88,308,189
India,Delhi,Delhi,"DTU, Delhi - CPCB","08-02-2026 09:00:00",28.7500499,77.1112615,NH3,5,8,5
India,Delhi,Delhi,"DTU, Delhi - CPCB","08-02-2026 09:00:00",28.7500499,77.1112615,CO,13,28,18
India,Delhi,Delhi,"Dr. Karni Singh Shooting Range, Delhi - DPCC","08-02-2026 09:00:00",28.498571,77.264840,CO,27,92,39
India,Delhi,Delhi,"Dwarka-Sector 8, Delhi - DPCC ","08-02-2026 09:00:00",28.5710274,77.0719006,NH3,19,27,23
India,Delhi,Delhi,"Major Dhyan Chand National Stadium, Delhi - DPCC","08-02-2026 09:00:00",28.611281,77.237738,OZONE,3,128,32
India,Delhi,Delhi,"Mundka, Delhi - DPCC","08-02-2026 09:00:00",28.684678,77.076574,CO,50,72,60
India,Delhi,Delhi,"Mundka, Delhi - DPCC","08-02-2026 09:00:00",28.684678,77.076574,OZONE,8,93,16
India,Chandigarh,Chandigarh,"Sector-53, Chandigarh - CPCC","08-02-2026 09:00:00",30.719859,76.738637,PM10,23,66,49
India,Chhattisgarh,Bhilai,"32Bungalows, Bhilai - CECB","08-02-2026 09:00:00",21.194815,81.314770,CO,12,36,22
India,Chhattisgarh,Bhilai,"Civic Center, Bhilai - Bhilai Steel Plant","08-02-2026 09:00:00",21.185571,81.343175,OZONE,10,13,10
India,Chhattisgarh,Bhilai,"Hathkhoj, Bhilai - CECB","08-02-2026 09:00:00",21.224231,81.408350,NO2,20,95,46
India,Gujarat,Ahmedabad,"Raikhad, Ahmedabad - IITM","08-02-2026 09:00:00",23.020509,72.579261,NO2,28,144,80
India,Gujarat,Ahmedabad,"Raikhad, Ahmedabad - IITM","08-02-2026 09:00:00",23.020509,72.579261,SO2,16,53,25
India,Gujarat,Ahmedabad,"Rakhial, Ahmedabad - IITM","08-02-2026 09:00:00",23.016834,72.625775,PM2.5,79,158,116
India,Gujarat,Ahmedabad,"Rakhial, Ahmedabad - IITM","08-02-2026 09:00:00",23.016834,72.625775,PM10,115,178,143
India,Gujarat,Ahmedabad,"SAC ISRO Bopal, Ahmedabad - IITM","08-02-2026 09:00:00",23.041137,72.456691,PM2.5,69,192,130
India,Gujarat,Ahmedabad,"SAC ISRO Satellite, Ahmedabad - IITM","08-02-2026 09:00:00",23.023389,72.515201,NO2,5,31,16
India,Gujarat,Ahmedabad,"SVPI Airport Hansol, Ahmedabad - IITM","08-02-2026 09:00:00",23.076793,72.627874,OZONE,2,64,10
India,Gujarat,Ankleshwar,"GIDC, Ankleshwar - GPCB","08-02-2026 09:00:00",21.613267,73.010555,PM2.5,63,220,122
India,Gujarat,Vapi,"Phase-1 GIDC, Vapi - GPCB","08-02-2026 09:00:00",20.362421,72.918013,NO2,NA,NA,NA
India,Gujarat,Vapi,"Phase-1 GIDC, Vapi - GPCB","08-02-2026 09:00:00",20.362421,72.918013,NH3,NA,NA,NA
India,Gujarat,Vapi,"Phase-1 GIDC, Vapi - GPCB","08-02-2026 09:00:00",20.362421,72.918013,OZONE,8,22,8
India,Gujarat,Vatva,"Phase-4 GIDC, Vatva - GPCB","08-02-2026 09:00:00",22.969611,72.643500,PM2.5,88,374,209
India,Gujarat,Vatva,"Phase-4 GIDC, Vatva - GPCB","08-02-2026 09:00:00",22.969611,72.643500,SO2,66,74,69
India,Haryana,Ambala,"Patti Mehar, Ambala - HSPCB","08-02-2026 09:00:00",30.379589,76.778328,PM10,54,76,64
India,Haryana,Ambala,"Patti Mehar, Ambala - HSPCB","08-02-2026 09:00:00",30.379589,76.778328,NH3,9,11,10
India,Haryana,Ballabgarh,"Nathu Colony, Ballabgarh - HSPCB","08-02-2026 09:00:00",28.3419248,77.319699,NH3,NA,NA,NA
India,Haryana,Ballabgarh,"Nathu Colony, Ballabgarh - HSPCB","08-02-2026 09:00:00",28.3419248,77.319699,OZONE,14,15,15
India,Delhi,Delhi,"Wazirpur, Delhi - DPCC","08-02-2026 09:00:00",28.699793,77.165453,NO2,82,353,194
India,Delhi,Delhi,"Wazirpur, Delhi - DPCC","08-02-2026 09:00:00",28.699793,77.165453,NH3,12,31,16
India,Gujarat,Ahmedabad,"Chandkheda, Ahmedabad - IITM","08-02-2026 09:00:00",23.107969,72.574648,CO,5,30,9
India,Gujarat,Ahmedabad,"Gyaspur, Ahmedabad - IITM","08-02-2026 09:00:00",22.977134,72.553024,PM2.5,52,192,106
India,Gujarat,Ahmedabad,"Gyaspur, Ahmedabad - IITM","08-02-2026 09:00:00",22.977134,72.553024,PM10,95,198,148
India,Gujarat,Ahmedabad,"Gyaspur, Ahmedabad - IITM","08-02-2026 09:00:00",22.977134,72.553024,SO2,2,110,62
India,Gujarat,Ahmedabad,"Maninagar, Ahmedabad - GPCB","08-02-2026 09:00:00",23.002657,72.591912,PM2.5,62,145,93
India,Gujarat,Ahmedabad,"Maninagar, Ahmedabad - GPCB","08-02-2026 09:00:00",23.002657,72.591912,CO,12,32,19
India,Gujarat,Ankleshwar,"GIDC, Ankleshwar - GPCB","08-02-2026 09:00:00",21.613267,73.010555,NO2,18,19,19
India,Gujarat,Bhavnagar,"Vidhyanagar, Bhavnagar - Nexteng Enviro","08-02-2026 09:00:00",21.755417,72.139056,SO2,10,31,21
India,Gujarat,Gandhinagar,"GIFT City, Gandhinagar - IITM","08-02-2026 09:00:00",23.163798,72.677768,PM2.5,17,86,31
India,Gujarat,Gandhinagar,"Sector-10, Gandhinagar - GPCB","08-02-2026 09:00:00",23.221714,72.654328,NO2,NA,NA,NA
India,Gujarat,Gandhinagar,"Sector-10, Gandhinagar - GPCB","08-02-2026 09:00:00",23.221714,72.654328,NH3,NA,NA,NA
India,Gujarat,Mehsana,"Sadanand Nagar, Mehsana - Nexteng Enviro","08-02-2026 09:00:00",23.593150,72.372792,NH3,2,4,2
India,Delhi,Delhi,"Shadipur, Delhi - CPCB","08-02-2026 09:00:00",28.6514781,77.1473105,PM2.5,148,312,230
India,Delhi,Delhi,"Shadipur, Delhi - CPCB","08-02-2026 09:00:00",28.6514781,77.1473105,SO2,8,19,15
India,Delhi,Delhi,"Shadipur, Delhi - CPCB","08-02-2026 09:00:00",28.6514781,77.1473105,CO,13,63,33
India,Delhi,Delhi,"Sonia Vihar, Delhi - DPCC","08-02-2026 09:00:00",28.710508,77.249485,SO2,NA,NA,NA
India,Delhi,Delhi,"Sri Aurobindo Marg, Delhi - DPCC","08-02-2026 09:00:00",28.531346,77.190156,PM2.5,70,160,104
India,Delhi,Delhi,"Sri Aurobindo Marg, Delhi - DPCC","08-02-2026 09:00:00",28.531346,77.190156,PM10,94,156,127
India,Haryana,Bhiwani,"H.B. Colony, Bhiwani - HSPCB","08-02-2026 09:00:00",28.806223,76.141105,PM2.5,65,500,282
India,Haryana,Dharuhera,"Municipal Corporation Office, Dharuhera -  HSPCB","08-02-2026 09:00:00",28.206800,76.799700,NO2,20,65,50
India,Haryana,Faridabad,"New Industrial Town, Faridabad - HSPCB","08-02-2026 09:00:00",28.39072,77.30059,PM10,130,136,133
India,Delhi,Delhi,"Punjabi Bagh, Delhi - DPCC","08-02-2026 09:00:00",28.674045,77.131023,PM2.5,92,302,206
India,Delhi,Delhi,"Pusa, Delhi - DPCC","08-02-2026 09:00:00",28.639652,77.146275,SO2,12,60,22
India,Delhi,Delhi,"R K Puram, Delhi - DPCC","08-02-2026 09:00:00",28.563262,77.186937,CO,42,116,55
India,Delhi,Delhi,"Rohini, Delhi - DPCC","08-02-2026 09:00:00",28.732528,77.119920,PM10,120,181,153
India,Delhi,Delhi,"Najafgarh, Delhi - DPCC","08-02-2026 09:00:00",28.570173,76.933762,OZONE,5,159,12
India,Delhi,Delhi,"Nehru Nagar, Delhi - DPCC","08-02-2026 09:00:00",28.567890,77.250515,NO2,64,121,87
India,Delhi,Delhi,"North Campus, DU, Delhi - IMD","08-02-2026 09:00:00",28.6573814,77.1585447,CO,13,53,23
India,Delhi,Delhi,"North Campus, DU, Delhi - IMD","08-02-2026 09:00:00",28.6573814,77.1585447,OZONE,23,286,50
India,Gujarat,Rajkot,"Mavdi, Rajkot - Nexteng Enviro ","08-02-2026 09:00:00",22.248853,70.776774,PM10,64,216,110
India,Gujarat,Rajkot,"Mavdi, Rajkot - Nexteng Enviro ","08-02-2026 09:00:00",22.248853,70.776774,OZONE,10,41,18
India,Gujarat,Surat,"Science Center, Surat - SMC","08-02-2026 09:00:00",21.170046,72.795405,NO2,3,24,13
India,Haryana,Sirsa,"F-Block, Sirsa - HSPCB","08-02-2026 09:00:00",29.536400,75.015800,PM10,NA,NA,NA
India,Haryana,"Yamuna Nagar","Gobind Pura, Yamuna Nagar - HSPCB","08-02-2026 09:00:00",30.1480566,77.2893471,PM2.5,20,300,153
India,"Himachal Pradesh",Baddi,"HIMUDA Complex Phase-1, Baddi - HPPCB","08-02-2026 09:00:00",30.943887,76.801991,NH3,5,7,6
India,"Himachal Pradesh",Baddi,"HIMUDA Complex Phase-1, Baddi - HPPCB","08-02-2026 09:00:00",30.943887,76.801991,SO2,22,116,71
India,"Himachal Pradesh",Baddi,"HIMUDA Complex Phase-1, Baddi - HPPCB","08-02-2026 09:00:00",30.943887,76.801991,OZONE,11,100,32
India,Jammu_and_Kashmir,Srinagar,"Khunmoh, Srinagar - JKPCC","08-02-2026 09:00:00",34.06313,74.96017,PM2.5,14,36,24
India,Jammu_and_Kashmir,Srinagar,"Rajbagh, Srinagar - JKPCC","08-02-2026 09:00:00",34.066206,74.819820,PM2.5,13,31,23
India,Jharkhand,Dhanbad,"Sardar Patel Nagar, Dhanbad - JSPCB","08-02-2026 09:00:00",23.80569,86.44268,PM2.5,18,281,81
India,Karnataka,Bagalkot,"Vidayagiri, Bagalkot - KSPCB","08-02-2026 09:00:00",16.172806,75.659694,NH3,1,2,1
India,Karnataka,Bagalkot,"Vidayagiri, Bagalkot - KSPCB","08-02-2026 09:00:00",16.172806,75.659694,CO,8,38,28
India,Karnataka,Belgaum,"Ramteerth Nagar, Belgaum - KSPCB","08-02-2026 09:00:00",15.888653,74.541751,SO2,30,31,30
India,Karnataka,Bengaluru,"BTM Layout, Bengaluru - CPCB","08-02-2026 09:00:00",12.9135218,77.5950804,PM2.5,79,232,102
India,Karnataka,Bengaluru,"BTM Layout, Bengaluru - CPCB","08-02-2026 09:00:00",12.9135218,77.5950804,OZONE,22,23,23
India,Karnataka,Bengaluru,"BWSSB Kadabesanahalli, Bengaluru - CPCB","08-02-2026 09:00:00",12.9352049,77.6814488,OZONE,14,54,33
India,Karnataka,Bengaluru,"Bapuji Nagar, Bengaluru - KSPCB","08-02-2026 09:00:00",12.951913,77.539784,CO,10,47,24
India,Karnataka,Bengaluru,"Bapuji Nagar, Bengaluru - KSPCB","08-02-2026 09:00:00",12.951913,77.539784,OZONE,58,148,108
India,Karnataka,Bengaluru,"Hebbal, Bengaluru - KSPCB","08-02-2026 09:00:00",13.029152,77.585901,NO2,31,52,46
India,Karnataka,Bengaluru,"Shivapura_Peenya, Bengaluru - KSPCB","08-02-2026 09:00:00",13.0246342,77.5080115,CO,28,51,40
India,Karnataka,Bengaluru,"Shivapura_Peenya, Bengaluru - KSPCB","08-02-2026 09:00:00",13.0246342,77.5080115,OZONE,26,27,26
India,Karnataka,Bengaluru,"Silk Board, Bengaluru - KSPCB","08-02-2026 09:00:00",12.917348,77.622813,PM2.5,62,104,82
India,Karnataka,Chamarajanagar,"Urban, Chamarajanagar - KSPCB","08-02-2026 09:00:00",11.55358,76.55521,PM10,37,147,64
India,Karnataka,Chamarajanagar,"Urban, Chamarajanagar - KSPCB","08-02-2026 09:00:00",11.55358,76.55521,NH3,2,3,2
India,Karnataka,Chamarajanagar,"Urban, Chamarajanagar - KSPCB","08-02-2026 09:00:00",11.55358,76.55521,CO,15,24,22
India,Karnataka,Chikkaballapur,"Chikkaballapur Rural, Chikkaballapur - KSPCB","08-02-2026 09:00:00",13.428828,77.731418,NH3,4,22,7
India,Karnataka,Chikkaballapur,"Chikkaballapur Rural, Chikkaballapur - KSPCB","08-02-2026 09:00:00",13.428828,77.731418,SO2,12,32,19
India,Karnataka,Chikkamagaluru,"Kalyana Nagara, Chikkamagaluru - KSPCB","08-02-2026 09:00:00",13.328028,75.797056,PM10,NA,NA,NA
India,Haryana,Palwal,"Shyam Nagar, Palwal - HSPCB","08-02-2026 09:00:00",28.1485564,77.3320667,PM2.5,48,69,58
India,Haryana,Palwal,"Shyam Nagar, Palwal - HSPCB","08-02-2026 09:00:00",28.1485564,77.3320667,PM10,53,79,65
India,Haryana,Palwal,"Shyam Nagar, Palwal - HSPCB","08-02-2026 09:00:00",28.1485564,77.3320667,SO2,10,126,20
India,Haryana,Panchgaon,"Amity University, Panchgaon - IITM","08-02-2026 09:00:00",28.3153,76.9143,OZONE,3,80,3
India,Haryana,Panchkula,"Sector-6, Panchkula - HSPCB ","08-02-2026 09:00:00",30.7057778,76.8531805555555,OZONE,3,15,11
India,Haryana,Panipat,"Sector-18, Panipat - HSPCB","08-02-2026 09:00:00",29.432304,76.972765,NO2,31,32,31
India,Haryana,Panipat,"Sector-18, Panipat - HSPCB","08-02-2026 09:00:00",29.432304,76.972765,NH3,2,3,3
India,Haryana,Panipat,"Sector-18, Panipat - HSPCB","08-02-2026 09:00:00",29.432304,76.972765,CO,24,26,25
India,Haryana,Rohtak,"MD University, Rohtak - HSPCB","08-02-2026 09:00:00",28.52123,76.37138,PM10,48,500,114
India,Haryana,Faridabad,"Sector 30, Faridabad - HSPCB","08-02-2026 09:00:00",28.4417,77.3217,NO2,36,39,37
India,Haryana,Faridabad,"Sector 30, Faridabad - HSPCB","08-02-2026 09:00:00",28.4417,77.3217,SO2,6,6,6
India,Haryana,Fatehabad,"Huda Sector, Fatehabad - HSPCB","08-02-2026 09:00:00",29.503664,75.467934,OZONE,58,83,62
India,Haryana,Gurugram,"Sector-51, Gurugram - HSPCB","08-02-2026 09:00:00",28.4227,77.0667,NH3,9,14,12
India,Haryana,Gurugram,"Vikas Sadan, Gurugram - HSPCB","08-02-2026 09:00:00",28.4501238,77.0263051,PM10,113,454,150
India,Haryana,Gurugram,"Vikas Sadan, Gurugram - HSPCB","08-02-2026 09:00:00",28.4501238,77.0263051,NO2,9,46,27
India,Haryana,Kaithal,"Rishi Nagar, Kaithal - HSPCB","08-02-2026 09:00:00",29.8006,76.4155,NO2,28,32,31
India,Haryana,Karnal,"Sector-12, Karnal - HSPCB","08-02-2026 09:00:00",29.695300,77.002700,SO2,6,7,6
India,Haryana,Kurukshetra,"Sector-7, Kurukshetra - HSPCB","08-02-2026 09:00:00",29.966942,76.875879,SO2,1,17,5
India,Haryana,Mandikhera,"General Hospital, Mandikhera(Nuh) - HSPCB","08-02-2026 09:00:00",27.9002,76.9938,NO2,20,23,22
India,Haryana,Manesar,"Sector-2 IMT, Manesar - HSPCB","08-02-2026 09:00:00",28.360699,76.936090,SO2,15,40,25
India,Haryana,Gurugram,"Vikas Sadan, Gurugram - HSPCB","08-02-2026 09:00:00",28.4501238,77.0263051,OZONE,4,31,12
India,Haryana,Hisar,"Urban Estate-II, Hisar - HSPCB","08-02-2026 09:00:00",29.140560,75.744941,NO2,26,27,26
India,Haryana,Hisar,"Urban Estate-II, Hisar - HSPCB","08-02-2026 09:00:00",29.140560,75.744941,NH3,10,11,11
India,Haryana,Jind,"Police Lines, Jind - HSPCB","08-02-2026 09:00:00",29.307814,76.337619,OZONE,11,30,14
India,Karnataka,Bengaluru,"Kasturi Nagar, Bengaluru - KSPCB","08-02-2026 09:00:00",13.003872,77.664217,PM2.5,39,41,41
India,Karnataka,Bengaluru,"Kasturi Nagar, Bengaluru - KSPCB","08-02-2026 09:00:00",13.003872,77.664217,NO2,37,38,38
India,Karnataka,Bengaluru,"Peenya, Bengaluru - CPCB","08-02-2026 09:00:00",13.0270199,77.494094,PM10,86,110,98
India,Karnataka,Bengaluru,"RVCE-Mailasandra, Bengaluru - KSPCB","08-02-2026 09:00:00",12.921418,77.502466,NH3,3,4,4
India,Karnataka,Bengaluru,"Hombegowda Nagar, Bengaluru - KSPCB","08-02-2026 09:00:00",12.938539,77.590100,OZONE,17,53,37
India,Karnataka,Bengaluru,"Jayanagar 5th Block, Bengaluru - KSPCB","08-02-2026 09:00:00",12.920984,77.584908,SO2,13,20,16
India,Karnataka,Bengaluru,"Jigani, Bengaluru - KSPCB","08-02-2026 09:00:00",12.7816279,77.6299145,PM10,77,129,111
India,"Madhya Pradesh",Mandideep,"Sector-D Industrial Area, Mandideep - MPPCB","08-02-2026 09:00:00",23.108440,77.511428,OZONE,14,75,19
India,"Madhya Pradesh",Pithampur,"Sector-2 Industrial Area, Pithampur - MPPCB","08-02-2026 09:00:00",22.624758,75.675238,NO2,34,54,43
India,"Madhya Pradesh",Sagar,"Deen Dayal Nagar, Sagar - MPPCB","08-02-2026 09:00:00",23.8640158,78.80289321,NO2,8,48,29
India,"Madhya Pradesh",Sagar,"Deen Dayal Nagar, Sagar - MPPCB","08-02-2026 09:00:00",23.8640158,78.80289321,CO,12,50,23
India,"Madhya Pradesh",Satna,"Bandhavgar Colony, Satna - Birla Cement","08-02-2026 09:00:00",24.58434363,80.8549414,NO2,12,13,12
India,"Madhya Pradesh",Satna,"Bandhavgar Colony, Satna - Birla Cement","08-02-2026 09:00:00",24.58434363,80.8549414,CO,11,12,11
India,"Madhya Pradesh",Singrauli,"Suryakiran Bhawan NCL, Singrauli - MPPCB","08-02-2026 09:00:00",24.108970,82.645580,PM10,95,273,152
India,Kerala,Thiruvananthapuram,"Kariavattom, Thiruvananthapuram - Kerala PCB","08-02-2026 09:00:00",8.563700,76.886500,CO,50,96,70
India,Kerala,Thiruvananthapuram,"Plammoodu, Thiruvananthapuram - Kerala PCB","08-02-2026 09:00:00",8.5149093,76.9435879,SO2,9,23,16
India,Kerala,Thrissur,"Corporation Ground, Thrissur - Kerala PCB","08-02-2026 09:00:00",10.532400,76.215900,NO2,8,10,9
India,"Madhya Pradesh",Bhopal,"Idgah Hills, Bhopal - MPPCB","08-02-2026 09:00:00",23.264759,77.381568,NO2,16,54,27
India,"Madhya Pradesh",Bhopal,"Paryavaran Parisar, Bhopal - MPPCB","08-02-2026 09:00:00",23.210494,77.425409,PM2.5,68,305,152
India,"Madhya Pradesh",Bhopal,"Paryavaran Parisar, Bhopal - MPPCB","08-02-2026 09:00:00",23.210494,77.425409,NO2,27,84,53
India,"Madhya Pradesh",Bhopal,"Paryavaran Parisar, Bhopal - MPPCB","08-02-2026 09:00:00",23.210494,77.425409,CO,9,69,33
India,"Madhya Pradesh",Ujjain,"Mahashweta Nagar, Ujjain - MPPCB","08-02-2026 09:00:00",23.1633321,75.800225,CO,35,110,84
India,Maharashtra,Ahmednagar,"Tarakpur, Ahmednagar - MPCB","08-02-2026 09:00:00",19.10122,74.73339,SO2,17,31,24
India,Maharashtra,Akola,"Ramdaspeth, Akola - MPCB","08-02-2026 09:00:00",20.719516,77.000253,NO2,10,112,40
India,Maharashtra,Akola,"Ramdaspeth, Akola - MPCB","08-02-2026 09:00:00",20.719516,77.000253,SO2,12,24,17
India,Maharashtra,Amravati,"Shri Shivaji Science College, Amravati - MPCB","08-02-2026 09:00:00",20.939198,77.765701,PM2.5,13,61,49
India,Maharashtra,Amravati,"Shri Shivaji Science College, Amravati - MPCB","08-02-2026 09:00:00",20.939198,77.765701,NH3,1,9,2
India,"Madhya Pradesh",Indore,"Airport Area, Indore - IMC","08-02-2026 09:00:00",22.7289,75.8076,CO,1,42,35
India,"Madhya Pradesh",Indore,"Chhoti Gwaltoli, Indore - MPPCB","08-02-2026 09:00:00",22.4310,75.5213,PM2.5,57,324,161
India,"Madhya Pradesh",Indore,"Chhoti Gwaltoli, Indore - MPPCB","08-02-2026 09:00:00",22.4310,75.5213,NH3,NA,NA,NA
India,"Madhya Pradesh",Indore,"Chhoti Gwaltoli, Indore - MPPCB","08-02-2026 09:00:00",22.4310,75.5213,OZONE,3,44,4
India,"Madhya Pradesh",Indore,"Regional Park, Indore - IMC","08-02-2026 09:00:00",22.6780,75.8559,CO,2,52,44
India,"Madhya Pradesh",Indore,"Residency Area, Indore - IMC","08-02-2026 09:00:00",22.7084,75.8815,PM10,47,146,99
India,"Madhya Pradesh",Indore,"Residency Area, Indore - IMC","08-02-2026 09:00:00",22.7084,75.8815,SO2,1,4,2
India,"Madhya Pradesh",Indore,"Residency Area, Indore - IMC","08-02-2026 09:00:00",22.7084,75.8815,OZONE,6,10,8
India,"Madhya Pradesh",Jabalpur,"Govindh Bhavan Colony, Jabalpur - JMC","08-02-2026 09:00:00",23.163174,79.973061,OZONE,5,22,6
India,"Madhya Pradesh",Jabalpur,"Gupteshwar, Jabalpur - JMC","08-02-2026 09:00:00",23.142888,79.916147,NH3,2,2,2
India,"Madhya Pradesh",Jabalpur,"Marhatal, Jabalpur - MPPCB","08-02-2026 09:00:00",23.168606,79.932247,PM10,65,205,106
India,"Madhya Pradesh",Jabalpur,"Marhatal, Jabalpur - MPPCB","08-02-2026 09:00:00",23.168606,79.932247,CO,65,121,76
India,"Madhya Pradesh",Jabalpur,"Suhagi, Jabalpur - JMC","08-02-2026 09:00:00",23.218135,79.957770,NO2,20,109,50
India,"Madhya Pradesh",Katni,"Gole Bazar, Katni - MPPCB","08-02-2026 09:00:00",23.50016,80.23284,OZONE,9,97,13
India,Karnataka,Vijayapura,"Ibrahimpur, Vijayapura - KSPCB","08-02-2026 09:00:00",16.802639,75.722694,PM2.5,30,31,30
India,Karnataka,Vijayapura,"Ibrahimpur, Vijayapura - KSPCB","08-02-2026 09:00:00",16.802639,75.722694,OZONE,16,17,16
India,Karnataka,Yadgir,"Collector Office, Yadgir - KSPCB","08-02-2026 09:00:00",16.7602,77.1428,NH3,2,2,2
India,Kerala,Kannur,"Thavakkara, Kannur - Kerala PCB","08-02-2026 09:00:00",11.875000,75.373200,PM2.5,88,101,94
India,Kerala,Kannur,"Thavakkara, Kannur - Kerala PCB","08-02-2026 09:00:00",11.875000,75.373200,OZONE,28,33,28
India,Kerala,Kollam,"Polayathode, Kollam - Kerala PCB","08-02-2026 09:00:00",8.8787,76.6073,NO2,8,10,9
India,"Madhya Pradesh",Bhopal,"T T Nagar, Bhopal - MPPCB","08-02-2026 09:00:00",23.233584,77.400574,NH3,6,7,7
India,"Madhya Pradesh",Damoh,"Shrivastav Colony, Damoh - MPPCB","08-02-2026 09:00:00",23.81748678,79.446246,PM2.5,13,53,29
India,"Madhya Pradesh",Dewas,"Bhopal Chauraha, Dewas - MPPCB","08-02-2026 09:00:00",22.9682591,76.064118,SO2,20,106,52
India,"Madhya Pradesh",Gwalior,"City Center, Gwalior - MPPCB","08-02-2026 09:00:00",26.203442,78.193251,CO,1,115,44
India,"Madhya Pradesh",Gwalior,"City Center, Gwalior - MPPCB","08-02-2026 09:00:00",26.203442,78.193251,OZONE,19,92,19
India,Karnataka,Chikkamagaluru,"Kalyana Nagara, Chikkamagaluru - KSPCB","08-02-2026 09:00:00",13.328028,75.797056,SO2,3,9,6
India,Karnataka,Chikkamagaluru,"Kalyana Nagara, Chikkamagaluru - KSPCB","08-02-2026 09:00:00",13.328028,75.797056,OZONE,21,57,27
India,Karnataka,Dharwad,"Kalabhavan, Dharwad - KSPCB","08-02-2026 09:00:00",15.459706,75.008381,SO2,8,12,9
India,Karnataka,Hubballi,"Lingaraj Nagar, Hubballi - KSPCB","08-02-2026 09:00:00",15.3714823,75.1160168,CO,19,30,26
India,Karnataka,Madikeri,"Stuart Hill, Madikeri - KSPCB","08-02-2026 09:00:00",12.415911,75.735050,PM2.5,24,59,38
India,Karnataka,Madikeri,"Stuart Hill, Madikeri - KSPCB","08-02-2026 09:00:00",12.415911,75.735050,SO2,6,7,7
India,Karnataka,Shivamogga,"Vinoba Nagara, Shivamogga - KSPCB","08-02-2026 09:00:00",13.940000,75.555917,PM2.5,33,50,41
India,Maharashtra,Mumbai,"Borivali East, Mumbai - IITM","08-02-2026 09:00:00",19.23241,72.86895,CO,42,97,48
India,Maharashtra,Mumbai,"Borivali East, Mumbai - MPCB","08-02-2026 09:00:00",19.2243333,72.8658113,PM2.5,35,48,41
India,Maharashtra,Mumbai,"Borivali East, Mumbai - MPCB","08-02-2026 09:00:00",19.2243333,72.8658113,CO,13,18,16
India,Maharashtra,Mumbai,"Byculla, Mumbai - BMC","08-02-2026 09:00:00",18.9767,72.8380,PM2.5,70,179,119
India,Maharashtra,Mumbai,"Byculla, Mumbai - BMC","08-02-2026 09:00:00",18.9767,72.8380,SO2,1,4,2
India,Maharashtra,Mumbai,"Chakala-Andheri East, Mumbai - IITM","08-02-2026 09:00:00",19.11074,72.86084,SO2,10,31,22
India,Maharashtra,Mumbai,"Chembur, Mumbai - MPCB","08-02-2026 09:00:00",19.0364585,72.8954371,PM2.5,59,95,77
India,Maharashtra,Mumbai,"Chhatrapati Shivaji Intl. Airport (T2), Mumbai - MPCB","08-02-2026 09:00:00",19.10078,72.87462,PM2.5,95,303,165
India,Maharashtra,Mumbai,"Chhatrapati Shivaji Intl. Airport (T2), Mumbai - MPCB","08-02-2026 09:00:00",19.10078,72.87462,PM10,113,214,146
India,Maharashtra,Bhiwandi,"Gokul Nagar, Bhiwandi - MPCB","08-02-2026 09:00:00",19.309073,73.057223,OZONE,13,90,13
India,Maharashtra,Boisar,"Khaira, Boisar - MPCB","08-02-2026 09:00:00",19.786089,72.757971,CO,16,68,37
India,Maharashtra,Chandrapur,"Chauhan Colony, Chandrapur - MPCB","08-02-2026 09:00:00",19.962900,79.298714,NH3,2,2,2
India,Maharashtra,Chandrapur,"MIDC Khutala, Chandrapur - MPCB","08-02-2026 09:00:00",19.9775302,79.2337086,OZONE,17,19,17
India,Maharashtra,Dhule,"Deopur, Dhule - MPCB","08-02-2026 09:00:00",20.918946,74.776388,PM10,94,190,132
India,Maharashtra,Dhule,"Deopur, Dhule - MPCB","08-02-2026 09:00:00",20.918946,74.776388,NO2,8,65,29
India,Maharashtra,Jalgaon,"Prabhat Colony, Jalgaon - MPCB","08-02-2026 09:00:00",21.001264,75.565602,PM2.5,76,251,119
India,Maharashtra,Jalgaon,"Prabhat Colony, Jalgaon - MPCB","08-02-2026 09:00:00",21.001264,75.565602,NO2,3,37,12
India,Maharashtra,Mumbai,"Deonar, Mumbai - IITM","08-02-2026 09:00:00",19.04946,72.9230,PM2.5,61,170,96
India,Maharashtra,Mumbai,"Deonar, Mumbai - IITM","08-02-2026 09:00:00",19.04946,72.9230,NH3,8,12,10
India,Maharashtra,Mumbai,"Ghatkopar, Mumbai - BMC","08-02-2026 09:00:00",19.083694,72.920967,PM2.5,71,207,108
India,Maharashtra,Mumbai,"Ghatkopar, Mumbai - BMC","08-02-2026 09:00:00",19.083694,72.920967,NO2,36,83,62
India,Maharashtra,Mumbai,"Ghatkopar, Mumbai - BMC","08-02-2026 09:00:00",19.083694,72.920967,OZONE,2,73,2
India,Maharashtra,Mumbai,"Kandivali East, Mumbai - MPCB","08-02-2026 09:00:00",19.205800,72.868200,CO,20,20,20
India,Maharashtra,Mumbai,"Kherwadi_Bandra East, Mumbai - MPCB","08-02-2026 09:00:00",19.0632143,72.8456324,PM2.5,56,261,125
India,Maharashtra,Mumbai,"Khindipada-Bhandup West, Mumbai - IITM","08-02-2026 09:00:00",19.1653323,72.922099,NO2,16,72,35
India,Maharashtra,Mira-Bhayandar,"Bhayandar West, Mira-Bhayandar - MPCB","08-02-2026 09:00:00",19.296481,72.840923,CO,20,68,56
India,Maharashtra,Mira-Bhayandar,"Bhayandar West, Mira-Bhayandar - MPCB","08-02-2026 09:00:00",19.296481,72.840923,OZONE,1,43,2
India,Maharashtra,Mumbai,"Bandra Kurla Complex, Mumbai - IITM","08-02-2026 09:00:00",19.053536,72.84643,PM2.5,NA,NA,NA
India,Maharashtra,Mumbai,"Bandra Kurla Complex, Mumbai - IITM","08-02-2026 09:00:00",19.053536,72.84643,NO2,NA,NA,NA
India,Maharashtra,Mumbai,"Bandra Kurla Complex, Mumbai - IITM","08-02-2026 09:00:00",19.053536,72.84643,SO2,NA,NA,NA
India,Maharashtra,Mumbai,"Bandra Kurla Complex, Mumbai - MPCB","08-02-2026 09:00:00",19.065931,72.862131,SO2,NA,NA,NA
India,Maharashtra,Mumbai,"Bandra Kurla Complex, Mumbai - MPCB","08-02-2026 09:00:00",19.065931,72.862131,CO,NA,NA,NA
India,Maharashtra,Jalna,"Old MIDC, Jalna - MPCB","08-02-2026 09:00:00",19.854616,75.905894,PM10,54,162,77
India,Maharashtra,Jalna,"Old MIDC, Jalna - MPCB","08-02-2026 09:00:00",19.854616,75.905894,SO2,7,18,12
India,Maharashtra,Jalna,"Old MIDC, Jalna - MPCB","08-02-2026 09:00:00",19.854616,75.905894,OZONE,18,47,22
India,Maharashtra,Kolhapur,"Shivaji University, Kolhapur - MPCB","08-02-2026 09:00:00",16.6870449,74.2505872,NO2,17,108,44
India,Maharashtra,Latur,"Sawe Wadi, Latur - MPCB","08-02-2026 09:00:00",18.39963,76.57452,NO2,10,75,28
India,Maharashtra,Latur,"Sawe Wadi, Latur - MPCB","08-02-2026 09:00:00",18.39963,76.57452,OZONE,18,59,34
India,Maharashtra,Mumbai,"Khindipada-Bhandup West, Mumbai - IITM","08-02-2026 09:00:00",19.1653323,72.922099,SO2,6,24,15
India,Maharashtra,Mumbai,"Khindipada-Bhandup West, Mumbai - IITM","08-02-2026 09:00:00",19.1653323,72.922099,OZONE,6,80,33
India,Maharashtra,Mumbai,"Malad West, Mumbai - IITM","08-02-2026 09:00:00",19.19709,72.82204,PM2.5,64,146,103
India,Maharashtra,Mumbai,"Mazgaon, Mumbai - IITM","08-02-2026 09:00:00",18.96702,72.84214,SO2,23,43,31
India,Maharashtra,Aurangabad,"More Chowk Waluj, Aurangabad - MPCB","08-02-2026 09:00:00",19.8389439,75.244448,SO2,13,22,16
India,Maharashtra,Badlapur,"Katrap, Badlapur - MPCB","08-02-2026 09:00:00",19.16485,73.23409,NO2,22,34,28
India,Maharashtra,Bhiwandi,"Gokul Nagar, Bhiwandi - MPCB","08-02-2026 09:00:00",19.309073,73.057223,SO2,6,15,9
India,Maharashtra,Mumbai,"Sewri, Mumbai - BMC","08-02-2026 09:00:00",19.000084,72.856730,PM2.5,70,161,101
India,Maharashtra,Mumbai,"Sewri, Mumbai - BMC","08-02-2026 09:00:00",19.000084,72.856730,PM10,82,189,122
India,Maharashtra,Mumbai,"Mulund West, Mumbai - MPCB","08-02-2026 09:00:00",19.1750,72.9419,PM10,NA,NA,NA
India,Maharashtra,Pune,"Transport Nagar-Nigdi, Pune - IITM","08-02-2026 09:00:00",18.664282,73.763966,NO2,18,153,86
India,Maharashtra,Pune,"Transport Nagar-Nigdi, Pune - IITM","08-02-2026 09:00:00",18.664282,73.763966,CO,59,102,87
India,Maharashtra,Pune,"Transport Nagar-Nigdi, Pune - IITM","08-02-2026 09:00:00",18.664282,73.763966,OZONE,1,61,4
India,Maharashtra,Sangli,"Vijay Nagar, Sangli - MPCB","08-02-2026 09:00:00"," 16.5038",74.3623,NH3,1,6,3
India,Maharashtra,Sangli,"Vijay Nagar, Sangli - MPCB","08-02-2026 09:00:00"," 16.5038",74.3623,OZONE,8,48,14
India,Maharashtra,Solapur,"Dnyaneshwar Nagar, Solapur - MPCB","08-02-2026 09:00:00",17.6336264,75.9132495,NO2,7,65,22
India,Maharashtra,Solapur,"Dnyaneshwar Nagar, Solapur - MPCB","08-02-2026 09:00:00",17.6336264,75.9132495,NH3,6,21,11
India,Maharashtra,Solapur,"Dnyaneshwar Nagar, Solapur - MPCB","08-02-2026 09:00:00",17.6336264,75.9132495,SO2,5,12,7
India,Maharashtra,Solapur,"Dnyaneshwar Nagar, Solapur - MPCB","08-02-2026 09:00:00",17.6336264,75.9132495,OZONE,18,70,26
India,Maharashtra,Solapur,"Ratandeep Housing Society, Solapur - MPCB","08-02-2026 09:00:00",17.65439,75.90649,SO2,9,16,10
India,Maharashtra,Thane,"Kasarvadavali, Thane - MPCB","08-02-2026 09:00:00",19.26777,72.97182,NH3,13,56,25
India,Maharashtra,Thane,"Kasarvadavali, Thane - MPCB","08-02-2026 09:00:00",19.26777,72.97182,OZONE,1,81,14
India,Maharashtra,Thane,"Upvan Fort, Thane - MPCB","08-02-2026 09:00:00",19.222279,72.957979,NO2,14,65,35
India,Maharashtra,Pimpri-Chinchwad,"Gavalinagar, Pimpri Chinchwad - MPCB","08-02-2026 09:00:00",18.63673,73.82487,PM10,79,167,127
India,Maharashtra,Pimpri-Chinchwad,"Park Street Wakad, Pimpri Chinchwad - MPCB","08-02-2026 09:00:00",18.59051,73.77946,NO2,51,120,75
India,Maharashtra,Pimpri-Chinchwad,"Park Street Wakad, Pimpri Chinchwad - MPCB","08-02-2026 09:00:00",18.59051,73.77946,SO2,1,11,5
India,Maharashtra,Pimpri-Chinchwad,"Savta Mali Nagar, Pimpri-Chinchwad - IITM","08-02-2026 09:00:00",18.614767,73.799516,PM2.5,52,269,157
India,Maharashtra,Pimpri-Chinchwad,"Savta Mali Nagar, Pimpri-Chinchwad - IITM","08-02-2026 09:00:00",18.614767,73.799516,NO2,16,160,80
India,Maharashtra,Pimpri-Chinchwad,"Savta Mali Nagar, Pimpri-Chinchwad - IITM","08-02-2026 09:00:00",18.614767,73.799516,CO,33,111,90
India,Maharashtra,Pimpri-Chinchwad,"Thergaon, Pimpri Chinchwad - MPCB","08-02-2026 09:00:00",18.616318,73.765797,CO,18,110,76
India,Maharashtra,Pimpri-Chinchwad,"Thergaon, Pimpri Chinchwad - MPCB","08-02-2026 09:00:00",18.616318,73.765797,OZONE,NA,NA,NA
India,Maharashtra,Pune,"Bhumkar Nagar, Pune - IITM","08-02-2026 09:00:00",18.605770,73.749976,PM10,NA,NA,NA
India,Maharashtra,Pune,"Dhankawadi, Pune - IITM","08-02-2026 09:00:00",18.459883,73.852193,PM2.5,54,195,126
India,Maharashtra,Pune,"Hadapsar, Pune - IITM","08-02-2026 09:00:00",18.501793,73.927532,PM10,NA,NA,NA
India,Maharashtra,Pune,"Katraj Dairy, Pune - MPCB","08-02-2026 09:00:00",18.454450,73.854155,PM2.5,NA,NA,NA
India,Maharashtra,Pune,"Katraj Dairy, Pune - MPCB","08-02-2026 09:00:00",18.454450,73.854155,PM10,NA,NA,NA
India,Maharashtra,Pune,"Katraj Dairy, Pune - MPCB","08-02-2026 09:00:00",18.454450,73.854155,NH3,NA,NA,NA
India,Maharashtra,Pune,"Mhada Colony, Pune - IITM","08-02-2026 09:00:00",18.573040,73.927715,NO2,29,124,74
India,Maharashtra,Pune,"Mhada Colony, Pune - IITM","08-02-2026 09:00:00",18.573040,73.927715,CO,2,86,63
India,Maharashtra,Pune,"Revenue Colony-Shivajinagar, Pune - IITM","08-02-2026 09:00:00",18.530085,73.849598,PM10,NA,NA,NA
India,Maharashtra,Pune,"Savitribai Phule Pune University, Pune - MPCB","08-02-2026 09:00:00",18.547056,73.826908,SO2,1,6,4
India,Maharashtra,Nagpur,"Ram Nagar, Nagpur - MPCB","08-02-2026 09:00:00",21.143383,79.048912,SO2,1,107,11
India,Maharashtra,Nanded,"Sneh Nagar, Nanded - MPCB","08-02-2026 09:00:00",19.173852,77.296291,NH3,3,6,4
India,Maharashtra,Nashik,"Gangapur Road, Nashik - MPCB","08-02-2026 09:00:00",20.0073285,73.7762427,PM2.5,40,140,85
India,Maharashtra,Nashik,"Gangapur Road, Nashik - MPCB","08-02-2026 09:00:00",20.0073285,73.7762427,NH3,3,3,3
India,Maharashtra,Nashik,"Gangapur Road, Nashik - MPCB","08-02-2026 09:00:00",20.0073285,73.7762427,SO2,1,16,5
India,Maharashtra,Nashik,"Hirawadi, Nashik - MPCB","08-02-2026 09:00:00",20.021503,73.813844,NH3,1,10,3
India,Maharashtra,Nashik,"Hirawadi, Nashik - MPCB","08-02-2026 09:00:00",20.021503,73.813844,SO2,3,134,30
India,Maharashtra,Nashik,"MIDC Ambad, Nashik - MPCB","08-02-2026 09:00:00",19.950220,73.731480,PM2.5,48,86,62
India,Maharashtra,Nashik,"MIDC Ambad, Nashik - MPCB","08-02-2026 09:00:00",19.950220,73.731480,NO2,10,41,20
India,Maharashtra,Nashik,"MIDC Ambad, Nashik - MPCB","08-02-2026 09:00:00",19.950220,73.731480,CO,20,23,22
India,Maharashtra,Nashik,"MIDC Ambad, Nashik - MPCB","08-02-2026 09:00:00",19.950220,73.731480,OZONE,4,73,28
India,Maharashtra,"Navi Mumbai","Kopripada-Vashi, Navi Mumbai - MPCB","08-02-2026 09:00:00",19.090337,73.014232,PM2.5,45,95,67
India,Maharashtra,"Navi Mumbai","Kopripada-Vashi, Navi Mumbai - MPCB","08-02-2026 09:00:00",19.090337,73.014232,PM10,NA,NA,NA
India,Maharashtra,"Navi Mumbai","Kopripada-Vashi, Navi Mumbai - MPCB","08-02-2026 09:00:00",19.090337,73.014232,NH3,1,9,5
India,Maharashtra,"Navi Mumbai","Kopripada-Vashi, Navi Mumbai - MPCB","08-02-2026 09:00:00",19.090337,73.014232,CO,10,40,33
India,Maharashtra,"Navi Mumbai","Nerul, Navi Mumbai - MPCB","08-02-2026 09:00:00",19.008751,73.016620,PM2.5,59,260,134
India,Maharashtra,"Navi Mumbai","Nerul, Navi Mumbai - MPCB","08-02-2026 09:00:00",19.008751,73.016620,NH3,7,8,7
India,Maharashtra,"Navi Mumbai","Sanpada, Navi Mumbai - MPCB","08-02-2026 09:00:00",19.0575752,73.0151367,PM10,82,147,111
India,Maharashtra,"Navi Mumbai","Sector-2E Kalamboli, Navi Mumbai - MPCB","08-02-2026 09:00:00",19.02579,73.10297,NO2,14,61,40
India,Maharashtra,"Navi Mumbai","Tondare-Taloja, Navi Mumbai - MPCB","08-02-2026 09:00:00",19.0630,73.1209,SO2,4,4,4
India,Maharashtra,Nagpur,"Mahal, Nagpur - MPCB","08-02-2026 09:00:00",21.14472,79.107595,CO,22,117,35
India,Maharashtra,Nagpur,"Opp GPO Civil Lines, Nagpur - MPCB","08-02-2026 09:00:00",21.152875,79.0517531,PM2.5,65,253,125
India,Maharashtra,Nagpur,"Opp GPO Civil Lines, Nagpur - MPCB","08-02-2026 09:00:00",21.152875,79.0517531,PM10,68,172,117
India,Maharashtra,Nagpur,"Opp GPO Civil Lines, Nagpur - MPCB","08-02-2026 09:00:00",21.152875,79.0517531,CO,11,115,37
India,Maharashtra,Nagpur,"Ram Nagar, Nagpur - MPCB","08-02-2026 09:00:00",21.143383,79.048912,NO2,7,60,26
India,Maharashtra,Mumbai,"Sewri, Mumbai - BMC","08-02-2026 09:00:00",19.000084,72.856730,CO,16,56,45
India,Maharashtra,Mumbai,"Shivaji Nagar, Mumbai - BMC","08-02-2026 09:00:00",19.060498,72.923356,PM10,104,138,115
India,Maharashtra,Mumbai,"Siddharth Nagar-Worli, Mumbai - IITM","08-02-2026 09:00:00",19.000083,72.813993,PM10,83,158,117
India,Maharashtra,Mumbai,"Siddharth Nagar-Worli, Mumbai - IITM","08-02-2026 09:00:00",19.000083,72.813993,OZONE,6,105,24
India,Maharashtra,Ulhasnagar,"Sidhi Vinayak Nagar, Ulhasnagar - MPCB","08-02-2026 09:00:00",19.235581,73.159121,PM2.5,56,171,110
India,Maharashtra,Ulhasnagar,"Sidhi Vinayak Nagar, Ulhasnagar - MPCB","08-02-2026 09:00:00",19.235581,73.159121,OZONE,13,82,13
India,Maharashtra,Virar,"Bolinj, Virar - MPCB","08-02-2026 09:00:00",19.4458210,72.7988231,PM2.5,60,236,85
India,Maharashtra,Virar,"Bolinj, Virar - MPCB","08-02-2026 09:00:00",19.4458210,72.7988231,PM10,47,182,105
India,Punjab,Ludhiana,"Punjab Agricultural University, Ludhiana - PPCB","08-02-2026 09:00:00",30.9028,75.8086,OZONE,22,46,32
India,Punjab,"Mandi Gobindgarh","RIMT University, Mandi Gobindgarh - PPCB","08-02-2026 09:00:00",30.649961,76.331442,PM2.5,105,360,222
India,Punjab,"Mandi Gobindgarh","RIMT University, Mandi Gobindgarh - PPCB","08-02-2026 09:00:00",30.649961,76.331442,SO2,2,47,21
India,Punjab,Patiala,"Model Town, Patiala - PPCB","08-02-2026 09:00:00",30.349388,76.366642,NH3,NA,NA,NA
India,Punjab,Rupnagar,"Ratanpura, Rupnagar - Ambuja Cements","08-02-2026 09:00:00",31.0325454,76.5623046,NO2,9,45,26
India,Punjab,Rupnagar,"Ratanpura, Rupnagar - Ambuja Cements","08-02-2026 09:00:00",31.0325454,76.5623046,CO,35,42,39
India,Rajasthan,Ajmer,"Civil Lines,  Ajmer - RSPCB","08-02-2026 09:00:00",26.470859,74.646594,OZONE,NA,NA,NA
India,Rajasthan,Banswara,"Rati Talai, Banswara - RSPCB","08-02-2026 09:00:00",23.555190,74.440010,PM2.5,43,320,91
India,Odisha,Cuttack,"CDA Area, Cuttack - OSPCB","08-02-2026 09:00:00","20.48891     ","85.84768     ",NH3,3,8,6
India,Odisha,Rourkela,"Fertilizer Township, Rourkela - OSPCB","08-02-2026 09:00:00",22.18972222,84.86277778,NO2,11,11,11
India,Odisha,Rourkela,"Fertilizer Township, Rourkela - OSPCB","08-02-2026 09:00:00",22.18972222,84.86277778,SO2,9,11,10
India,Odisha,Rourkela,"Fertilizer Township, Rourkela - OSPCB","08-02-2026 09:00:00",22.18972222,84.86277778,CO,12,32,18
India,Odisha,Talcher,"Talcher Coalfields,Talcher - OSPCB","08-02-2026 09:00:00",20.9360711,85.1707021,NO2,41,86,60
India,Odisha,Talcher,"Talcher Coalfields,Talcher - OSPCB","08-02-2026 09:00:00",20.9360711,85.1707021,NH3,6,9,7
India,Odisha,Tensa,"Barsua Iron Ore Mines, Tensa - OSPCB","08-02-2026 09:00:00",21.869985,85.167016,PM10,NA,NA,NA
India,Odisha,Tensa,"Barsua Iron Ore Mines, Tensa - OSPCB","08-02-2026 09:00:00",21.869985,85.167016,SO2,NA,NA,NA
India,Puducherry,Puducherry,"Jawahar Nagar, Puducherry - PPCC","08-02-2026 09:00:00",11.9309,79.8027,PM10,52,82,64
India,Odisha,Barbil,"Forest Office, Barbil - OSPCB","08-02-2026 09:00:00",22.1166054,85.3945546,NH3,2,4,3
India,Odisha,Barbil,"Forest Office, Barbil - OSPCB","08-02-2026 09:00:00",22.1166054,85.3945546,CO,26,87,40
India,Odisha,Barbil,"Forest Office, Barbil - OSPCB","08-02-2026 09:00:00",22.1166054,85.3945546,OZONE,8,171,18
India,Odisha,Baripada,"Meher Colony, Baripada - OSPCB","08-02-2026 09:00:00",21.941841,86.728318,NH3,2,6,4
India,Odisha,Baripada,"Meher Colony, Baripada - OSPCB","08-02-2026 09:00:00",21.941841,86.728318,OZONE,12,85,34
India,Odisha,Bhubaneswar,"Patia, Bhubaneswar - OSPCB","08-02-2026 09:00:00",20.34652,85.81630,PM2.5,45,173,93
India,Odisha,Bileipada,"Tata Township, Bileipada - OSPCB","08-02-2026 09:00:00",22.06156703,85.47409613,CO,13,116,80
India,Odisha,Brajrajnagar,"GM Office, Brajrajnagar - OSPCB","08-02-2026 09:00:00",21.8004996,83.8396977,PM10,26,177,93
India,Odisha,Brajrajnagar,"GM Office, Brajrajnagar - OSPCB","08-02-2026 09:00:00",21.8004996,83.8396977,CO,17,65,32
India,Rajasthan,Bhiwadi,"RIICO Ind. Area III, Bhiwadi - RSPCB","08-02-2026 09:00:00",28.194909,76.862296,OZONE,4,37,8
India,Rajasthan,Bhiwadi,"Vasundhara Nagar_UIT, Bhiwadi - RSPCB","08-02-2026 09:00:00",28.207266,76.829265,SO2,9,39,15
India,Rajasthan,Bikaner,"MM Ground, Bikaner - RSPCB","08-02-2026 09:00:00",28.018792,73.292658,NO2,11,55,30
India,Rajasthan,Bikaner,"MM Ground, Bikaner - RSPCB","08-02-2026 09:00:00",28.018792,73.292658,CO,16,51,29
India,Rajasthan,Bundi,"New Colony, Bundi - RSPCB","08-02-2026 09:00:00",25.435774,75.644272,PM2.5,28,305,99
India,Rajasthan,Chittorgarh,"Shastri Nagar, Chittorgarh - RSPCB","08-02-2026 09:00:00",24.892047,74.623527,OZONE,10,127,10
India,Rajasthan,Dausa,"Khatikan Mohalla, Dausa - RSPCB","08-02-2026 09:00:00",26.895552,76.334753,PM10,37,308,154
India,Rajasthan,Dausa,"Khatikan Mohalla, Dausa - RSPCB","08-02-2026 09:00:00",26.895552,76.334753,NO2,16,96,48
India,Puducherry,Puducherry,"Jawahar Nagar, Puducherry - PPCC","08-02-2026 09:00:00",11.9309,79.8027,SO2,2,12,7
India,Puducherry,Puducherry,"Jawahar Nagar, Puducherry - PPCC","08-02-2026 09:00:00",11.9309,79.8027,CO,19,32,25
India,Punjab,Amritsar,"Golden Temple, Amritsar - PPCB","08-02-2026 09:00:00",31.620000,74.876512,SO2,14,24,18
India,Punjab,Bathinda,"Hardev Nagar, Bathinda - PPCB","08-02-2026 09:00:00",30.233011,74.907758,NO2,17,25,20
India,Punjab,Jalandhar,"Civil Line, Jalandhar - PPCB","08-02-2026 09:00:00",31.321907,75.578914,PM2.5,65,172,100
India,Punjab,Jalandhar,"Civil Line, Jalandhar - PPCB","08-02-2026 09:00:00",31.321907,75.578914,NH3,3,3,3
India,Punjab,Ludhiana,"Punjab Agricultural University, Ludhiana - PPCB","08-02-2026 09:00:00",30.9028,75.8086,CO,28,95,58
India,Mizoram,Aizawl,"Sikulpuikawn, Aizawl - Mizoram PCB","08-02-2026 09:00:00",23.7176342,92.7192841,SO2,16,18,17
India,Mizoram,Aizawl,"Sikulpuikawn, Aizawl - Mizoram PCB","08-02-2026 09:00:00",23.7176342,92.7192841,OZONE,4,9,7
India,Nagaland,Kohima,"PWD Junction, Kohima - NPCB","08-02-2026 09:00:00",25.6635413,94.0989878,SO2,76,80,77
India,Odisha,Angul,"Hakimapada, Angul - OSPCB","08-02-2026 09:00:00",20.832874,85.104082,PM10,51,243,145
India,Odisha,Balasore,"Kalidaspur, Balasore - OSPCB","08-02-2026 09:00:00",21.51161,86.89088,PM2.5,38,277,117
India,Odisha,Barbil,"Forest Office, Barbil - OSPCB","08-02-2026 09:00:00",22.1166054,85.3945546,PM10,38,205,105
India,Rajasthan,Baran,"Bamboliya, Baran - RSPCB","08-02-2026 09:00:00",25.106006,76.469948,NH3,8,10,9
India,Rajasthan,Baran,"Bamboliya, Baran - RSPCB","08-02-2026 09:00:00",25.106006,76.469948,CO,11,60,24
India,Rajasthan,Barmer,"Railway Colony, Barmer - RSPCB","08-02-2026 09:00:00",25.747299,71.393989,PM2.5,15,80,41
India,Rajasthan,Bharatpur,"Krishna Nagar, Bharatpur - RSPCB","08-02-2026 09:00:00",27.215415,77.50873,PM10,49,237,93
India,Rajasthan,Bhilwara,"Pratap Nagar, Bhilwara - RSPCB","08-02-2026 09:00:00",25.339605,74.618883,OZONE,4,74,10
India,Rajasthan,Bhiwadi,"RIICO Ind. Area III, Bhiwadi - RSPCB","08-02-2026 09:00:00",28.194909,76.862296,NO2,17,66,37
India,Rajasthan,Dausa,"Khatikan Mohalla, Dausa - RSPCB","08-02-2026 09:00:00",26.895552,76.334753,NH3,10,33,16
India,Rajasthan,Dholpur,"Raja Ganj, Dholpur - RSPCB","08-02-2026 09:00:00",26.699557,77.898881,PM10,38,157,76
India,Rajasthan,Dholpur,"Raja Ganj, Dholpur - RSPCB","08-02-2026 09:00:00",26.699557,77.898881,CO,48,132,73
India,Rajasthan,Dholpur,"Raja Ganj, Dholpur - RSPCB","08-02-2026 09:00:00",26.699557,77.898881,OZONE,1,59,19
India,Rajasthan,Dungarpur,"Bhoiwada, Dungarpur - RSPCB","08-02-2026 09:00:00",23.837789,73.714926,SO2,2,15,6
India,Rajasthan,Hanumangarh,"Housing Board, Hanumangarh - RSPCB","08-02-2026 09:00:00",29.610750,74.283608,NO2,15,80,40
India,Rajasthan,Hanumangarh,"Housing Board, Hanumangarh - RSPCB","08-02-2026 09:00:00",29.610750,74.283608,SO2,3,14,8
India,Rajasthan,Hanumangarh,"Housing Board, Hanumangarh - RSPCB","08-02-2026 09:00:00",29.610750,74.283608,CO,46,118,84
India,Rajasthan,Jaipur,"Adarsh Nagar, Jaipur - RSPCB","08-02-2026 09:00:00",26.902909,75.836858,OZONE,15,69,17
India,Rajasthan,Sikar,"Radhakishan Pura, Sikar - RSPCB","08-02-2026 09:00:00",27.608912,75.153302,NH3,7,17,12
India,Rajasthan,Sikar,"Radhakishan Pura, Sikar - RSPCB","08-02-2026 09:00:00",27.608912,75.153302,SO2,2,9,5
India,Rajasthan,Sirohi,"Vedhaynath Colony, Sirohi - RSPCB","08-02-2026 09:00:00",24.885261,72.857549,NO2,NA,NA,NA
India,Rajasthan,"Sri Ganganagar","Old City, Sri Ganganagar - RSPCB","08-02-2026 09:00:00",29.931624,73.864511,NO2,30,207,71
India,Rajasthan,"Sri Ganganagar","Old City, Sri Ganganagar - RSPCB","08-02-2026 09:00:00",29.931624,73.864511,NH3,4,9,6
India,Rajasthan,"Sri Ganganagar","Old City, Sri Ganganagar - RSPCB","08-02-2026 09:00:00",29.931624,73.864511,OZONE,5,168,18
India,Rajasthan,Udaipur,"Ashok Nagar, Udaipur - RSPCB","08-02-2026 09:00:00",24.5886166,73.6321397,NO2,8,38,28
India,Rajasthan,Udaipur,"Ashok Nagar, Udaipur - RSPCB","08-02-2026 09:00:00",24.5886166,73.6321397,NH3,3,5,4
India,Sikkim,Gangtok,"Zero Point GICI, Gangtok - SSPCB","08-02-2026 09:00:00",27.338530,88.614099,PM10,47,76,62
India,Sikkim,Gangtok,"Zero Point GICI, Gangtok - SSPCB","08-02-2026 09:00:00",27.338530,88.614099,NO2,6,7,6
India,Rajasthan,Pali,"Indira Colony Vistar, Pali - RSPCB","08-02-2026 09:00:00",25.771061," 73.340227",NO2,33,108,61
India,Rajasthan,Pali,"Indira Colony Vistar, Pali - RSPCB","08-02-2026 09:00:00",25.771061," 73.340227",OZONE,1,51,5
India,Rajasthan,Pratapgarh,"Pragati Nagar, Pratapgarh - RSPCB","08-02-2026 09:00:00",24.041198,74.780702,PM10,82,134,109
India,Rajasthan,Pratapgarh,"Pragati Nagar, Pratapgarh - RSPCB","08-02-2026 09:00:00",24.041198,74.780702,NH3,2,4,3
India,Rajasthan,Pratapgarh,"Pragati Nagar, Pratapgarh - RSPCB","08-02-2026 09:00:00",24.041198,74.780702,SO2,3,9,5
India,Rajasthan,Rajsamand,"Dhoinda, Rajsamand - RSPCB","08-02-2026 09:00:00",25.036360,73.883502,NO2,14,58,31
India,Rajasthan,"Sawai Madhopur","Sahu Nagar, Sawai Madhopur - RSPCB","08-02-2026 09:00:00",26.031443,76.359327,CO,16,117,33
India,Rajasthan,Sikar,"Radhakishan Pura, Sikar - RSPCB","08-02-2026 09:00:00",27.608912,75.153302,PM2.5,17,355,139
India,Rajasthan,Jodhpur,"Samrat Ashok Udhyan, Jodhpur - RSPCB","08-02-2026 09:00:00",26.253384,72.976571,OZONE,17,142,71
India,Rajasthan,Karauli,"Satyawati Vihar, Karauli - RSPCB","08-02-2026 09:00:00",26.506177,77.025989,PM2.5,27,201,74
India,Rajasthan,Karauli,"Satyawati Vihar, Karauli - RSPCB","08-02-2026 09:00:00",26.506177,77.025989,PM10,40,224,89
India,Rajasthan,Karauli,"Satyawati Vihar, Karauli - RSPCB","08-02-2026 09:00:00",26.506177,77.025989,SO2,8,15,11
India,Rajasthan,Kota,"Dhanmandi, Kota - RSPCB","08-02-2026 09:00:00",25.164090,75.858137,PM2.5,50,314,162
India,Rajasthan,Kota,"Shrinath Puram, Kota - RSPCB","08-02-2026 09:00:00",25.14389,75.821256,OZONE,1,28,10
India,Rajasthan,Nagaur,"Karni Colony, Nagaur - RSPCB","08-02-2026 09:00:00",27.213494,73.734444,OZONE,27,94,66
India,TamilNadu,Chennai,"Arumbakkam, Chennai - TNPCB","08-02-2026 09:00:00",13.0664,"80.2112 ",PM10,81,247,122
India,TamilNadu,Chennai,"Manali Village, Chennai - TNPCB","08-02-2026 09:00:00",13.1662,80.2584,CO,28,32,31
India,TamilNadu,Chennai,"Perungudi, Chennai - TNPCB","08-02-2026 09:00:00",12.9533,80.2357,NO2,5,28,8
India,TamilNadu,Chennai,"Perungudi, Chennai - TNPCB","08-02-2026 09:00:00",12.9533,80.2357,SO2,1,16,5
India,TamilNadu,Chennai,"Royapuram, Chennai - TNPCB","08-02-2026 09:00:00",13.1036,80.2909,PM2.5,43,183,90
India,TamilNadu,Chennai,"Royapuram, Chennai - TNPCB","08-02-2026 09:00:00",13.1036,80.2909,NH3,4,10,6
India,TamilNadu,Chennai,"Royapuram, Chennai - TNPCB","08-02-2026 09:00:00",13.1036,80.2909,CO,43,70,53
India,Rajasthan,Jhunjhunu,"Indra Nagar, Jhunjhunu - RSPCB","08-02-2026 09:00:00",28.108988,75.386577,NO2,7,62,31
India,Rajasthan,Jhunjhunu,"Indra Nagar, Jhunjhunu - RSPCB","08-02-2026 09:00:00",28.108988,75.386577,OZONE,11,112,23
India,Rajasthan,Jodhpur,"Digari Kalan, Jodhpur - RSPCB","08-02-2026 09:00:00",26.295810,73.082283,OZONE,2,109,40
India,Rajasthan,Jodhpur,"Jhalamand, Jodhpur - RSPCB","08-02-2026 09:00:00",26.215415,73.070156,CO,12,68,29
India,Rajasthan,Jodhpur,"Mandor, Jodhpur - RSPCB","08-02-2026 09:00:00",26.358805,73.047444,PM10,31,132,71
India,Rajasthan,Jaipur,"Mansarovar Sector-12, Jaipur - RSPCB","08-02-2026 09:00:00",26.843698,75.766894,NH3,11,23,15
India,Rajasthan,Jaipur,"Police Commissionerate, Jaipur - RSPCB","08-02-2026 09:00:00",26.9164092,75.7994901,NH3,1,95,27
India,Rajasthan,Jaipur,"Police Commissionerate, Jaipur - RSPCB","08-02-2026 09:00:00",26.9164092,75.7994901,CO,25,109,86
India,Rajasthan,Jaipur,"Police Commissionerate, Jaipur - RSPCB","08-02-2026 09:00:00",26.9164092,75.7994901,OZONE,15,58,16
India,Rajasthan,Jaipur,"RIICO Sitapura, Jaipur - RSPCB","08-02-2026 09:00:00",26.786682,75.827928,NH3,5,11,8
India,Rajasthan,Jaipur,"Shastri Nagar, Jaipur - RSPCB","08-02-2026 09:00:00",26.9502929,75.730943,OZONE,13,53,21
India,Rajasthan,Jalore,"Mudtra Sili, Jalore - RSPCB","08-02-2026 09:00:00",25.344694,72.626208,NH3,4,9,6
India,Rajasthan,Jhalawar,"Rajlaxmi Nagar, Jhalawar - RSPCB","08-02-2026 09:00:00",24.588397,76.172782,SO2,5,19,11
India,Rajasthan,Jaipur,"Sector-2 Murlipura, Jaipur - RSPCB","08-02-2026 09:00:00",26.960669,75.771817,CO,24,131,51
India,Rajasthan,Sikar,"Radhakishan Pura, Sikar - RSPCB","08-02-2026 09:00:00",27.608912,75.153302,PM10,68,469,201
India,TamilNadu,Thoothukudi,"Meelavittan, Thoothukudi - TNPCB","08-02-2026 09:00:00","8.816428 ",78.099039,NO2,11,21,16
India,Telangana,Hyderabad,"Bollaram Industrial Area, Hyderabad - TSPCB","08-02-2026 09:00:00",17.540891,78.358528,PM10,73,145,110
India,Telangana,Hyderabad,"Bollaram Industrial Area, Hyderabad - TSPCB","08-02-2026 09:00:00",17.540891,78.358528,NH3,1,6,4
India,Telangana,Hyderabad,"Central University, Hyderabad - TSPCB","08-02-2026 09:00:00",17.460103,78.334361,PM2.5,40,151,74
India,Telangana,Hyderabad,"Central University, Hyderabad - TSPCB","08-02-2026 09:00:00",17.460103,78.334361,NH3,4,9,5
India,Telangana,Hyderabad,"Central University, Hyderabad - TSPCB","08-02-2026 09:00:00",17.460103,78.334361,SO2,9,21,13
India,Telangana,Hyderabad,"ECIL Kapra, Hyderabad - TSPCB","08-02-2026 09:00:00",17.470431,78.566959,PM2.5,37,81,68
India,Telangana,Hyderabad,"ECIL Kapra, Hyderabad - TSPCB","08-02-2026 09:00:00",17.470431,78.566959,SO2,3,16,7
India,Telangana,Hyderabad,"ECIL Kapra, Hyderabad - TSPCB","08-02-2026 09:00:00",17.470431,78.566959,CO,20,32,24
India,Telangana,Hyderabad,"ICRISAT Patancheru, Hyderabad - TSPCB","08-02-2026 09:00:00",17.518400,78.278777,PM10,48,155,110
India,Telangana,Hyderabad,"ICRISAT Patancheru, Hyderabad - TSPCB","08-02-2026 09:00:00",17.518400,78.278777,NH3,1,2,1
India,Telangana,Hyderabad,"IDA Pashamylaram, Hyderabad - TSPCB","08-02-2026 09:00:00",17.5316895,78.218939,PM2.5,NA,NA,NA
India,Telangana,Hyderabad,"Somajiguda, Hyderabad - TSPCB","08-02-2026 09:00:00",17.417094,78.457437,PM2.5,52,84,62
India,Telangana,Hyderabad,"Somajiguda, Hyderabad - TSPCB","08-02-2026 09:00:00",17.417094,78.457437,PM10,84,115,93
India,Telangana,Hyderabad,"Somajiguda, Hyderabad - TSPCB","08-02-2026 09:00:00",17.417094,78.457437,NO2,12,16,14
India,Telangana,Hyderabad,"Somajiguda, Hyderabad - TSPCB","08-02-2026 09:00:00",17.417094,78.457437,NH3,3,5,4
India,Telangana,Hyderabad,"Zoo Park, Hyderabad - TSPCB","08-02-2026 09:00:00",17.349694,78.451437,PM10,83,156,142
India,Telangana,Hyderabad,"Zoo Park, Hyderabad - TSPCB","08-02-2026 09:00:00",17.349694,78.451437,NO2,7,15,10
India,Telangana,Hyderabad,"Zoo Park, Hyderabad - TSPCB","08-02-2026 09:00:00",17.349694,78.451437,NH3,3,3,3
India,Telangana,Hyderabad,"Zoo Park, Hyderabad - TSPCB","08-02-2026 09:00:00",17.349694,78.451437,SO2,2,15,7
India,Telangana,Hyderabad,"Zoo Park, Hyderabad - TSPCB","08-02-2026 09:00:00",17.349694,78.451437,OZONE,23,28,25
India,Tripura,Agartala,"Bardowali, Agartala - Tripura SPCB","08-02-2026 09:00:00",23.8175497,91.2726974,PM2.5,7,68,34
India,Uttar_Pradesh,Agra,"Manoharpur, Agra - UPPCB","08-02-2026 09:00:00",27.23711,78.01936,PM2.5,18,96,56
India,Uttar_Pradesh,Agra,"Manoharpur, Agra - UPPCB","08-02-2026 09:00:00",27.23711,78.01936,OZONE,7,7,7
India,Uttar_Pradesh,Agra,"Rohta, Agra - UPPCB","08-02-2026 09:00:00",27.106972,78.000111,PM10,53,443,108
India,TamilNadu,Chennai,"Velachery Res. Area, Chennai - CPCB","08-02-2026 09:00:00",13.0052189,80.2398125,NH3,3,4,3
India,TamilNadu,Coimbatore,"PSG College of Arts and Science, Coimbatore - TNPCB","08-02-2026 09:00:00",11.0328,77.0349,PM10,28,108,71
India,TamilNadu,Coimbatore,"PSG College of Arts and Science, Coimbatore - TNPCB","08-02-2026 09:00:00",11.0328,77.0349,NO2,10,11,10
India,TamilNadu,Coimbatore,"PSG College of Arts and Science, Coimbatore - TNPCB","08-02-2026 09:00:00",11.0328,77.0349,OZONE,3,7,5
India,TamilNadu,Coimbatore,"SIDCO Kurichi, Coimbatore - TNPCB","08-02-2026 09:00:00",10.942451,76.978996,NO2,1,14,5
India,TamilNadu,Gummidipoondi,"Anthoni Pillai Nagar, Gummidipoondi - TNPCB","08-02-2026 09:00:00",13.4127,80.1081,PM2.5,67,183,125
India,TamilNadu,Thanjavur,"Parisutham Nagar, Thanjavur - TNPCB","08-02-2026 09:00:00",10.7654824,79.1389968,PM2.5,17,39,27
India,TamilNadu,Thanjavur,"Parisutham Nagar, Thanjavur - TNPCB","08-02-2026 09:00:00",10.7654824,79.1389968,NO2,3,4,3
India,TamilNadu,Thanjavur,"Parisutham Nagar, Thanjavur - TNPCB","08-02-2026 09:00:00",10.7654824,79.1389968,SO2,17,17,17
India,Telangana,Hyderabad,"Nacharam_TSIIC IALA, Hyderabad - TSPCB","08-02-2026 09:00:00",17.429398,78.569354,NO2,10,17,11
India,Telangana,Hyderabad,"Nacharam_TSIIC IALA, Hyderabad - TSPCB","08-02-2026 09:00:00",17.429398,78.569354,NH3,3,5,5
India,Telangana,Hyderabad,"Nacharam_TSIIC IALA, Hyderabad - TSPCB","08-02-2026 09:00:00",17.429398,78.569354,CO,9,38,36
India,Telangana,Hyderabad,"Nacharam_TSIIC IALA, Hyderabad - TSPCB","08-02-2026 09:00:00",17.429398,78.569354,OZONE,21,37,22
India,Telangana,Hyderabad,"New Malakpet, Hyderabad - TSPCB","08-02-2026 09:00:00",17.37206,78.50864,PM2.5,47,72,60
India,Telangana,Hyderabad,"Ramachandrapuram, Hyderabad - TSPCB","08-02-2026 09:00:00",17.528544,78.286195,PM10,67,91,76
India,Telangana,Hyderabad,"Ramachandrapuram, Hyderabad - TSPCB","08-02-2026 09:00:00",17.528544,78.286195,NO2,12,16,14
India,Telangana,Hyderabad,"Ramachandrapuram, Hyderabad - TSPCB","08-02-2026 09:00:00",17.528544,78.286195,CO,12,51,36
India,Telangana,Hyderabad,"Sanathnagar, Hyderabad - TSPCB","08-02-2026 09:00:00",17.4559458,78.4332152,PM2.5,44,143,85
India,Telangana,Hyderabad,"Sanathnagar, Hyderabad - TSPCB","08-02-2026 09:00:00",17.4559458,78.4332152,CO,37,57,54
India,Uttar_Pradesh,Firozabad,"Vibhab Nagar, Firozabad - UPPCB","08-02-2026 09:00:00",27.1594,78.3953,CO,14,16,15
India,Uttar_Pradesh,Ghaziabad,"Indirapuram, Ghaziabad - UPPCB","08-02-2026 09:00:00",28.646233,77.358075,OZONE,7,29,14
India,Uttar_Pradesh,Ghaziabad,"Loni, Ghaziabad - UPPCB","08-02-2026 09:00:00",28.757294,77.278792,OZONE,7,58,20
India,Uttar_Pradesh,Ghaziabad,"Sanjay Nagar, Ghaziabad - UPPCB","08-02-2026 09:00:00",28.685382,77.453839,OZONE,15,51,26
India,Uttar_Pradesh,Ghaziabad,"Vasundhara, Ghaziabad - UPPCB","08-02-2026 09:00:00",28.6603346,77.3572563,PM2.5,98,357,215
India,Uttar_Pradesh,Ghaziabad,"Vasundhara, Ghaziabad - UPPCB","08-02-2026 09:00:00",28.6603346,77.3572563,NO2,42,102,62
India,Uttar_Pradesh,Ghaziabad,"Vasundhara, Ghaziabad - UPPCB","08-02-2026 09:00:00",28.6603346,77.3572563,SO2,3,69,21
India,Uttar_Pradesh,Bareilly,"Civil Lines, Bareilly - UPPCB","08-02-2026 09:00:00",28.359581,79.414455,SO2,35,53,44
India,Uttar_Pradesh,Bareilly,"Rajendra Nagar, Bareilly - UPPCB","08-02-2026 09:00:00",28.38910936,79.42963708,SO2,37,38,38
India,Uttar_Pradesh,Bareilly,"Rajendra Nagar, Bareilly - UPPCB","08-02-2026 09:00:00",28.38910936,79.42963708,CO,1,11,9
India,Uttar_Pradesh,Bulandshahr,"Yamunapuram, Bulandshahr - UPPCB","08-02-2026 09:00:00",28.406963,77.849831,CO,30,76,43
India,Uttar_Pradesh,Firozabad,"Nagla Bhau, Firozabad - UPPCB","08-02-2026 09:00:00",27.168897,78.376960,NO2,17,17,17
India,Uttar_Pradesh,Firozabad,"Nagla Bhau, Firozabad - UPPCB","08-02-2026 09:00:00",27.168897,78.376960,SO2,1,86,24
India,Uttar_Pradesh,Agra,"Sanjay Palace, Agra - UPPCB","08-02-2026 09:00:00",27.19865833,78.00598056,NO2,3,14,6
India,Uttar_Pradesh,Agra,"Shahjahan Garden, Agra - UPPCB","08-02-2026 09:00:00",27.169338,78.03582,PM2.5,3,90,40
India,Uttar_Pradesh,Agra,"Shahjahan Garden, Agra - UPPCB","08-02-2026 09:00:00",27.169338,78.03582,PM10,81,266,141
India,Uttar_Pradesh,Agra,"Shahjahan Garden, Agra - UPPCB","08-02-2026 09:00:00",27.169338,78.03582,NO2,9,13,11
India,Uttar_Pradesh,Agra,"Shahjahan Garden, Agra - UPPCB","08-02-2026 09:00:00",27.169338,78.03582,CO,5,36,18
India,Uttar_Pradesh,Agra,"Shastripuram, Agra - UPPCB","08-02-2026 09:00:00",27.19862,77.92066,NH3,3,3,3
India,Telangana,Hyderabad,"IDA Pashamylaram, Hyderabad - TSPCB","08-02-2026 09:00:00",17.5316895,78.218939,CO,30,86,39
India,Telangana,Hyderabad,"IITH Kandi, Hyderabad - TSPCB","08-02-2026 09:00:00",17.585705,78.126199,CO,26,79,69
India,Telangana,Hyderabad,"Kokapet, Hyderabad - TSPCB","08-02-2026 09:00:00",17.393559,78.339194,NO2,12,15,13
India,Telangana,Hyderabad,"Kokapet, Hyderabad - TSPCB","08-02-2026 09:00:00",17.393559,78.339194,SO2,12,19,15
India,Uttar_Pradesh,Agra,"Rohta, Agra - UPPCB","08-02-2026 09:00:00",27.106972,78.000111,SO2,8,15,11
India,Uttar_Pradesh,Muzaffarnagar,"New Mandi, Muzaffarnagar - UPPCB","08-02-2026 09:00:00",29.4723508,77.7194031,CO,24,78,45
India,Uttar_Pradesh,Noida,"Sector - 125, Noida - UPPCB","08-02-2026 09:00:00",28.5447608,77.3231257,NO2,25,118,64
India,Uttar_Pradesh,Noida,"Sector - 125, Noida - UPPCB","08-02-2026 09:00:00",28.5447608,77.3231257,SO2,5,17,9
India,Uttar_Pradesh,Noida,"Sector - 62, Noida - IMD","08-02-2026 09:00:00",28.6245479,77.3577104,PM10,104,188,136
India,Uttar_Pradesh,Noida,"Sector-1, Noida - UPPCB","08-02-2026 09:00:00",28.5898,77.3101,NH3,10,19,15
India,Uttar_Pradesh,Noida,"Sector-1, Noida - UPPCB","08-02-2026 09:00:00",28.5898,77.3101,CO,18,90,42
India,Uttar_Pradesh,Noida,"Sector-1, Noida - UPPCB","08-02-2026 09:00:00",28.5898,77.3101,OZONE,1,10,2
India,Uttar_Pradesh,Noida,"Sector-116, Noida - UPPCB","08-02-2026 09:00:00",28.569230,77.393848,OZONE,18,147,39
India,Uttar_Pradesh,Prayagraj,"Jhunsi, Prayagraj - UPPCB","08-02-2026 09:00:00",25.425602,81.917152,PM10,39,109,63
India,Uttar_Pradesh,Prayagraj,"Jhunsi, Prayagraj - UPPCB","08-02-2026 09:00:00",25.425602,81.917152,NH3,5,5,5
India,Uttar_Pradesh,Prayagraj,"Motilal Nehru NIT, Prayagraj - UPPCB","08-02-2026 09:00:00",25.494,81.863,NO2,12,12,12
India,Uttar_Pradesh,Ghaziabad,"Vasundhara, Ghaziabad - UPPCB","08-02-2026 09:00:00",28.6603346,77.3572563,OZONE,12,90,30
India,Uttar_Pradesh,Gorakhpur,"Madan Mohan Malaviya University of Technology, Gorakhpur - UPPCB","08-02-2026 09:00:00",26.730136,83.433859,NO2,11,12,11
India,Uttar_Pradesh,Gorakhpur,"Madan Mohan Malaviya University of Technology, Gorakhpur - UPPCB","08-02-2026 09:00:00",26.730136,83.433859,CO,5,8,7
India,Uttar_Pradesh,"Greater Noida","Knowledge Park - III, Greater Noida - UPPCB","08-02-2026 09:00:00",28.47272,77.482000,NO2,33,126,69
India,Uttar_Pradesh,"Greater Noida","Knowledge Park - V, Greater Noida - UPPCB","08-02-2026 09:00:00",28.557054,77.453663,PM10,112,244,176
India,Uttar_Pradesh,"Greater Noida","Knowledge Park - V, Greater Noida - UPPCB","08-02-2026 09:00:00",28.557054,77.453663,NO2,67,146,99
India,Uttar_Pradesh,"Greater Noida","Knowledge Park - V, Greater Noida - UPPCB","08-02-2026 09:00:00",28.557054,77.453663,NH3,11,17,14
India,Uttar_Pradesh,Hapur,"Anand Vihar, Hapur - UPPCB","08-02-2026 09:00:00",28.725645,77.749675,PM10,59,105,80
India,Uttar_Pradesh,Hapur,"Anand Vihar, Hapur - UPPCB","08-02-2026 09:00:00",28.725645,77.749675,NO2,2,24,8
India,Uttar_Pradesh,Moradabad,"Employment Office, Moradabad - UPPCB","08-02-2026 09:00:00",28.88528,78.73880,NO2,15,16,16
India,Uttar_Pradesh,Moradabad,"Employment Office, Moradabad - UPPCB","08-02-2026 09:00:00",28.88528,78.73880,NH3,4,4,4
India,Uttar_Pradesh,Moradabad,"Jigar Colony, Moradabad - UPPCB","08-02-2026 09:00:00",28.856664,78.772638,NH3,6,6,6
India,Uttar_Pradesh,Moradabad,"Jigar Colony, Moradabad - UPPCB","08-02-2026 09:00:00",28.856664,78.772638,CO,40,40,40
India,Uttar_Pradesh,Moradabad,"Jigar Colony, Moradabad - UPPCB","08-02-2026 09:00:00",28.856664,78.772638,OZONE,17,27,17
India,Uttar_Pradesh,Moradabad,"Kashiram Nagar, Moradabad - UPPCB","08-02-2026 09:00:00",28.849399,78.742362,SO2,3,63,29
India,Uttar_Pradesh,Moradabad,"Kashiram Nagar, Moradabad - UPPCB","08-02-2026 09:00:00",28.849399,78.742362,OZONE,10,49,11
India,Uttar_Pradesh,Moradabad,"Transport Nagar, Moradabad - UPPCB","08-02-2026 09:00:00",28.802625,78.753728,PM10,47,90,68
India,Uttar_Pradesh,Moradabad,"Transport Nagar, Moradabad - UPPCB","08-02-2026 09:00:00",28.802625,78.753728,NH3,5,6,5
India,Uttar_Pradesh,Prayagraj,"Motilal Nehru NIT, Prayagraj - UPPCB","08-02-2026 09:00:00",25.494,81.863,OZONE,6,43,12
India,Uttar_Pradesh,Prayagraj,"Nagar Nigam, Prayagraj - UPPCB","08-02-2026 09:00:00","25.44919916 ","81.82735986 ",OZONE,11,11,11
India,Uttar_Pradesh,Varanasi,"Ardhali Bazar, Varanasi - UPPCB","08-02-2026 09:00:00",25.3505986,82.9083074,SO2,10,11,11
India,Uttar_Pradesh,Varanasi,"Bhelupur, Varanasi - UPPCB","08-02-2026 09:00:00",25.301778,82.996789,PM2.5,32,97,57
India,Uttar_Pradesh,Varanasi,"IESD Banaras Hindu University, Varanasi - UPPCB","08-02-2026 09:00:00",25.262326,82.995408,PM2.5,1,49,18
India,Uttar_Pradesh,Vrindavan,"Omex Eternity, Vrindavan - UPPCB","08-02-2026 09:00:00",27.5714090,77.6557570,NO2,27,28,27
India,Uttar_Pradesh,Lucknow,"Kendriya Vidyalaya, Lucknow - CPCB","08-02-2026 09:00:00",26.906111,80.948222,CO,15,102,45
India,Uttar_Pradesh,Lucknow,"Kukrail Picnic Spot-1, Lucknow - UPPCB","08-02-2026 09:00:00",26.90723,80.98579,NH3,6,6,6
India,Uttar_Pradesh,Lucknow,"Kukrail Picnic Spot-1, Lucknow - UPPCB","08-02-2026 09:00:00",26.90723,80.98579,CO,9,12,11
India,Uttar_Pradesh,Lucknow,"Lalbagh, Lucknow - CPCB","08-02-2026 09:00:00",26.8458805,80.9365541,PM2.5,52,319,172
India,Uttar_Pradesh,Lucknow,"Talkatora District Industries Center, Lucknow - CPCB","08-02-2026 09:00:00",26.83399722,80.8917361,PM2.5,89,220,129
India,Uttar_Pradesh,Lucknow,"Talkatora District Industries Center, Lucknow - CPCB","08-02-2026 09:00:00",26.83399722,80.8917361,NO2,38,44,40
India,Uttar_Pradesh,Lucknow,"Talkatora District Industries Center, Lucknow - CPCB","08-02-2026 09:00:00",26.83399722,80.8917361,OZONE,9,43,14
India,Uttar_Pradesh,Meerut,"Jai Bhim Nagar, Meerut - UPPCB","08-02-2026 09:00:00",28.9535882,77.7622941,PM10,74,160,130
India,Uttar_Pradesh,Meerut,"Jai Bhim Nagar, Meerut - UPPCB","08-02-2026 09:00:00",28.9535882,77.7622941,SO2,6,12,9
India,Uttar_Pradesh,Meerut,"Pallavpuram Phase 2, Meerut - UPPCB","08-02-2026 09:00:00",29.063510,77.709723,PM2.5,75,248,132
India,Uttar_Pradesh,Meerut,"Pallavpuram Phase 2, Meerut - UPPCB","08-02-2026 09:00:00",29.063510,77.709723,PM10,86,155,119
India,Uttar_Pradesh,Meerut,"Pallavpuram Phase 2, Meerut - UPPCB","08-02-2026 09:00:00",29.063510,77.709723,NO2,12,29,18
India,Uttar_Pradesh,Jhansi,"Shivaji Nagar, Jhansi - UPPCB","08-02-2026 09:00:00",25.4547,78.6039,CO,6,70,24
India,Uttar_Pradesh,Kanpur,"FTI Kidwai Nagar, Kanpur - UPPCB","08-02-2026 09:00:00",26.428282,80.327067,OZONE,8,10,9
India,Uttar_Pradesh,Kanpur,"NSI Kalyanpur, Kanpur - UPPCB","08-02-2026 09:00:00",26.509954,80.249612,NO2,25,25,25
India,Uttar_Pradesh,Kanpur,"Nehru Nagar, Kanpur - UPPCB","08-02-2026 09:00:00",26.4703136,80.3229863,SO2,9,28,15
India,Uttar_Pradesh,Lucknow,"B R Ambedkar University, Lucknow - UPPCB","08-02-2026 09:00:00",26.766433,80.927299,OZONE,18,78,28
India,Uttar_Pradesh,Lucknow,"Gomti Nagar, Lucknow - UPPCB","08-02-2026 09:00:00",26.868120,81.005119,PM10,44,90,64
India,Uttar_Pradesh,Lucknow,"Kendriya Vidyalaya, Lucknow - CPCB","08-02-2026 09:00:00",26.906111,80.948222,PM2.5,57,136,88
India,Uttar_Pradesh,Moradabad,"Buddhi Vihar, Moradabad - UPPCB","08-02-2026 09:00:00",28.83526,78.74460,CO,12,38,37
India,Uttarakhand,Dehradun,"Doon University, Dehradun - UKPCB","08-02-2026 09:00:00",30.269444,78.044167,PM10,56,130,83
India,Uttarakhand,Dehradun,"Doon University, Dehradun - UKPCB","08-02-2026 09:00:00",30.269444,78.044167,CO,4,6,6
India,Uttarakhand,Kashipur,"Govt. Girls Inter College, Kashipur - UKPCB","08-02-2026 09:00:00",29.2124114,78.9611753,PM10,NA,NA,NA
India,Uttarakhand,Kashipur,"Govt. Girls Inter College, Kashipur - UKPCB","08-02-2026 09:00:00",29.2124114,78.9611753,NO2,NA,NA,NA
India,Uttarakhand,Rishikesh,"Shivaji Nagar, Rishikesh - UKPCB","08-02-2026 09:00:00",30.075911,78.2859547,PM2.5,2,2,2
India,West_Bengal,Asansol,"Asansol Court Area, Asansol - WBPCB","08-02-2026 09:00:00",23.685297,86.945968,NO2,15,28,22
India,West_Bengal,Asansol,"Asansol Court Area, Asansol - WBPCB","08-02-2026 09:00:00",23.685297,86.945968,OZONE,16,48,20
India,West_Bengal,Asansol,"Evelyn Lodge, Asansol - WBPCB","08-02-2026 09:00:00",23.6979360,86.9443950,PM2.5,33,147,85
India,West_Bengal,Asansol,"Evelyn Lodge, Asansol - WBPCB","08-02-2026 09:00:00",23.6979360,86.9443950,PM10,72,135,103
India,West_Bengal,Asansol,"Mahabir Colliery, Asansol - WBPCB","08-02-2026 09:00:00",23.6181830,87.1057180,PM2.5,18,195,128
India,West_Bengal,Asansol,"Trivenidevi Bhalotia College, Asansol - WBPCB","08-02-2026 09:00:00",23.616515,87.119133,PM10,49,142,102
India,West_Bengal,Asansol,"Trivenidevi Bhalotia College, Asansol - WBPCB","08-02-2026 09:00:00",23.616515,87.119133,CO,41,104,87
India,West_Bengal,Barrackpore,"SVSPA Campus, Barrackpore - WBPCB","08-02-2026 09:00:00",22.7605581,88.3617589,SO2,9,16,11
India,West_Bengal,Durgapur,"Mahishkapur Road_B-Zone, Durgapur - WBPCB","08-02-2026 09:00:00",23.567923,87.306843,NH3,2,3,2
India,West_Bengal,Durgapur,"Mahishkapur Road_B-Zone, Durgapur - WBPCB","08-02-2026 09:00:00",23.567923,87.306843,CO,10,84,56
India,West_Bengal,Durgapur,"PCBL Residential Complex, Durgapur - WBPCB","08-02-2026 09:00:00",23.5087640,87.3544400,PM2.5,50,398,150
India,West_Bengal,Durgapur,"PCBL Residential Complex, Durgapur - WBPCB","08-02-2026 09:00:00",23.5087640,87.3544400,CO,28,109,84
India,West_Bengal,Durgapur,"Womens College_City Center, Durgapur - WBPCB","08-02-2026 09:00:00",23.549395,87.300496,CO,22,96,53
India,West_Bengal,Durgapur,"Womens College_City Center, Durgapur - WBPCB","08-02-2026 09:00:00",23.549395,87.300496,OZONE,2,64,4
India,West_Bengal,Haldia,"Priyambada Housing Estate, Haldia - WBPCB","08-02-2026 09:00:00",22.06047,88.109737,NH3,6,6,6
India,West_Bengal,Haldia,"Priyambada Housing Estate, Haldia - WBPCB","08-02-2026 09:00:00",22.06047,88.109737,CO,26,70,52
India,West_Bengal,Howrah,"Belur Math, Howrah - WBPCB","08-02-2026 09:00:00",22.629801,88.352017,PM10,89,276,158
India,West_Bengal,Howrah,"Botanical Garden, Howrah - WBPCB","08-02-2026 09:00:00",22.554954,88.292568,CO,12,109,90
India,West_Bengal,Howrah,"Botanical Garden, Howrah - WBPCB","08-02-2026 09:00:00",22.554954,88.292568,OZONE,5,22,6
India,West_Bengal,Howrah,"Dasnagar, Howrah - WBPCB","08-02-2026 09:00:00",22.6025571,88.3105664,PM2.5,NA,NA,NA
India,West_Bengal,Howrah,"Ghusuri, Howrah - WBPCB","08-02-2026 09:00:00",22.611968,88.347422,OZONE,11,49,14
India,West_Bengal,Howrah,"Padmapukur, Howrah - WBPCB","08-02-2026 09:00:00",22.5687319,88.2797276,CO,12,123,105
India,West_Bengal,Howrah,"Padmapukur, Howrah - WBPCB","08-02-2026 09:00:00",22.5687319,88.2797276,OZONE,9,78,13
India,West_Bengal,Kolkata,"Ballygunge, Kolkata - WBPCB","08-02-2026 09:00:00",22.5367507,88.3638022,OZONE,5,35,7
India,West_Bengal,Kolkata,"Bidhannagar, Kolkata - WBPCB","08-02-2026 09:00:00",22.58157048,88.41002457,NO2,13,22,14
India,West_Bengal,Kolkata,"Bidhannagar, Kolkata - WBPCB","08-02-2026 09:00:00",22.58157048,88.41002457,CO,24,86,62
India,West_Bengal,Kolkata,"Fort William, Kolkata - WBPCB","08-02-2026 09:00:00",22.556640,88.342674,PM2.5,68,276,124
India,West_Bengal,Kolkata,"Rabindra Bharati University, Kolkata - WBPCB","08-02-2026 09:00:00",22.627847,88.380669,NO2,48,208,113
India,West_Bengal,Kolkata,"Rabindra Bharati University, Kolkata - WBPCB","08-02-2026 09:00:00",22.627847,88.380669,NH3,12,14,13
India,West_Bengal,Kolkata,"Rabindra Bharati University, Kolkata - WBPCB","08-02-2026 09:00:00",22.627847,88.380669,OZONE,6,44,7
India,West_Bengal,Kolkata,"Rabindra Sarobar, Kolkata - WBPCB","08-02-2026 09:00:00",22.51106,88.35142,PM2.5,46,186,88
India,West_Bengal,Kolkata,"Rabindra Sarobar, Kolkata - WBPCB","08-02-2026 09:00:00",22.51106,88.35142,NH3,7,30,15
India,West_Bengal,Kolkata,"Rabindra Sarobar, Kolkata - WBPCB","08-02-2026 09:00:00",22.51106,88.35142,CO,22,111,76
India,West_Bengal,Kolkata,"Victoria, Kolkata - WBPCB","08-02-2026 09:00:00",22.5448082,88.3403691,NH3,8,9,8
India,West_Bengal,Kolkata,"Victoria, Kolkata - WBPCB","08-02-2026 09:00:00",22.5448082,88.3403691,CO,60,117,95
India,West_Bengal,Siliguri,"Ward-32 Bapupara, Siliguri - WBPCB","08-02-2026 09:00:00",26.6879226,88.4152495,PM10,121,160,140
India,West_Bengal,Siliguri,"Ward-32 Bapupara, Siliguri - WBPCB","08-02-2026 09:00:00",26.6879226,88.4152495,NH3,10,10,10
India,Assam,Guwahati,"LGBI Airport, Guwahati - PCBA","08-02-2026 09:00:00",26.10887,91.589544,SO2,5,14,12
India,Assam,Guwahati,"LGBI Airport, Guwahati - PCBA","08-02-2026 09:00:00",26.10887,91.589544,CO,1,46,32
India,Assam,Guwahati,"Pan Bazaar, Guwahati - PCBA","08-02-2026 09:00:00",26.187500,91.744194,NH3,1,1,1
India,Assam,Guwahati,"Pan Bazaar, Guwahati - PCBA","08-02-2026 09:00:00",26.187500,91.744194,CO,14,88,24
India,Assam,Guwahati,"Railway Colony, Guwahati - PCBA","08-02-2026 09:00:00",26.181742,91.78063,PM10,109,299,179
India,Assam,Nagaon,"Christianpatty, Nagaon - PCBA","08-02-2026 09:00:00",26.349082,92.68449,PM10,91,143,116
India,Assam,Nagaon,"Christianpatty, Nagaon - PCBA","08-02-2026 09:00:00",26.349082,92.68449,NO2,1,9,1
India,Assam,Nalbari,"Bata Chowk, Nalbari - PCBA","08-02-2026 09:00:00",26.446912,91.439057,SO2,2,8,7
India,Assam,Silchar,"Tarapur, Silchar - PCBA","08-02-2026 09:00:00",24.82827,92.79525,PM10,28,92,57
India,Assam,Silchar,"Tarapur, Silchar - PCBA","08-02-2026 09:00:00",24.82827,92.79525,NO2,20,28,25
India,Assam,Silchar,"Tarapur, Silchar - PCBA","08-02-2026 09:00:00",24.82827,92.79525,CO,16,38,22
India,Bihar,Gaya,"SFTI Kusdihra, Gaya - BSPCB","08-02-2026 09:00:00",24.762518,84.982348,NH3,3,5,4
India,Bihar,Gaya,"SFTI Kusdihra, Gaya - BSPCB","08-02-2026 09:00:00",24.762518,84.982348,OZONE,5,35,6
India,Bihar,Hajipur,"Industrial Area, Hajipur - BSPCB","08-02-2026 09:00:00",25.697189,85.245900,NO2,74,140,96
India,Bihar,Hajipur,"Industrial Area, Hajipur - BSPCB","08-02-2026 09:00:00",25.697189,85.245900,SO2,4,7,5
India,Bihar,Kishanganj,"SDM Office_Khagra, Kishanganj - BSPCB","08-02-2026 09:00:00",26.0881305,87.93840336,OZONE,32,34,32
India,Bihar,Manguraha,"Forest Rest House, Manguraha - BSPCB","08-02-2026 09:00:00",27.308328,84.531742,SO2,NA,NA,NA
India,Bihar,Motihari,"Gandak Colony, Motihari - BSPCB","08-02-2026 09:00:00",26.63086,84.90051,PM2.5,43,233,119
India,Assam,Sivasagar,"Girls College, Sivasagar - PCBA","08-02-2026 09:00:00",26.987634,94.636574,PM2.5,44,85,67
India,Assam,Sivasagar,"Girls College, Sivasagar - PCBA","08-02-2026 09:00:00",26.987634,94.636574,NO2,29,56,39
India,Assam,Sivasagar,"Girls College, Sivasagar - PCBA","08-02-2026 09:00:00",26.987634,94.636574,NH3,5,11,8
India,Bihar,Arrah,"New DM Office, Arrah - BSPCB","08-02-2026 09:00:00",25.5626095,84.663264,OZONE,7,8,8
India,Bihar,Aurangabad,"Gurdeo Nagar, Aurangabad - BSPCB","08-02-2026 09:00:00",24.75746,84.366208,NO2,7,8,8
India,Bihar,Bettiah,"Kamalnath Nagar, Bettiah - BSPCB","08-02-2026 09:00:00",26.80365,84.51954,NO2,7,9,8
India,Bihar,Bettiah,"Kamalnath Nagar, Bettiah - BSPCB","08-02-2026 09:00:00",26.80365,84.51954,CO,69,105,76
India,Bihar,Bettiah,"Kamalnath Nagar, Bettiah - BSPCB","08-02-2026 09:00:00",26.80365,84.51954,OZONE,15,22,22
India,Bihar,Bhagalpur,"DM Office_Kachari Chowk, Bhagalpur - BSPCB","08-02-2026 09:00:00",25.251013,86.989001,NH3,1,1,1
India,Bihar,Bhagalpur,"DM Office_Kachari Chowk, Bhagalpur - BSPCB","08-02-2026 09:00:00",25.251013,86.989001,SO2,30,74,51
India,Bihar,Bhagalpur,"DM Office_Kachari Chowk, Bhagalpur - BSPCB","08-02-2026 09:00:00",25.251013,86.989001,CO,10,26,17
India,Bihar,Chhapra,"Darshan Nagar, Chhapra - BSPCB","08-02-2026 09:00:00",25.7808257,84.7446768,PM2.5,35,287,83
India,Bihar,Chhapra,"Darshan Nagar, Chhapra - BSPCB","08-02-2026 09:00:00",25.7808257,84.7446768,SO2,24,32,29
India,Bihar,Gaya,"Collectorate, Gaya - BSPCB","08-02-2026 09:00:00",24.7955,84.9994,NO2,8,10,9
India,Bihar,Gaya,"Kareemganj, Gaya - BSPCB","08-02-2026 09:00:00",24.792403,84.992416,PM10,72,184,128
India,Bihar,Gaya,"Kareemganj, Gaya - BSPCB","08-02-2026 09:00:00",24.792403,84.992416,NO2,9,14,12
India,Andhra_Pradesh,Vijayawada,"Rajiv Gandhi Park, Vijayawada - APPCB","08-02-2026 09:00:00",16.509717,80.612222,NH3,NA,NA,NA
India,Andhra_Pradesh,Vijayawada,"Rajiv Nagar, Vijayawada - APPCB","08-02-2026 09:00:00",16.554731,80.649110,PM10,12,89,69
India,Andhra_Pradesh,Vijayawada,"Rajiv Nagar, Vijayawada - APPCB","08-02-2026 09:00:00",16.554731,80.649110,NO2,22,22,22
India,Arunachal_Pradesh,Naharlagun,"Naharlagun, Naharlagun - APSPCB","08-02-2026 09:00:00",27.103358,93.679645,NO2,7,7,7
India,Arunachal_Pradesh,Naharlagun,"Naharlagun, Naharlagun - APSPCB","08-02-2026 09:00:00",27.103358,93.679645,OZONE,6,6,6
India,Assam,Byrnihat,"Central Academy for SFS, Byrnihat - PCBA","08-02-2026 09:00:00",26.071318,91.87488,NH3,4,4,4
India,Assam,Byrnihat,"Central Academy for SFS, Byrnihat - PCBA","08-02-2026 09:00:00",26.071318,91.87488,SO2,32,32,32
India,Bihar,Motihari,"Gandak Colony, Motihari - BSPCB","08-02-2026 09:00:00",26.63086,84.90051,NO2,6,10,8
India,Bihar,Motihari,"Gandak Colony, Motihari - BSPCB","08-02-2026 09:00:00",26.63086,84.90051,CO,27,46,30
India,Bihar,Munger,"Town Hall, Munger - BSPCB","08-02-2026 09:00:00",25.376776,86.471523,NO2,4,5,5
India,Bihar,Muzaffarpur,"MIT-Daudpur Kothi, Muzaffarpur - BSPCB","08-02-2026 09:00:00",26.1403345,85.3650192,OZONE,10,54,11
India,Bihar,Muzaffarpur,"Muzaffarpur Collectorate, Muzaffarpur - BSPCB","08-02-2026 09:00:00",26.1209,85.3647,PM2.5,100,130,122
India,Bihar,Patna,"DRM Office Danapur, Patna - BSPCB","08-02-2026 09:00:00",25.586562,85.043586,CO,10,96,33
India,Andhra_Pradesh,Amaravati,"Secretariat, Amaravati - APPCB","08-02-2026 09:00:00",16.5150833,80.5181667,SO2,16,48,21
India,Andhra_Pradesh,Anantapur,"Gulzarpet, Anantapur - APPCB","08-02-2026 09:00:00",14.675886,77.593027,PM2.5,80,100,92
India,Andhra_Pradesh,Anantapur,"Gulzarpet, Anantapur - APPCB","08-02-2026 09:00:00",14.675886,77.593027,NH3,5,6,5
India,Andhra_Pradesh,Anantapur,"Gulzarpet, Anantapur - APPCB","08-02-2026 09:00:00",14.675886,77.593027,OZONE,17,17,17
India,Andhra_Pradesh,Chittoor,"Gangineni Cheruvu, Chittoor - APPCB","08-02-2026 09:00:00",13.204880,79.097889,NH3,NA,NA,NA
India,Andhra_Pradesh,Kadapa,"Yerramukkapalli, Kadapa - APPCB","08-02-2026 09:00:00",14.465052,78.824187,NO2,25,26,25
India,Bihar,Patna,"Govt. High School Shikarpur, Patna - BSPCB","08-02-2026 09:00:00",25.592539,85.227158,CO,20,84,57
India,Bihar,Patna,"Muradpur, Patna - BSPCB","08-02-2026 09:00:00",25.619651,85.147382,PM10,96,120,110
India,Bihar,Patna,"Rajbansi Nagar, Patna - BSPCB","08-02-2026 09:00:00",25.599486,85.113666,NH3,2,7,3
India,Bihar,Patna,"Samanpura, Patna - BSPCB","08-02-2026 09:00:00",25.596727,85.085624,NO2,5,43,18
India,Bihar,Purnia,"Mariam Nagar, Purnia - BSPCB","08-02-2026 09:00:00",25.366336,87.117468,OZONE,6,30,20
India,Bihar,Saharsa,"Police Line, Saharsa - BSPCB","08-02-2026 09:00:00",25.892357,86.590325,NO2,6,9,7
India,Bihar,Saharsa,"Police Line, Saharsa - BSPCB","08-02-2026 09:00:00",25.892357,86.590325,SO2,15,18,17
India,Bihar,Samastipur,"DM Office_Kasipur, Samastipur - BSPCB","08-02-2026 09:00:00",25.859655,85.77944,NH3,NA,NA,NA
India,Bihar,Sasaram,"Dada Peer, Sasaram - BSPCB","08-02-2026 09:00:00",24.952822,84.002396,NO2,2,4,2
India,Bihar,Siwan,"Chitragupta Nagar, Siwan - BSPCB","08-02-2026 09:00:00",26.2271665,84.3570427,NH3,1,1,1
India,Andhra_Pradesh,Rajamahendravaram,"Anand Kala Kshetram, Rajamahendravaram - APPCB","08-02-2026 09:00:00",16.9872867,81.7363176,NH3,4,7,6
India,Andhra_Pradesh,Tirupati,"Vaikuntapuram, Tirupati - APPCB","08-02-2026 09:00:00",13.615387,79.409230,CO,NA,NA,NA
India,Andhra_Pradesh,Tirupati,"Vaikuntapuram, Tirupati - APPCB","08-02-2026 09:00:00",13.615387,79.409230,OZONE,NA,NA,NA
India,Andhra_Pradesh,Vijayawada,"Kanuru, Vijayawada - APPCB","08-02-2026 09:00:00",16.486692,80.699436,PM10,52,102,61
India,Andhra_Pradesh,Vijayawada,"Kanuru, Vijayawada - APPCB","08-02-2026 09:00:00",16.486692,80.699436,NO2,21,21,21
India,Chandigarh,Chandigarh,"Sector-25, Chandigarh - CPCC","08-02-2026 09:00:00",30.751462,76.762879,PM10,59,91,76
India,Chandigarh,Chandigarh,"Sector-25, Chandigarh - CPCC","08-02-2026 09:00:00",30.751462,76.762879,CO,14,26,18
India,Chandigarh,Chandigarh,"Sector-25, Chandigarh - CPCC","08-02-2026 09:00:00",30.751462,76.762879,OZONE,1,50,10
India,Chandigarh,Chandigarh,"Sector-53, Chandigarh - CPCC","08-02-2026 09:00:00",30.719859,76.738637,NH3,10,12,11
India,Chandigarh,Chandigarh,"Sector-53, Chandigarh - CPCC","08-02-2026 09:00:00",30.719859,76.738637,CO,44,65,52
India,Chandigarh,Chandigarh,"Sector-53, Chandigarh - CPCC","08-02-2026 09:00:00",30.719859,76.738637,OZONE,3,70,22
India,Chhattisgarh,Bhilai,"32Bungalows, Bhilai - CECB","08-02-2026 09:00:00",21.194815,81.314770,PM2.5,8,22,15
India,Chhattisgarh,Bhilai,"32Bungalows, Bhilai - CECB","08-02-2026 09:00:00",21.194815,81.314770,NO2,24,38,30
India,Chhattisgarh,Bhilai,"32Bungalows, Bhilai - CECB","08-02-2026 09:00:00",21.194815,81.314770,SO2,6,8,7
India,Chhattisgarh,Bhilai,"Civic Center, Bhilai - Bhilai Steel Plant","08-02-2026 09:00:00",21.185571,81.343175,NH3,1,19,5
India,Delhi,Delhi,"Alipur, Delhi - DPCC","08-02-2026 09:00:00",28.815329,77.153010,NO2,NA,NA,NA
India,Delhi,Delhi,"Alipur, Delhi - DPCC","08-02-2026 09:00:00",28.815329,77.153010,SO2,NA,NA,NA
India,Delhi,Delhi,"Alipur, Delhi - DPCC","08-02-2026 09:00:00",28.815329,77.153010,OZONE,3,31,17
India,Delhi,Delhi,"Anand Vihar, Delhi - DPCC","08-02-2026 09:00:00",28.647622,77.3158090,PM10,105,315,196
India,Delhi,Delhi,"Anand Vihar, Delhi - DPCC","08-02-2026 09:00:00",28.647622,77.3158090,SO2,18,46,33
India,Delhi,Delhi,"Ashok Vihar, Delhi - DPCC","08-02-2026 09:00:00",28.695381,77.181665,PM10,126,200,159
India,Delhi,Delhi,"Ashok Vihar, Delhi - DPCC","08-02-2026 09:00:00",28.695381,77.181665,SO2,22,41,31
India,Delhi,Delhi,"Aya Nagar, Delhi - IMD","08-02-2026 09:00:00",28.4706914,77.1099364,NO2,13,63,30
India,Delhi,Delhi,"Bawana, Delhi - DPCC","08-02-2026 09:00:00",28.776200,77.051074,PM10,107,199,139
India,Chhattisgarh,Chhal,"Nawapara SECL Colony, Chhal - CECB","08-02-2026 09:00:00",22.118125,83.140608,OZONE,NA,NA,NA
India,Chhattisgarh,Korba,"Rampur, Korba - CECB","08-02-2026 09:00:00",22.368195,82.746431,PM10,NA,NA,NA
India,Chhattisgarh,Korba,"Urja Nagar, Korba - CECB","08-02-2026 09:00:00",22.348441,82.549611,NH3,1,1,1
India,Chhattisgarh,Kunjemura,"OP Jindal School, Kunjemura - CECB","08-02-2026 09:00:00",22.126650,83.483212,CO,12,47,43
India,Chhattisgarh,Milupara,"Govt. Higher Secondary School, Milupara - CECB","08-02-2026 09:00:00",22.1910172,83.5197009,PM2.5,16,60,36
India,Delhi,Delhi,"Dwarka-Sector 8, Delhi - DPCC ","08-02-2026 09:00:00",28.5710274,77.0719006,OZONE,10,13,11
India,Delhi,Delhi,"IHBAS, Dilshad Garden, Delhi - CPCB","08-02-2026 09:00:00",28.6811736,77.3025234,PM10,130,165,148
India,Delhi,Delhi,"IHBAS, Dilshad Garden, Delhi - CPCB","08-02-2026 09:00:00",28.6811736,77.3025234,NH3,5,13,10
India,Delhi,Delhi,"IIT Delhi, Delhi - IITM","08-02-2026 09:00:00",28.542460,77.191651,PM2.5,86,231,128
India,Delhi,Delhi,"IIT Delhi, Delhi - IITM","08-02-2026 09:00:00",28.542460,77.191651,PM10,109,170,139
India,Delhi,Delhi,"ITO, Delhi - CPCB","08-02-2026 09:00:00",28.628624,77.241060,NH3,1,2,1
India,Chhattisgarh,Milupara,"Govt. Higher Secondary School, Milupara - CECB","08-02-2026 09:00:00",22.1910172,83.5197009,CO,11,51,26
India,Chhattisgarh,Raipur,"AIIMS, Raipur - CECB","08-02-2026 09:00:00",21.258815,81.578979,NH3,3,4,4
India,Chhattisgarh,Raipur,"AIIMS, Raipur - CECB","08-02-2026 09:00:00",21.258815,81.578979,SO2,3,5,5
India,Chhattisgarh,Raipur,"Siltara Phase-II, Raipur - CECB","08-02-2026 09:00:00",21.371751,81.664929,PM10,31,139,95
India,Chhattisgarh,Raipur,"Siltara Phase-II, Raipur - CECB","08-02-2026 09:00:00",21.371751,81.664929,SO2,3,10,4
India,Delhi,Delhi,"Chandni Chowk, Delhi - IITM","08-02-2026 09:00:00",28.656756,77.227234,NH3,5,7,6
India,Delhi,Delhi,"DTU, Delhi - CPCB","08-02-2026 09:00:00",28.7500499,77.1112615,SO2,32,37,34
India,Delhi,Delhi,"Dwarka-Sector 8, Delhi - DPCC ","08-02-2026 09:00:00",28.5710274,77.0719006,PM10,120,190,150
India,Delhi,Delhi,"Jahangirpuri, Delhi - DPCC","08-02-2026 09:00:00",28.732820,77.170633,NO2,98,140,116
India,Delhi,Delhi,"Lodhi Road, Delhi - IMD","08-02-2026 09:00:00",28.5918245,77.2273074,PM2.5,51,186,98
India,Delhi,Delhi,"Burari Crossing, Delhi - IMD","08-02-2026 09:00:00",28.7256504,77.2011573,NO2,90,148,116
India,Delhi,Delhi,"CRRI Mathura Road, Delhi - IMD","08-02-2026 09:00:00",28.5512005,77.2735737,PM10,128,221,158
India,Delhi,Delhi,"Dwarka-Sector 8, Delhi - DPCC ","08-02-2026 09:00:00",28.5710274,77.0719006,CO,46,101,58
India,Gujarat,Mehsana,"Sadanand Nagar, Mehsana - Nexteng Enviro","08-02-2026 09:00:00",23.593150,72.372792,CO,145,156,150
India,Gujarat,Mehsana,"Sadanand Nagar, Mehsana - Nexteng Enviro","08-02-2026 09:00:00",23.593150,72.372792,OZONE,11,24,13
India,Gujarat,Surat,"Katargam, Surat - Nexteng Enviro","08-02-2026 09:00:00","21.217779 ","72.834787 ",NH3,2,4,3
India,Gujarat,Surat,"Katargam, Surat - Nexteng Enviro","08-02-2026 09:00:00","21.217779 ","72.834787 ",OZONE,6,9,8
India,Gujarat,Surat,"Science Center, Surat - SMC","08-02-2026 09:00:00",21.170046,72.795405,PM2.5,2,82,33
India,Gujarat,Surat,"Science Center, Surat - SMC","08-02-2026 09:00:00",21.170046,72.795405,SO2,21,31,25
India,Gujarat,Vadodara,"Bapunagar, Vadodara - Nexteng Enviro","08-02-2026 09:00:00",22.320153,73.216285,NH3,1,4,2
India,Gujarat,Vapi,"Phase-1 GIDC, Vapi - GPCB","08-02-2026 09:00:00",20.362421,72.918013,PM2.5,NA,NA,NA
India,Delhi,Delhi,"Vivek Vihar, Delhi - DPCC","08-02-2026 09:00:00",28.672342,77.315260,SO2,9,24,16
India,Delhi,Delhi,"Vivek Vihar, Delhi - DPCC","08-02-2026 09:00:00",28.672342,77.315260,OZONE,5,87,22
India,Delhi,Delhi,"Wazirpur, Delhi - DPCC","08-02-2026 09:00:00",28.699793,77.165453,PM10,130,262,186
India,Gujarat,Ahmedabad,"Chandkheda, Ahmedabad - IITM","08-02-2026 09:00:00",23.107969,72.574648,PM10,100,161,129
India,Gujarat,Ahmedabad,"Chandkheda, Ahmedabad - IITM","08-02-2026 09:00:00",23.107969,72.574648,NH3,5,10,7
India,Gujarat,Ahmedabad,"Chandkheda, Ahmedabad - IITM","08-02-2026 09:00:00",23.107969,72.574648,OZONE,6,56,14
India,Gujarat,Ahmedabad,"Gyaspur, Ahmedabad - IITM","08-02-2026 09:00:00",22.977134,72.553024,NH3,5,23,13
India,Gujarat,Ahmedabad,"Maninagar, Ahmedabad - GPCB","08-02-2026 09:00:00",23.002657,72.591912,SO2,24,48,39
India,Gujarat,Ahmedabad,"Raikhad, Ahmedabad - IITM","08-02-2026 09:00:00",23.020509,72.579261,OZONE,1,70,20
India,Gujarat,Ahmedabad,"Rakhial, Ahmedabad - IITM","08-02-2026 09:00:00",23.016834,72.625775,NO2,18,102,50
India,Gujarat,Ahmedabad,"Rakhial, Ahmedabad - IITM","08-02-2026 09:00:00",23.016834,72.625775,SO2,22,47,32
India,Gujarat,Ahmedabad,"SAC ISRO Bopal, Ahmedabad - IITM","08-02-2026 09:00:00",23.041137,72.456691,NH3,7,14,11
India,Gujarat,Ahmedabad,"SAC ISRO Bopal, Ahmedabad - IITM","08-02-2026 09:00:00",23.041137,72.456691,SO2,8,37,13
India,Gujarat,Ahmedabad,"SAC ISRO Satellite, Ahmedabad - IITM","08-02-2026 09:00:00",23.023389,72.515201,PM10,95,177,126
India,Gujarat,Ahmedabad,"SAC ISRO Satellite, Ahmedabad - IITM","08-02-2026 09:00:00",23.023389,72.515201,OZONE,2,52,9
India,Gujarat,Ahmedabad,"SVPI Airport Hansol, Ahmedabad - IITM","08-02-2026 09:00:00",23.076793,72.627874,PM10,117,301,166
India,Delhi,Delhi,"Shadipur, Delhi - CPCB","08-02-2026 09:00:00",28.6514781,77.1473105,PM10,107,168,132
India,Delhi,Delhi,"Shadipur, Delhi - CPCB","08-02-2026 09:00:00",28.6514781,77.1473105,NO2,52,72,61
India,Delhi,Delhi,"Shadipur, Delhi - CPCB","08-02-2026 09:00:00",28.6514781,77.1473105,NH3,11,15,13
India,Delhi,Delhi,"Sirifort, Delhi - CPCB","08-02-2026 09:00:00",28.5504249,77.2159377,PM10,127,389,179
India,Delhi,Delhi,"Sonia Vihar, Delhi - DPCC","08-02-2026 09:00:00",28.710508,77.249485,CO,68,101,77
India,Delhi,Delhi,"Sri Aurobindo Marg, Delhi - DPCC","08-02-2026 09:00:00",28.531346,77.190156,NH3,5,6,5
India,Delhi,Delhi,"Vivek Vihar, Delhi - DPCC","08-02-2026 09:00:00",28.672342,77.315260,PM2.5,95,327,226
India,Delhi,Delhi,"Vivek Vihar, Delhi - DPCC","08-02-2026 09:00:00",28.672342,77.315260,NO2,26,71,45
India,Gujarat,Vapi,"Phase-1 GIDC, Vapi - GPCB","08-02-2026 09:00:00",20.362421,72.918013,PM10,NA,NA,NA
India,Gujarat,Vapi,"Phase-1 GIDC, Vapi - GPCB","08-02-2026 09:00:00",20.362421,72.918013,SO2,NA,NA,NA
India,Gujarat,Vatva,"Phase-4 GIDC, Vatva - GPCB","08-02-2026 09:00:00",22.969611,72.643500,NH3,9,17,12
India,Haryana,Ambala,"Patti Mehar, Ambala - HSPCB","08-02-2026 09:00:00",30.379589,76.778328,OZONE,11,14,13
India,Haryana,Bahadurgarh,"Arya Nagar, Bahadurgarh - HSPCB","08-02-2026 09:00:00",28.6701,76.9254,PM2.5,54,308,187
India,Haryana,Ballabgarh,"Nathu Colony, Ballabgarh - HSPCB","08-02-2026 09:00:00",28.3419248,77.319699,PM10,NA,NA,NA
India,Delhi,Delhi,"Najafgarh, Delhi - DPCC","08-02-2026 09:00:00",28.570173,76.933762,PM2.5,85,223,140
India,Delhi,Delhi,"Nehru Nagar, Delhi - DPCC","08-02-2026 09:00:00",28.567890,77.250515,NH3,5,10,8
India,Delhi,Delhi,"North Campus, DU, Delhi - IMD","08-02-2026 09:00:00",28.6573814,77.1585447,PM10,106,183,139
India,Delhi,Delhi,"Okhla Phase-2, Delhi - DPCC","08-02-2026 09:00:00",28.530785,77.271255,PM2.5,120,319,205
India,Delhi,Delhi,"Okhla Phase-2, Delhi - DPCC","08-02-2026 09:00:00",28.530785,77.271255,NH3,15,36,19
India,Delhi,Delhi,"Okhla Phase-2, Delhi - DPCC","08-02-2026 09:00:00",28.530785,77.271255,CO,88,127,99
India,Delhi,Delhi,"Okhla Phase-2, Delhi - DPCC","08-02-2026 09:00:00",28.530785,77.271255,OZONE,7,144,27
India,Delhi,Delhi,"Mandir Marg, Delhi - DPCC","08-02-2026 09:00:00",28.636429,77.201067,PM10,117,188,143
India,Delhi,Delhi,"Mandir Marg, Delhi - DPCC","08-02-2026 09:00:00",28.636429,77.201067,CO,78,103,90
India,Delhi,Delhi,"Mundka, Delhi - DPCC","08-02-2026 09:00:00",28.684678,77.076574,PM2.5,140,345,262
India,Delhi,Delhi,"Mundka, Delhi - DPCC","08-02-2026 09:00:00",28.684678,77.076574,NO2,21,113,74
India,Delhi,Delhi,"Mundka, Delhi - DPCC","08-02-2026 09:00:00",28.684678,77.076574,NH3,10,13,11
India,Delhi,Delhi,"Mundka, Delhi - DPCC","08-02-2026 09:00:00",28.684678,77.076574,SO2,13,34,20
India,Delhi,Delhi,"NSIT Dwarka, Delhi - CPCB","08-02-2026 09:00:00",28.60909,77.0325413,PM2.5,125,314,180
India,Delhi,Delhi,"NSIT Dwarka, Delhi - CPCB","08-02-2026 09:00:00",28.60909,77.0325413,CO,36,69,44
India,Delhi,Delhi,"Patparganj, Delhi - DPCC","08-02-2026 09:00:00",28.623763,77.287209,PM10,134,229,167
India,Delhi,Delhi,"Patparganj, Delhi - DPCC","08-02-2026 09:00:00",28.623763,77.287209,SO2,11,22,18
India,Delhi,Delhi,"Patparganj, Delhi - DPCC","08-02-2026 09:00:00",28.623763,77.287209,OZONE,2,146,22
India,Delhi,Delhi,"Pusa, Delhi - DPCC","08-02-2026 09:00:00",28.639652,77.146275,OZONE,2,94,20
India,Delhi,Delhi,"R K Puram, Delhi - DPCC","08-02-2026 09:00:00",28.563262,77.186937,OZONE,12,125,22
India,Delhi,Delhi,"Rohini, Delhi - DPCC","08-02-2026 09:00:00",28.732528,77.119920,NO2,19,57,37
India,Gujarat,Ankleshwar,"GIDC, Ankleshwar - GPCB","08-02-2026 09:00:00",21.613267,73.010555,CO,15,103,82
India,Gujarat,Ankleshwar,"GIDC, Ankleshwar - GPCB","08-02-2026 09:00:00",21.613267,73.010555,OZONE,5,55,11
India,Gujarat,Bhavnagar,"Vidhyanagar, Bhavnagar - Nexteng Enviro","08-02-2026 09:00:00",21.755417,72.139056,PM10,114,226,150
India,Gujarat,Bhavnagar,"Vidhyanagar, Bhavnagar - Nexteng Enviro","08-02-2026 09:00:00",21.755417,72.139056,NH3,4,12,9
India,Gujarat,Gandhinagar,"GIFT City, Gandhinagar - IITM","08-02-2026 09:00:00",23.163798,72.677768,NH3,5,10,7
India,Haryana,Sirsa,"F-Block, Sirsa - HSPCB","08-02-2026 09:00:00",29.536400,75.015800,CO,NA,NA,NA
India,Haryana,"Yamuna Nagar","Gobind Pura, Yamuna Nagar - HSPCB","08-02-2026 09:00:00",30.1480566,77.2893471,PM10,20,167,112
India,Haryana,"Yamuna Nagar","Gobind Pura, Yamuna Nagar - HSPCB","08-02-2026 09:00:00",30.1480566,77.2893471,NO2,36,39,37
India,Haryana,"Yamuna Nagar","Gobind Pura, Yamuna Nagar - HSPCB","08-02-2026 09:00:00",30.1480566,77.2893471,OZONE,8,33,14
India,"Himachal Pradesh",Baddi,"HIMUDA Complex Phase-1, Baddi - HPPCB","08-02-2026 09:00:00",30.943887,76.801991,PM2.5,62,332,127
India,"Himachal Pradesh",Baddi,"HIMUDA Complex Phase-1, Baddi - HPPCB","08-02-2026 09:00:00",30.943887,76.801991,PM10,87,332,139
India,"Himachal Pradesh",Baddi,"HIMUDA Complex Phase-1, Baddi - HPPCB","08-02-2026 09:00:00",30.943887,76.801991,NO2,8,58,29
India,Jammu_and_Kashmir,Pampore,"Khrew, Pampore - JKPCC","08-02-2026 09:00:00",34.031606,75.009712,SO2,1,2,2
India,Jammu_and_Kashmir,Srinagar,"Khunmoh, Srinagar - JKPCC","08-02-2026 09:00:00",34.06313,74.96017,SO2,2,4,3
India,Jharkhand,Dhanbad,"Sardar Patel Nagar, Dhanbad - JSPCB","08-02-2026 09:00:00",23.80569,86.44268,NO2,50,52,50
India,Jharkhand,Dhanbad,"Sardar Patel Nagar, Dhanbad - JSPCB","08-02-2026 09:00:00",23.80569,86.44268,OZONE,1,22,1
India,Haryana,Kaithal,"Rishi Nagar, Kaithal - HSPCB","08-02-2026 09:00:00",29.8006,76.4155,NH3,5,6,6
India,Haryana,Karnal,"Sector-12, Karnal - HSPCB","08-02-2026 09:00:00",29.695300,77.002700,NO2,6,7,6
India,Haryana,Karnal,"Sector-12, Karnal - HSPCB","08-02-2026 09:00:00",29.695300,77.002700,OZONE,31,31,31
India,Haryana,Kurukshetra,"Sector-7, Kurukshetra - HSPCB","08-02-2026 09:00:00",29.966942,76.875879,PM10,106,154,128
India,Haryana,Mandikhera,"General Hospital, Mandikhera(Nuh) - HSPCB","08-02-2026 09:00:00",27.9002,76.9938,PM2.5,51,149,75
India,Haryana,Mandikhera,"General Hospital, Mandikhera(Nuh) - HSPCB","08-02-2026 09:00:00",27.9002,76.9938,NH3,12,14,13
India,Haryana,Mandikhera,"General Hospital, Mandikhera(Nuh) - HSPCB","08-02-2026 09:00:00",27.9002,76.9938,CO,56,98,76
India,Haryana,Mandikhera,"General Hospital, Mandikhera(Nuh) - HSPCB","08-02-2026 09:00:00",27.9002,76.9938,OZONE,22,33,27
India,Haryana,Manesar,"Sector-2 IMT, Manesar - HSPCB","08-02-2026 09:00:00",28.360699,76.936090,PM2.5,74,201,133
India,Haryana,Manesar,"Sector-2 IMT, Manesar - HSPCB","08-02-2026 09:00:00",28.360699,76.936090,NH3,13,15,14
India,Haryana,Manesar,"Sector-2 IMT, Manesar - HSPCB","08-02-2026 09:00:00",28.360699,76.936090,OZONE,3,17,5
India,Haryana,Narnaul,"Shastri Nagar, Narnaul - HSPCB","08-02-2026 09:00:00",28.060249,76.113115,PM2.5,40,233,137
India,Haryana,Narnaul,"Shastri Nagar, Narnaul - HSPCB","08-02-2026 09:00:00",28.060249,76.113115,SO2,4,5,4
India,Haryana,Narnaul,"Shastri Nagar, Narnaul - HSPCB","08-02-2026 09:00:00",28.060249,76.113115,CO,31,62,48
India,Haryana,Panchgaon,"Amity University, Panchgaon - IITM","08-02-2026 09:00:00",28.3153,76.9143,PM10,NA,NA,NA
India,Haryana,Panchkula,"Sector-6, Panchkula - HSPCB ","08-02-2026 09:00:00",30.7057778,76.8531805555555,PM2.5,26,74,49
India,Haryana,Panchkula,"Sector-6, Panchkula - HSPCB ","08-02-2026 09:00:00",30.7057778,76.8531805555555,NO2,24,27,25
India,Haryana,Panchkula,"Sector-6, Panchkula - HSPCB ","08-02-2026 09:00:00",30.7057778,76.8531805555555,SO2,14,16,15
India,Haryana,Panipat,"Sector-18, Panipat - HSPCB","08-02-2026 09:00:00",29.432304,76.972765,PM2.5,32,65,47
India,Haryana,Panipat,"Sector-18, Panipat - HSPCB","08-02-2026 09:00:00",29.432304,76.972765,PM10,64,110,84
India,Haryana,Bhiwani,"H.B. Colony, Bhiwani - HSPCB","08-02-2026 09:00:00",28.806223,76.141105,CO,4,126,5
India,Haryana,Bhiwani,"H.B. Colony, Bhiwani - HSPCB","08-02-2026 09:00:00",28.806223,76.141105,OZONE,9,26,13
India,Haryana,"Charkhi Dadri","Mini Secretariat, Charkhi Dadri - HSPCB","08-02-2026 09:00:00",28.593883,76.270653,PM2.5,136,329,265
India,Haryana,Dharuhera,"Municipal Corporation Office, Dharuhera -  HSPCB","08-02-2026 09:00:00",28.206800,76.799700,PM2.5,71,305,187
India,Haryana,Dharuhera,"Municipal Corporation Office, Dharuhera -  HSPCB","08-02-2026 09:00:00",28.206800,76.799700,PM10,75,182,133
India,Haryana,Dharuhera,"Municipal Corporation Office, Dharuhera -  HSPCB","08-02-2026 09:00:00",28.206800,76.799700,OZONE,4,33,5
India,Haryana,Faridabad,"New Industrial Town, Faridabad - HSPCB","08-02-2026 09:00:00",28.39072,77.30059,CO,10,12,11
India,Karnataka,Bagalkot,"Vidayagiri, Bagalkot - KSPCB","08-02-2026 09:00:00",16.172806,75.659694,PM10,45,46,46
India,Karnataka,Bagalkot,"Vidayagiri, Bagalkot - KSPCB","08-02-2026 09:00:00",16.172806,75.659694,NO2,11,12,12
India,Karnataka,Bagalkot,"Vidayagiri, Bagalkot - KSPCB","08-02-2026 09:00:00",16.172806,75.659694,SO2,7,7,7
India,Karnataka,Bengaluru,"BTM Layout, Bengaluru - CPCB","08-02-2026 09:00:00",12.9135218,77.5950804,CO,46,56,49
India,Karnataka,Bengaluru,"BWSSB Kadabesanahalli, Bengaluru - CPCB","08-02-2026 09:00:00",12.9352049,77.6814488,NH3,NA,NA,NA
India,Karnataka,Bengaluru,"Hebbal, Bengaluru - KSPCB","08-02-2026 09:00:00",13.029152,77.585901,PM2.5,58,212,111
India,Haryana,Faridabad,"Sector 30, Faridabad - HSPCB","08-02-2026 09:00:00",28.4417,77.3217,OZONE,17,19,18
India,Haryana,Gurugram,"Sector-51, Gurugram - HSPCB","08-02-2026 09:00:00",28.4227,77.0667,PM2.5,169,310,258
India,Haryana,Gurugram,"Sector-51, Gurugram - HSPCB","08-02-2026 09:00:00",28.4227,77.0667,OZONE,3,16,4
India,Karnataka,Bengaluru,"Hombegowda Nagar, Bengaluru - KSPCB","08-02-2026 09:00:00",12.938539,77.590100,NO2,21,86,39
India,Karnataka,Bengaluru,"Jayanagar 5th Block, Bengaluru - KSPCB","08-02-2026 09:00:00",12.920984,77.584908,NH3,2,3,2
India,Karnataka,Bengaluru,"RVCE-Mailasandra, Bengaluru - KSPCB","08-02-2026 09:00:00",12.921418,77.502466,NO2,24,31,31
India,Karnataka,Bengaluru,"Sanegurava Halli, Bengaluru - KSPCB","08-02-2026 09:00:00",12.990328,77.5431385,SO2,NA,NA,NA
India,Haryana,Hisar,"Urban Estate-II, Hisar - HSPCB","08-02-2026 09:00:00",29.140560,75.744941,CO,28,46,34
India,"Madhya Pradesh",Mandideep,"Sector-D Industrial Area, Mandideep - MPPCB","08-02-2026 09:00:00",23.108440,77.511428,NH3,2,4,3
India,"Madhya Pradesh",Mandideep,"Sector-D Industrial Area, Mandideep - MPPCB","08-02-2026 09:00:00",23.108440,77.511428,CO,32,111,57
India,"Madhya Pradesh",Pithampur,"Sector-2 Industrial Area, Pithampur - MPPCB","08-02-2026 09:00:00",22.624758,75.675238,PM2.5,92,335,219
India,"Madhya Pradesh",Pithampur,"Sector-2 Industrial Area, Pithampur - MPPCB","08-02-2026 09:00:00",22.624758,75.675238,PM10,97,332,185
India,"Madhya Pradesh",Pithampur,"Sector-2 Industrial Area, Pithampur - MPPCB","08-02-2026 09:00:00",22.624758,75.675238,SO2,31,51,37
India,"Madhya Pradesh",Pithampur,"Sector-2 Industrial Area, Pithampur - MPPCB","08-02-2026 09:00:00",22.624758,75.675238,CO,8,50,21
India,"Madhya Pradesh",Ratlam,"Shasthri Nagar, Ratlam - IPCA Lab","08-02-2026 09:00:00",23.331731,75.045981,PM2.5,23,245,95
India,"Madhya Pradesh",Ratlam,"Shasthri Nagar, Ratlam - IPCA Lab","08-02-2026 09:00:00",23.331731,75.045981,PM10,60,229,119
India,"Madhya Pradesh",Sagar,"Civil Lines, Sagar - MPPCB","08-02-2026 09:00:00",23.838586,78.759431,NH3,1,3,2
India,"Madhya Pradesh",Sagar,"Civil Lines, Sagar - MPPCB","08-02-2026 09:00:00",23.838586,78.759431,CO,24,64,28
India,"Madhya Pradesh",Sagar,"Civil Lines, Sagar - MPPCB","08-02-2026 09:00:00",23.838586,78.759431,OZONE,45,125,65
India,"Madhya Pradesh",Sagar,"Deen Dayal Nagar, Sagar - MPPCB","08-02-2026 09:00:00",23.8640158,78.80289321,PM2.5,26,124,66
India,"Madhya Pradesh",Satna,"Bandhavgar Colony, Satna - Birla Cement","08-02-2026 09:00:00",24.58434363,80.8549414,PM2.5,49,51,50
India,"Madhya Pradesh",Singrauli,"Suryakiran Bhawan NCL, Singrauli - MPPCB","08-02-2026 09:00:00",24.108970,82.645580,SO2,18,60,49
India,"Madhya Pradesh",Bhopal,"T T Nagar, Bhopal - MPPCB","08-02-2026 09:00:00",23.233584,77.400574,SO2,14,39,20
India,"Madhya Pradesh",Bhopal,"T T Nagar, Bhopal - MPPCB","08-02-2026 09:00:00",23.233584,77.400574,CO,30,112,47
India,"Madhya Pradesh",Damoh,"Shrivastav Colony, Damoh - MPPCB","08-02-2026 09:00:00",23.81748678,79.446246,SO2,44,94,69
India,"Madhya Pradesh",Dewas,"Bhopal Chauraha, Dewas - MPPCB","08-02-2026 09:00:00",22.9682591,76.064118,PM10,78,192,113
India,"Madhya Pradesh",Dewas,"Bhopal Chauraha, Dewas - MPPCB","08-02-2026 09:00:00",22.9682591,76.064118,CO,15,87,23
India,"Madhya Pradesh",Dewas,"Bhopal Chauraha, Dewas - MPPCB","08-02-2026 09:00:00",22.9682591,76.064118,OZONE,12,82,18
India,"Madhya Pradesh",Gwalior,"City Center, Gwalior - MPPCB","08-02-2026 09:00:00",26.203442,78.193251,NH3,1,4,2
India,"Madhya Pradesh",Gwalior,"City Center, Gwalior - MPPCB","08-02-2026 09:00:00",26.203442,78.193251,SO2,15,20,18
India,"Madhya Pradesh",Gwalior,"Deen Dayal Nagar, Gwalior - MPPCB","08-02-2026 09:00:00",26.259242,78.216432,NH3,9,11,10
India,"Madhya Pradesh",Gwalior,"Deen Dayal Nagar, Gwalior - MPPCB","08-02-2026 09:00:00",26.259242,78.216432,CO,28,176,44
India,"Madhya Pradesh",Gwalior,"Maharaj Bada, Gwalior - MPPCB","08-02-2026 09:00:00",26.200388,78.147714,PM10,56,260,106
India,Karnataka,Bengaluru,"Shivapura_Peenya, Bengaluru - KSPCB","08-02-2026 09:00:00",13.0246342,77.5080115,NH3,2,3,3
India,Karnataka,Bengaluru,"Silk Board, Bengaluru - KSPCB","08-02-2026 09:00:00",12.917348,77.622813,PM10,99,154,117
India,Karnataka,Bengaluru,"Silk Board, Bengaluru - KSPCB","08-02-2026 09:00:00",12.917348,77.622813,NO2,44,105,63
India,Karnataka,Bengaluru,"Silk Board, Bengaluru - KSPCB","08-02-2026 09:00:00",12.917348,77.622813,SO2,7,13,9
India,Karnataka,Chamarajanagar,"Urban, Chamarajanagar - KSPCB","08-02-2026 09:00:00",11.55358,76.55521,NO2,21,35,28
India,Karnataka,Chamarajanagar,"Urban, Chamarajanagar - KSPCB","08-02-2026 09:00:00",11.55358,76.55521,SO2,NA,NA,NA
India,Karnataka,Chamarajanagar,"Urban, Chamarajanagar - KSPCB","08-02-2026 09:00:00",11.55358,76.55521,OZONE,21,49,26
India,Karnataka,Chikkaballapur,"Chikkaballapur Rural, Chikkaballapur - KSPCB","08-02-2026 09:00:00",13.428828,77.731418,PM10,NA,NA,NA
India,Karnataka,Chikkaballapur,"Chikkaballapur Rural, Chikkaballapur - KSPCB","08-02-2026 09:00:00",13.428828,77.731418,NO2,8,84,33
India,Karnataka,Chikkamagaluru,"Kalyana Nagara, Chikkamagaluru - KSPCB","08-02-2026 09:00:00",13.328028,75.797056,PM2.5,NA,NA,NA
India,Karnataka,Madikeri,"Stuart Hill, Madikeri - KSPCB","08-02-2026 09:00:00",12.415911,75.735050,OZONE,3,5,3
India,Karnataka,Mysuru,"Hebbal 1st Stage, Mysuru - KSPCB","08-02-2026 09:00:00",12.21041,76.37376,PM10,69,108,88
India,Karnataka,Mysuru,"Hebbal 1st Stage, Mysuru - KSPCB","08-02-2026 09:00:00",12.21041,76.37376,NH3,3,5,4
India,Karnataka,Mysuru,"Hebbal 1st Stage, Mysuru - KSPCB","08-02-2026 09:00:00",12.21041,76.37376,SO2,4,22,11
India,Karnataka,Mysuru,"Hebbal 1st Stage, Mysuru - KSPCB","08-02-2026 09:00:00",12.21041,76.37376,OZONE,6,101,21
India,Karnataka,Ramanagara,"Vijay Nagar, Ramanagara - KSPCB","08-02-2026 09:00:00",12.733409,77.298051,NH3,3,4,3
India,Karnataka,Ramanagara,"Vijay Nagar, Ramanagara - KSPCB","08-02-2026 09:00:00",12.733409,77.298051,OZONE,22,64,28
India,Karnataka,Shivamogga,"Vinoba Nagara, Shivamogga - KSPCB","08-02-2026 09:00:00",13.940000,75.555917,PM10,47,68,59
India,Karnataka,Shivamogga,"Vinoba Nagara, Shivamogga - KSPCB","08-02-2026 09:00:00",13.940000,75.555917,NH3,3,4,3
India,Karnataka,Tumakuru,"Thimmalapura, Tumakuru - KSPCB","08-02-2026 09:00:00",13.377516,77.099072,NH3,NA,NA,NA
India,"Madhya Pradesh",Indore,"Airport Area, Indore - IMC","08-02-2026 09:00:00",22.7289,75.8076,PM2.5,76,378,232
India,"Madhya Pradesh",Indore,"Airport Area, Indore - IMC","08-02-2026 09:00:00",22.7289,75.8076,SO2,2,8,3
India,"Madhya Pradesh",Indore,"Chhoti Gwaltoli, Indore - MPPCB","08-02-2026 09:00:00",22.4310,75.5213,PM10,76,252,157
India,"Madhya Pradesh",Indore,"Maguda Nagar, Indore - IMC","08-02-2026 09:00:00",22.7524,75.8872,OZONE,18,21,20
India,"Madhya Pradesh",Indore,"Regional Park, Indore - IMC","08-02-2026 09:00:00",22.6780,75.8559,PM2.5,49,242,116
India,"Madhya Pradesh",Indore,"Regional Park, Indore - IMC","08-02-2026 09:00:00",22.6780,75.8559,NO2,15,29,21
India,"Madhya Pradesh",Indore,"Residency Area, Indore - IMC","08-02-2026 09:00:00",22.7084,75.8815,PM2.5,41,215,115
India,"Madhya Pradesh",Indore,"Residency Area, Indore - IMC","08-02-2026 09:00:00",22.7084,75.8815,CO,26,94,88
India,"Madhya Pradesh",Jabalpur,"Govindh Bhavan Colony, Jabalpur - JMC","08-02-2026 09:00:00",23.163174,79.973061,NO2,8,14,11
India,Karnataka,Vijayapura,"Ibrahimpur, Vijayapura - KSPCB","08-02-2026 09:00:00",16.802639,75.722694,NO2,11,12,11
India,Karnataka,Vijayapura,"Ibrahimpur, Vijayapura - KSPCB","08-02-2026 09:00:00",16.802639,75.722694,CO,11,31,24
India,Karnataka,Yadgir,"Collector Office, Yadgir - KSPCB","08-02-2026 09:00:00",16.7602,77.1428,NO2,8,37,17
India,Karnataka,Yadgir,"Collector Office, Yadgir - KSPCB","08-02-2026 09:00:00",16.7602,77.1428,CO,15,29,23
India,Kerala,Kannur,"Thavakkara, Kannur - Kerala PCB","08-02-2026 09:00:00",11.875000,75.373200,NH3,2,3,2
India,Kerala,Kollam,"Polayathode, Kollam - Kerala PCB","08-02-2026 09:00:00",8.8787,76.6073,PM2.5,58,105,83
India,Kerala,Kollam,"Polayathode, Kollam - Kerala PCB","08-02-2026 09:00:00",8.8787,76.6073,PM10,58,84,72
India,Kerala,Kollam,"Polayathode, Kollam - Kerala PCB","08-02-2026 09:00:00",8.8787,76.6073,NH3,1,1,1
India,Kerala,Kollam,"Polayathode, Kollam - Kerala PCB","08-02-2026 09:00:00",8.8787,76.6073,SO2,2,3,2
India,Kerala,Kollam,"Polayathode, Kollam - Kerala PCB","08-02-2026 09:00:00",8.8787,76.6073,CO,14,18,16
India,Kerala,Thiruvananthapuram,"Kariavattom, Thiruvananthapuram - Kerala PCB","08-02-2026 09:00:00",8.563700,76.886500,PM2.5,14,286,124
India,Kerala,Thiruvananthapuram,"Kariavattom, Thiruvananthapuram - Kerala PCB","08-02-2026 09:00:00",8.563700,76.886500,PM10,20,119,74
India,Kerala,Thiruvananthapuram,"Kariavattom, Thiruvananthapuram - Kerala PCB","08-02-2026 09:00:00",8.563700,76.886500,SO2,1,61,12
India,Kerala,Thiruvananthapuram,"Plammoodu, Thiruvananthapuram - Kerala PCB","08-02-2026 09:00:00",8.5149093,76.9435879,PM2.5,30,55,40
India,Kerala,Thiruvananthapuram,"Plammoodu, Thiruvananthapuram - Kerala PCB","08-02-2026 09:00:00",8.5149093,76.9435879,PM10,46,82,61
India,Kerala,Thiruvananthapuram,"Plammoodu, Thiruvananthapuram - Kerala PCB","08-02-2026 09:00:00",8.5149093,76.9435879,CO,10,19,16
India,"Madhya Pradesh",Bhopal,"Idgah Hills, Bhopal - MPPCB","08-02-2026 09:00:00",23.264759,77.381568,NH3,4,6,5
India,"Madhya Pradesh",Bhopal,"Paryavaran Parisar, Bhopal - MPPCB","08-02-2026 09:00:00",23.210494,77.425409,PM10,70,260,140
India,"Madhya Pradesh",Bhopal,"Paryavaran Parisar, Bhopal - MPPCB","08-02-2026 09:00:00",23.210494,77.425409,NH3,17,32,22
India,"Madhya Pradesh",Jabalpur,"Gupteshwar, Jabalpur - JMC","08-02-2026 09:00:00",23.142888,79.916147,PM2.5,33,126,66
India,"Madhya Pradesh",Jabalpur,"Gupteshwar, Jabalpur - JMC","08-02-2026 09:00:00",23.142888,79.916147,CO,31,118,45
India,"Madhya Pradesh",Jabalpur,"Marhatal, Jabalpur - MPPCB","08-02-2026 09:00:00",23.168606,79.932247,SO2,11,23,18
India,"Madhya Pradesh",Jabalpur,"Suhagi, Jabalpur - JMC","08-02-2026 09:00:00",23.218135,79.957770,SO2,NA,NA,NA
India,"Madhya Pradesh",Katni,"Gole Bazar, Katni - MPPCB","08-02-2026 09:00:00",23.50016,80.23284,PM10,29,205,108
India,"Madhya Pradesh",Katni,"Gole Bazar, Katni - MPPCB","08-02-2026 09:00:00",23.50016,80.23284,NO2,25,67,47
India,"Madhya Pradesh",Mandideep,"Sector-D Industrial Area, Mandideep - MPPCB","08-02-2026 09:00:00",23.108440,77.511428,PM2.5,58,384,259
India,"Madhya Pradesh",Mandideep,"Sector-D Industrial Area, Mandideep - MPPCB","08-02-2026 09:00:00",23.108440,77.511428,PM10,61,346,159
India,Karnataka,Chikkamagaluru,"Kalyana Nagara, Chikkamagaluru - KSPCB","08-02-2026 09:00:00",13.328028,75.797056,CO,11,11,11
India,Karnataka,Hubballi,"Lingaraj Nagar, Hubballi - KSPCB","08-02-2026 09:00:00",15.3714823,75.1160168,PM10,56,61,57
India,Karnataka,Kalaburagi,"Mahatma Basaveswar Colony, Kalaburgi - KSPCB","08-02-2026 09:00:00",17.336318,76.847397,NO2,13,17,14
India,Karnataka,Kalaburagi,"Mahatma Basaveswar Colony, Kalaburgi - KSPCB","08-02-2026 09:00:00",17.336318,76.847397,NH3,3,3,3
India,Maharashtra,Mumbai,"Deonar, Mumbai - IITM","08-02-2026 09:00:00",19.04946,72.9230,SO2,8,19,11
India,Maharashtra,Mumbai,"Deonar, Mumbai - IITM","08-02-2026 09:00:00",19.04946,72.9230,OZONE,2,90,3
India,Maharashtra,Mumbai,"Ghatkopar, Mumbai - BMC","08-02-2026 09:00:00",19.083694,72.920967,PM10,114,147,129
India,Maharashtra,Mumbai,"Ghatkopar, Mumbai - BMC","08-02-2026 09:00:00",19.083694,72.920967,SO2,1,3,1
India,Maharashtra,Mumbai,"Kandivali East, Mumbai - MPCB","08-02-2026 09:00:00",19.205800,72.868200,NO2,30,30,30
India,Maharashtra,Mumbai,"Kandivali West, Mumbai - BMC","08-02-2026 09:00:00",19.215859,72.831718,PM2.5,77,143,107
India,Maharashtra,Mumbai,"Kandivali West, Mumbai - BMC","08-02-2026 09:00:00",19.215859,72.831718,NO2,10,68,32
India,Maharashtra,Mumbai,"Kandivali West, Mumbai - BMC","08-02-2026 09:00:00",19.215859,72.831718,NH3,NA,NA,NA
India,Maharashtra,Mumbai,"Kherwadi_Bandra East, Mumbai - MPCB","08-02-2026 09:00:00",19.0632143,72.8456324,PM10,76,483,164
India,Maharashtra,Mumbai,"Kherwadi_Bandra East, Mumbai - MPCB","08-02-2026 09:00:00",19.0632143,72.8456324,NH3,13,35,22
India,Maharashtra,Mumbai,"Kherwadi_Bandra East, Mumbai - MPCB","08-02-2026 09:00:00",19.0632143,72.8456324,SO2,4,6,5
India,Maharashtra,Mumbai,"Khindipada-Bhandup West, Mumbai - IITM","08-02-2026 09:00:00",19.1653323,72.922099,PM10,74,166,112
India,Maharashtra,Mumbai,"Khindipada-Bhandup West, Mumbai - IITM","08-02-2026 09:00:00",19.1653323,72.922099,NH3,5,6,6
India,Maharashtra,Jalna,"Old MIDC, Jalna - MPCB","08-02-2026 09:00:00",19.854616,75.905894,PM2.5,68,108,80
India,Maharashtra,Kalyan,"Khadakpada, Kalyan - MPCB","08-02-2026 09:00:00",19.25292,73.142019,PM10,41,97,76
India,Maharashtra,Kalyan,"Khadakpada, Kalyan - MPCB","08-02-2026 09:00:00",19.25292,73.142019,NH3,1,1,1
India,Maharashtra,Kolhapur,"Shivaji University, Kolhapur - MPCB","08-02-2026 09:00:00",16.6870449,74.2505872,PM10,77,128,102
India,Maharashtra,Kolhapur,"Shivaji University, Kolhapur - MPCB","08-02-2026 09:00:00",16.6870449,74.2505872,NH3,3,5,4
India,Maharashtra,Kolhapur,"Shivaji University, Kolhapur - MPCB","08-02-2026 09:00:00",16.6870449,74.2505872,CO,14,50,31
India,Maharashtra,Kolhapur,"Shivaji University, Kolhapur - MPCB","08-02-2026 09:00:00",16.6870449,74.2505872,OZONE,7,83,18
India,Maharashtra,Kolhapur,"Sinchan Bhavan, Kolhapur - MPCB","08-02-2026 09:00:00",16.7143745,74.2426398,PM2.5,62,110,84
India,Maharashtra,Mahad,"Kamble Tarf Birwadi, Mahad - MPCB","08-02-2026 09:00:00",18.1023399,73.4783687,PM10,94,148,123
India,Maharashtra,Mumbai,"Borivali East, Mumbai - IITM","08-02-2026 09:00:00",19.23241,72.86895,PM10,81,147,115
India,Maharashtra,Mumbai,"Borivali East, Mumbai - IITM","08-02-2026 09:00:00",19.23241,72.86895,OZONE,21,69,52
India,Maharashtra,Mumbai,"Borivali East, Mumbai - MPCB","08-02-2026 09:00:00",19.2243333,72.8658113,NH3,1,8,4
India,Maharashtra,Mumbai,"Chakala-Andheri East, Mumbai - IITM","08-02-2026 09:00:00",19.11074,72.86084,PM2.5,41,180,144
India,Maharashtra,Mumbai,"Chakala-Andheri East, Mumbai - IITM","08-02-2026 09:00:00",19.11074,72.86084,NH3,11,57,21
India,Maharashtra,Mumbai,"Chakala-Andheri East, Mumbai - IITM","08-02-2026 09:00:00",19.11074,72.86084,OZONE,4,94,15
India,Maharashtra,Mumbai,"Chembur, Mumbai - MPCB","08-02-2026 09:00:00",19.0364585,72.8954371,OZONE,3,113,10
India,Maharashtra,Mumbai,"Chhatrapati Shivaji Intl. Airport (T2), Mumbai - MPCB","08-02-2026 09:00:00",19.10078,72.87462,OZONE,7,8,7
India,Maharashtra,Mahad,"Kamble Tarf Birwadi, Mahad - MPCB","08-02-2026 09:00:00",18.1023399,73.4783687,SO2,1,111,27
India,Maharashtra,Mahad,"Kamble Tarf Birwadi, Mahad - MPCB","08-02-2026 09:00:00",18.1023399,73.4783687,CO,1,55,5
India,Maharashtra,Malegaon,"Mahesh Nagar, Malegaon - MPCB","08-02-2026 09:00:00",20.555712,74.529236,NH3,NA,NA,NA
India,Maharashtra,Mira-Bhayandar,"Bhayandar West, Mira-Bhayandar - MPCB","08-02-2026 09:00:00",19.296481,72.840923,PM10,96,159,122
India,Maharashtra,Mumbai,"Bandra Kurla Complex, Mumbai - MPCB","08-02-2026 09:00:00",19.065931,72.862131,PM10,NA,NA,NA
India,Maharashtra,Mumbai,"Bandra Kurla Complex, Mumbai - MPCB","08-02-2026 09:00:00",19.065931,72.862131,NO2,NA,NA,NA
India,Maharashtra,Mumbai,"Bandra Kurla Complex, Mumbai - MPCB","08-02-2026 09:00:00",19.065931,72.862131,NH3,NA,NA,NA
India,Maharashtra,Mumbai,"Bandra Kurla Complex, Mumbai - MPCB","08-02-2026 09:00:00",19.065931,72.862131,OZONE,NA,NA,NA
India,"Madhya Pradesh",Ujjain,"Mahashweta Nagar, Ujjain - MPPCB","08-02-2026 09:00:00",23.1633321,75.800225,NH3,6,17,12
India,"Madhya Pradesh",Ujjain,"Mahashweta Nagar, Ujjain - MPPCB","08-02-2026 09:00:00",23.1633321,75.800225,OZONE,4,73,10
India,Maharashtra,Ahmednagar,"Tarakpur, Ahmednagar - MPCB","08-02-2026 09:00:00",19.10122,74.73339,PM2.5,63,146,98
India,Maharashtra,Ahmednagar,"Tarakpur, Ahmednagar - MPCB","08-02-2026 09:00:00",19.10122,74.73339,OZONE,2,131,7
India,Maharashtra,Amravati,"Shri Shivaji Science College, Amravati - MPCB","08-02-2026 09:00:00",20.939198,77.765701,CO,34,84,39
India,Maharashtra,Aurangabad,"MIDC Chilkalthana, Aurangabad - MPCB","08-02-2026 09:00:00",19.875620,75.387310,PM2.5,66,102,80
India,Maharashtra,Mumbai,"Khindipada-Bhandup West, Mumbai - IITM","08-02-2026 09:00:00",19.1653323,72.922099,CO,14,40,24
India,Maharashtra,Mumbai,"Kurla, Mumbai - MPCB","08-02-2026 09:00:00",19.0863,72.8888,PM2.5,53,136,80
India,Maharashtra,Mumbai,"Kurla, Mumbai - MPCB","08-02-2026 09:00:00",19.0863,72.8888,NO2,6,10,7
India,Maharashtra,Mumbai,"Kurla, Mumbai - MPCB","08-02-2026 09:00:00",19.0863,72.8888,SO2,36,37,37
India,Maharashtra,Mumbai,"Malad West, Mumbai - IITM","08-02-2026 09:00:00",19.19709,72.82204,OZONE,24,84,55
India,Maharashtra,Mumbai,"Mindspace-Malad West, Mumbai - MPCB","08-02-2026 09:00:00",19.1878657,72.8304069,NO2,13,111,51
India,Maharashtra,Boisar,"Khaira, Boisar - MPCB","08-02-2026 09:00:00",19.786089,72.757971,NH3,5,10,7
India,Maharashtra,Chandrapur,"Chauhan Colony, Chandrapur - MPCB","08-02-2026 09:00:00",19.962900,79.298714,SO2,37,38,38
India,Maharashtra,Dhule,"Deopur, Dhule - MPCB","08-02-2026 09:00:00",20.918946,74.776388,SO2,1,9,4
India,Maharashtra,Dhule,"Deopur, Dhule - MPCB","08-02-2026 09:00:00",20.918946,74.776388,OZONE,20,58,23
India,Maharashtra,Jalgaon,"Prabhat Colony, Jalgaon - MPCB","08-02-2026 09:00:00",21.001264,75.565602,NH3,2,3,3
India,Maharashtra,Aurangabad,"More Chowk Waluj, Aurangabad - MPCB","08-02-2026 09:00:00",19.8389439,75.244448,OZONE,26,117,35
India,Maharashtra,Aurangabad,"Rachnakar Colony, Aurangabad - MPCB","08-02-2026 09:00:00",19.863756,75.321188,NO2,14,94,44
India,Maharashtra,Belapur,"CBD Belapur, Belapur - MPCB","08-02-2026 09:00:00",19.0243902,73.0406721,CO,8,55,33
India,Maharashtra,Bhiwandi,"Gokul Nagar, Bhiwandi - MPCB","08-02-2026 09:00:00",19.309073,73.057223,PM2.5,53,206,122
India,Maharashtra,Mumbai,"Mindspace-Malad West, Mumbai - MPCB","08-02-2026 09:00:00",19.1878657,72.8304069,OZONE,8,45,9
India,Maharashtra,"Navi Mumbai","Nerul, Navi Mumbai - MPCB","08-02-2026 09:00:00",19.008751,73.016620,SO2,NA,NA,NA
India,Maharashtra,"Navi Mumbai","Sanpada, Navi Mumbai - MPCB","08-02-2026 09:00:00",19.0575752,73.0151367,NO2,14,14,14
India,Maharashtra,"Navi Mumbai","Sanpada, Navi Mumbai - MPCB","08-02-2026 09:00:00",19.0575752,73.0151367,SO2,17,49,28
India,Maharashtra,"Navi Mumbai","Sector-2E Kalamboli, Navi Mumbai - MPCB","08-02-2026 09:00:00",19.02579,73.10297,PM10,44,164,107
India,Maharashtra,"Navi Mumbai","Sector-2E Kalamboli, Navi Mumbai - MPCB","08-02-2026 09:00:00",19.02579,73.10297,NH3,5,16,10
India,Maharashtra,"Navi Mumbai","Sector-2E Kalamboli, Navi Mumbai - MPCB","08-02-2026 09:00:00",19.02579,73.10297,SO2,3,25,10
India,Maharashtra,"Navi Mumbai","Sector-2E Kalamboli, Navi Mumbai - MPCB","08-02-2026 09:00:00",19.02579,73.10297,OZONE,NA,NA,NA
India,Maharashtra,"Navi Mumbai","Tondare-Taloja, Navi Mumbai - MPCB","08-02-2026 09:00:00",19.0630,73.1209,NO2,14,73,32
India,Maharashtra,"Navi Mumbai","Tondare-Taloja, Navi Mumbai - MPCB","08-02-2026 09:00:00",19.0630,73.1209,NH3,6,11,9
India,Maharashtra,Parbhani,"Masoom Colony, Parbhani - MPCB","08-02-2026 09:00:00",19.265594,76.761463,NO2,12,17,13
India,Maharashtra,Pune,"Bhumkar Nagar, Pune - IITM","08-02-2026 09:00:00",18.605770,73.749976,OZONE,1,179,4
India,Maharashtra,Pune,"Dhankawadi, Pune - IITM","08-02-2026 09:00:00",18.459883,73.852193,NO2,21,104,63
India,Maharashtra,Pune,"Hadapsar, Pune - IITM","08-02-2026 09:00:00",18.501793,73.927532,NO2,67,115,86
India,Maharashtra,Pune,"Hadapsar, Pune - IITM","08-02-2026 09:00:00",18.501793,73.927532,OZONE,1,85,3
India,Maharashtra,Pune,"Katraj Dairy, Pune - MPCB","08-02-2026 09:00:00",18.454450,73.854155,CO,NA,NA,NA
India,Maharashtra,Pune,"Panchawati_Pashan, Pune - IITM","08-02-2026 09:00:00",18.536457,73.805454,PM2.5,67,200,125
India,Maharashtra,Pune,"Panchawati_Pashan, Pune - IITM","08-02-2026 09:00:00",18.536457,73.805454,PM10,87,132,108
India,Maharashtra,Pune,"Revenue Colony-Shivajinagar, Pune - IITM","08-02-2026 09:00:00",18.530085,73.849598,PM2.5,70,219,142
India,Maharashtra,Parbhani,"Masoom Colony, Parbhani - MPCB","08-02-2026 09:00:00",19.265594,76.761463,SO2,2,12,8
India,Maharashtra,Parbhani,"Masoom Colony, Parbhani - MPCB","08-02-2026 09:00:00",19.265594,76.761463,CO,8,14,11
India,Maharashtra,Parbhani,"Masoom Colony, Parbhani - MPCB","08-02-2026 09:00:00",19.265594,76.761463,OZONE,10,10,10
India,Maharashtra,Pimpri-Chinchwad,"Gavalinagar, Pimpri Chinchwad - MPCB","08-02-2026 09:00:00",18.63673,73.82487,CO,19,105,58
India,Maharashtra,Pimpri-Chinchwad,"Park Street Wakad, Pimpri Chinchwad - MPCB","08-02-2026 09:00:00",18.59051,73.77946,CO,30,121,82
India,Maharashtra,Pimpri-Chinchwad,"Savta Mali Nagar, Pimpri-Chinchwad - IITM","08-02-2026 09:00:00",18.614767,73.799516,OZONE,2,58,4
India,Maharashtra,Solapur,"Dnyaneshwar Nagar, Solapur - MPCB","08-02-2026 09:00:00",17.6336264,75.9132495,PM2.5,42,187,90
India,Maharashtra,Solapur,"Ratandeep Housing Society, Solapur - MPCB","08-02-2026 09:00:00",17.65439,75.90649,CO,18,81,36
India,Maharashtra,Thane,"Kasarvadavali, Thane - MPCB","08-02-2026 09:00:00",19.26777,72.97182,PM10,66,134,106
India,Maharashtra,Thane,"Kasarvadavali, Thane - MPCB","08-02-2026 09:00:00",19.26777,72.97182,NO2,28,129,72
India,Maharashtra,Thane,"Kasarvadavali, Thane - MPCB","08-02-2026 09:00:00",19.26777,72.97182,SO2,6,35,14
India,Maharashtra,Thane,"Kasarvadavali, Thane - MPCB","08-02-2026 09:00:00",19.26777,72.97182,CO,8,95,41
India,Maharashtra,Mumbai,"Vile Parle West, Mumbai - MPCB","08-02-2026 09:00:00",19.10861,72.83622,NO2,11,11,11
India,Maharashtra,Nagpur,"Mahal, Nagpur - MPCB","08-02-2026 09:00:00",21.14472,79.107595,PM10,98,178,126
India,Maharashtra,Nagpur,"Mahal, Nagpur - MPCB","08-02-2026 09:00:00",21.14472,79.107595,OZONE,7,51,13
India,Maharashtra,Nagpur,"Opp GPO Civil Lines, Nagpur - MPCB","08-02-2026 09:00:00",21.152875,79.0517531,SO2,6,128,24
India,Maharashtra,Nagpur,"Ram Nagar, Nagpur - MPCB","08-02-2026 09:00:00",21.143383,79.048912,PM2.5,72,142,99
India,Maharashtra,Mumbai,"Mulund West, Mumbai - MPCB","08-02-2026 09:00:00",19.1750,72.9419,NH3,4,5,4
India,Maharashtra,Mumbai,"Navy Nagar-Colaba, Mumbai - IITM","08-02-2026 09:00:00",18.897756,72.813320,NH3,4,10,7
India,Maharashtra,Mumbai,"Navy Nagar-Colaba, Mumbai - IITM","08-02-2026 09:00:00",18.897756,72.813320,SO2,14,69,33
India,Maharashtra,Mumbai,"Navy Nagar-Colaba, Mumbai - IITM","08-02-2026 09:00:00",18.897756,72.813320,OZONE,3,79,6
India,Maharashtra,Mumbai,"Powai, Mumbai - MPCB","08-02-2026 09:00:00",19.137500,72.915056,PM2.5,50,84,64
India,Maharashtra,Mumbai,"Powai, Mumbai - MPCB","08-02-2026 09:00:00",19.137500,72.915056,NO2,7,8,8
India,Maharashtra,Mumbai,"Sewri, Mumbai - BMC","08-02-2026 09:00:00",19.000084,72.856730,SO2,3,15,8
India,Maharashtra,Mumbai,"Shivaji Nagar, Mumbai - BMC","08-02-2026 09:00:00",19.060498,72.923356,NO2,16,16,16
India,Maharashtra,Mumbai,"Shivaji Nagar, Mumbai - BMC","08-02-2026 09:00:00",19.060498,72.923356,OZONE,5,94,9
India,Maharashtra,Mumbai,"Siddharth Nagar-Worli, Mumbai - IITM","08-02-2026 09:00:00",19.000083,72.813993,NO2,37,114,64
India,Maharashtra,Mumbai,"Sion, Mumbai - MPCB","08-02-2026 09:00:00",19.047000,72.874600,NO2,31,66,40
India,Maharashtra,Nashik,"Pandav Nagari, Nashik - MPCB","08-02-2026 09:00:00",19.9591346,73.7788008,PM10,81,132,97
India,Maharashtra,"Navi Mumbai","Kopripada-Vashi, Navi Mumbai - MPCB","08-02-2026 09:00:00",19.090337,73.014232,NO2,NA,NA,NA
India,Maharashtra,Nanded,"Sneh Nagar, Nanded - MPCB","08-02-2026 09:00:00",19.173852,77.296291,PM10,106,164,130
India,Maharashtra,Nashik,"Hirawadi, Nashik - MPCB","08-02-2026 09:00:00",20.021503,73.813844,PM10,46,160,81
India,Puducherry,Puducherry,"Jawahar Nagar, Puducherry - PPCC","08-02-2026 09:00:00",11.9309,79.8027,OZONE,17,75,24
India,Punjab,Amritsar,"Golden Temple, Amritsar - PPCB","08-02-2026 09:00:00",31.620000,74.876512,NH3,7,11,9
India,Punjab,Bathinda,"Hardev Nagar, Bathinda - PPCB","08-02-2026 09:00:00",30.233011,74.907758,PM2.5,43,176,98
India,Punjab,Bathinda,"Hardev Nagar, Bathinda - PPCB","08-02-2026 09:00:00",30.233011,74.907758,PM10,35,117,76
India,Punjab,Bathinda,"Hardev Nagar, Bathinda - PPCB","08-02-2026 09:00:00",30.233011,74.907758,SO2,3,18,11
India,Punjab,Jalandhar,"Civil Line, Jalandhar - PPCB","08-02-2026 09:00:00",31.321907,75.578914,SO2,16,18,17
India,Punjab,Khanna,"Kalal Majra, Khanna - PPCB","08-02-2026 09:00:00","30.736056 ",76.209694,PM2.5,34,263,78
India,Punjab,Khanna,"Kalal Majra, Khanna - PPCB","08-02-2026 09:00:00","30.736056 ",76.209694,SO2,11,22,15
India,Punjab,Khanna,"Kalal Majra, Khanna - PPCB","08-02-2026 09:00:00","30.736056 ",76.209694,OZONE,19,40,20
India,Punjab,Ludhiana,"Punjab Agricultural University, Ludhiana - PPCB","08-02-2026 09:00:00",30.9028,75.8086,NO2,48,56,53
India,Rajasthan,Bhiwadi,"Vasundhara Nagar_UIT, Bhiwadi - RSPCB","08-02-2026 09:00:00",28.207266,76.829265,PM10,106,283,155
India,Rajasthan,Bhiwadi,"Vasundhara Nagar_UIT, Bhiwadi - RSPCB","08-02-2026 09:00:00",28.207266,76.829265,NO2,21,99,48
India,Rajasthan,Bikaner,"MM Ground, Bikaner - RSPCB","08-02-2026 09:00:00",28.018792,73.292658,PM2.5,22,207,78
India,Rajasthan,Bikaner,"MM Ground, Bikaner - RSPCB","08-02-2026 09:00:00",28.018792,73.292658,NH3,6,14,9
India,Rajasthan,Bikaner,"MM Ground, Bikaner - RSPCB","08-02-2026 09:00:00",28.018792,73.292658,SO2,NA,NA,NA
India,Rajasthan,Bikaner,"MM Ground, Bikaner - RSPCB","08-02-2026 09:00:00",28.018792,73.292658,OZONE,45,144,69
India,Rajasthan,Bundi,"New Colony, Bundi - RSPCB","08-02-2026 09:00:00",25.435774,75.644272,NO2,15,106,42
India,Rajasthan,Chittorgarh,"Shastri Nagar, Chittorgarh - RSPCB","08-02-2026 09:00:00",24.892047,74.623527,NH3,2,27,13
India,Rajasthan,Chittorgarh,"Shastri Nagar, Chittorgarh - RSPCB","08-02-2026 09:00:00",24.892047,74.623527,SO2,1,53,12
India,Rajasthan,Churu,"Subash Chowk, Churu - RSPCB","08-02-2026 09:00:00",28.296139,74.961696,PM10,57,408,144
India,Rajasthan,Churu,"Subash Chowk, Churu - RSPCB","08-02-2026 09:00:00",28.296139,74.961696,NH3,8,13,10
India,Punjab,"Mandi Gobindgarh","RIMT University, Mandi Gobindgarh - PPCB","08-02-2026 09:00:00",30.649961,76.331442,CO,6,110,63
India,Punjab,Patiala,"Model Town, Patiala - PPCB","08-02-2026 09:00:00",30.349388,76.366642,PM2.5,NA,NA,NA
India,Punjab,Patiala,"Model Town, Patiala - PPCB","08-02-2026 09:00:00",30.349388,76.366642,NO2,NA,NA,NA
India,Punjab,Patiala,"Model Town, Patiala - PPCB","08-02-2026 09:00:00",30.349388,76.366642,OZONE,NA,NA,NA
India,Rajasthan,Ajmer,"Civil Lines,  Ajmer - RSPCB","08-02-2026 09:00:00",26.470859,74.646594,PM2.5,NA,NA,NA
India,Rajasthan,Ajmer,"Civil Lines,  Ajmer - RSPCB","08-02-2026 09:00:00",26.470859,74.646594,SO2,NA,NA,NA
India,Rajasthan,Alwar,"Moti Doongri, Alwar - RSPCB","08-02-2026 09:00:00",27.554793,76.611536,PM2.5,74,126,87
India,Rajasthan,Alwar,"Moti Doongri, Alwar - RSPCB","08-02-2026 09:00:00",27.554793,76.611536,PM10,90,158,122
India,Rajasthan,Alwar,"Moti Doongri, Alwar - RSPCB","08-02-2026 09:00:00",27.554793,76.611536,SO2,9,40,24
India,Rajasthan,Banswara,"Rati Talai, Banswara - RSPCB","08-02-2026 09:00:00",23.555190,74.440010,PM10,60,303,109
India,Odisha,Byasanagar,"Ferro Chrome Colony, Byasanagar - OSPCB","08-02-2026 09:00:00",20.94185,86.11510,CO,36,80,57
India,Odisha,Byasanagar,"Ferro Chrome Colony, Byasanagar - OSPCB","08-02-2026 09:00:00",20.94185,86.11510,OZONE,49,200,86
India,Odisha,Cuttack,"CDA Area, Cuttack - OSPCB","08-02-2026 09:00:00","20.48891     ","85.84768     ",PM10,55,140,106
India,Odisha,Cuttack,"CDA Area, Cuttack - OSPCB","08-02-2026 09:00:00","20.48891     ","85.84768     ",SO2,3,16,7
India,Odisha,Rourkela,"Fertilizer Township, Rourkela - OSPCB","08-02-2026 09:00:00",22.18972222,84.86277778,PM10,106,110,108
India,Odisha,Rourkela,"Sector-2, Rourkela - OSPCB","08-02-2026 09:00:00",22.24500000,84.88111111,PM2.5,27,78,51
India,Odisha,Tensa,"Barsua Iron Ore Mines, Tensa - OSPCB","08-02-2026 09:00:00",21.869985,85.167016,NH3,NA,NA,NA
India,Odisha,Tensa,"Barsua Iron Ore Mines, Tensa - OSPCB","08-02-2026 09:00:00",21.869985,85.167016,CO,22,46,29
India,Odisha,Baripada,"Meher Colony, Baripada - OSPCB","08-02-2026 09:00:00",21.941841,86.728318,PM10,58,123,84
India,Odisha,Baripada,"Meher Colony, Baripada - OSPCB","08-02-2026 09:00:00",21.941841,86.728318,SO2,2,32,14
India,Odisha,Bhubaneswar,"Lingraj Mandir, Bhubaneswar - OSPCB","08-02-2026 09:00:00",20.240790,85.836784,CO,71,104,94
India,Odisha,Bhubaneswar,"Patia, Bhubaneswar - OSPCB","08-02-2026 09:00:00",20.34652,85.81630,NO2,16,80,28
India,Odisha,Bhubaneswar,"Patia, Bhubaneswar - OSPCB","08-02-2026 09:00:00",20.34652,85.81630,NH3,5,9,7
India,Odisha,Bileipada,"Tata Township, Bileipada - OSPCB","08-02-2026 09:00:00",22.06156703,85.47409613,PM10,85,199,145
India,Odisha,Brajrajnagar,"GM Office, Brajrajnagar - OSPCB","08-02-2026 09:00:00",21.8004996,83.8396977,NO2,25,35,29
India,Rajasthan,Barmer,"Railway Colony, Barmer - RSPCB","08-02-2026 09:00:00",25.747299,71.393989,PM10,45,177,91
India,Rajasthan,Barmer,"Railway Colony, Barmer - RSPCB","08-02-2026 09:00:00",25.747299,71.393989,NO2,8,96,26
India,Rajasthan,Barmer,"Railway Colony, Barmer - RSPCB","08-02-2026 09:00:00",25.747299,71.393989,NH3,4,6,5
India,Rajasthan,Barmer,"Railway Colony, Barmer - RSPCB","08-02-2026 09:00:00",25.747299,71.393989,SO2,2,41,10
India,Rajasthan,Bharatpur,"Krishna Nagar, Bharatpur - RSPCB","08-02-2026 09:00:00",27.215415,77.50873,PM2.5,13,112,48
India,Rajasthan,Bhiwadi,"RIICO Ind. Area III, Bhiwadi - RSPCB","08-02-2026 09:00:00",28.194909,76.862296,PM2.5,90,296,187
India,Odisha,Angul,"Hakimapada, Angul - OSPCB","08-02-2026 09:00:00",20.832874,85.104082,PM2.5,26,314,137
India,Odisha,Angul,"Hakimapada, Angul - OSPCB","08-02-2026 09:00:00",20.832874,85.104082,NO2,24,83,57
India,Odisha,Balasore,"Kalidaspur, Balasore - OSPCB","08-02-2026 09:00:00",21.51161,86.89088,NH3,2,6,4
India,Odisha,Barbil,"Forest Office, Barbil - OSPCB","08-02-2026 09:00:00",22.1166054,85.3945546,PM2.5,12,263,73
India,Meghalaya,Shillong,"Lumpyngngad, Shillong - Meghalaya PCB","08-02-2026 09:00:00",25.5586,91.8985,PM10,4,49,17
India,Rajasthan,Banswara,"Rati Talai, Banswara - RSPCB","08-02-2026 09:00:00",23.555190,74.440010,NH3,6,11,8
India,Rajasthan,Jodhpur,"Samrat Ashok Udhyan, Jodhpur - RSPCB","08-02-2026 09:00:00",26.253384,72.976571,NO2,8,167,39
India,Rajasthan,Kota,"Dhanmandi, Kota - RSPCB","08-02-2026 09:00:00",25.164090,75.858137,OZONE,5,130,10
India,Rajasthan,Kota,"Nayapura, Kota - RSPCB","08-02-2026 09:00:00",25.196024,75.855668,PM10,76,208,137
India,Rajasthan,Kota,"Nayapura, Kota - RSPCB","08-02-2026 09:00:00",25.196024,75.855668,NO2,28,110,67
India,Rajasthan,Kota,"Nayapura, Kota - RSPCB","08-02-2026 09:00:00",25.196024,75.855668,SO2,5,76,14
India,Rajasthan,Kota,"Shrinath Puram, Kota - RSPCB","08-02-2026 09:00:00",25.14389,75.821256,PM2.5,86,305,170
India,Rajasthan,Nagaur,"Karni Colony, Nagaur - RSPCB","08-02-2026 09:00:00",27.213494,73.734444,CO,13,48,27
India,Rajasthan,Pali,"Indira Colony Vistar, Pali - RSPCB","08-02-2026 09:00:00",25.771061," 73.340227",PM2.5,26,323,154
India,Rajasthan,Pali,"Indira Colony Vistar, Pali - RSPCB","08-02-2026 09:00:00",25.771061," 73.340227",PM10,45,280,136
India,Rajasthan,Jhunjhunu,"Indra Nagar, Jhunjhunu - RSPCB","08-02-2026 09:00:00",28.108988,75.386577,NH3,4,9,7
India,Rajasthan,Jodhpur,"Collectorate, Jodhpur - RSPCB","08-02-2026 09:00:00",26.268249,73.0193853,PM2.5,24,76,46
India,Rajasthan,Jodhpur,"Collectorate, Jodhpur - RSPCB","08-02-2026 09:00:00",26.268249,73.0193853,NO2,22,49,29
India,Rajasthan,Jodhpur,"Collectorate, Jodhpur - RSPCB","08-02-2026 09:00:00",26.268249,73.0193853,CO,5,100,23
India,Rajasthan,Jodhpur,"Digari Kalan, Jodhpur - RSPCB","08-02-2026 09:00:00",26.295810,73.082283,SO2,1,12,4
India,Rajasthan,Jodhpur,"Jhalamand, Jodhpur - RSPCB","08-02-2026 09:00:00",26.215415,73.070156,SO2,2,9,4
India,Rajasthan,Jodhpur,"Mandor, Jodhpur - RSPCB","08-02-2026 09:00:00",26.358805,73.047444,PM2.5,15,170,62
India,Rajasthan,Jodhpur,"Samrat Ashok Udhyan, Jodhpur - RSPCB","08-02-2026 09:00:00",26.253384,72.976571,PM2.5,10,305,79
India,Rajasthan,Pali,"Indira Colony Vistar, Pali - RSPCB","08-02-2026 09:00:00",25.771061," 73.340227",SO2,8,13,11
India,Rajasthan,Pratapgarh,"Pragati Nagar, Pratapgarh - RSPCB","08-02-2026 09:00:00",24.041198,74.780702,PM2.5,57,143,92
India,Rajasthan,Rajsamand,"Dhoinda, Rajsamand - RSPCB","08-02-2026 09:00:00",25.036360,73.883502,CO,18,73,39
India,Rajasthan,"Sawai Madhopur","Sahu Nagar, Sawai Madhopur - RSPCB","08-02-2026 09:00:00",26.031443,76.359327,PM2.5,17,320,98
India,Rajasthan,"Sawai Madhopur","Sahu Nagar, Sawai Madhopur - RSPCB","08-02-2026 09:00:00",26.031443,76.359327,NO2,19,115,47
India,Rajasthan,Hanumangarh,"Housing Board, Hanumangarh - RSPCB","08-02-2026 09:00:00",29.610750,74.283608,PM2.5,22,306,79
India,Rajasthan,Jaipur,"Adarsh Nagar, Jaipur - RSPCB","08-02-2026 09:00:00",26.902909,75.836858,SO2,15,24,20
India,Rajasthan,Jaipur,"Adarsh Nagar, Jaipur - RSPCB","08-02-2026 09:00:00",26.902909,75.836858,CO,40,112,60
India,Rajasthan,Jaipur,"Mansarovar Sector-12, Jaipur - RSPCB","08-02-2026 09:00:00",26.843698,75.766894,NO2,14,234,96
India,Rajasthan,Jaipur,"Mansarovar Sector-12, Jaipur - RSPCB","08-02-2026 09:00:00",26.843698,75.766894,SO2,1,32,11
India,Rajasthan,Jaipur,"Mansarovar Sector-12, Jaipur - RSPCB","08-02-2026 09:00:00",26.843698,75.766894,CO,26,163,56
India,Rajasthan,Jaipur,"RIICO Sitapura, Jaipur - RSPCB","08-02-2026 09:00:00",26.786682,75.827928,PM2.5,20,449,210
India,Rajasthan,Jaipur,"RIICO Sitapura, Jaipur - RSPCB","08-02-2026 09:00:00",26.786682,75.827928,PM10,58,483,227
India,Rajasthan,Dholpur,"Raja Ganj, Dholpur - RSPCB","08-02-2026 09:00:00",26.699557,77.898881,PM2.5,20,153,60
India,Rajasthan,Dholpur,"Raja Ganj, Dholpur - RSPCB","08-02-2026 09:00:00",26.699557,77.898881,NH3,11,17,13
India,Rajasthan,Dungarpur,"Bhoiwada, Dungarpur - RSPCB","08-02-2026 09:00:00",23.837789,73.714926,PM10,78,172,120
India,Rajasthan,Jaipur,"RIICO Sitapura, Jaipur - RSPCB","08-02-2026 09:00:00",26.786682,75.827928,OZONE,5,105,11
India,Rajasthan,Jaipur,"Sector-2 Murlipura, Jaipur - RSPCB","08-02-2026 09:00:00",26.960669,75.771817,PM2.5,20,293,119
India,Rajasthan,Jaipur,"Sector-2 Murlipura, Jaipur - RSPCB","08-02-2026 09:00:00",26.960669,75.771817,OZONE,9,70,16
India,Rajasthan,Jaipur,"Shastri Nagar, Jaipur - RSPCB","08-02-2026 09:00:00",26.9502929,75.730943,SO2,8,66,36
India,Rajasthan,Jalore,"Mudtra Sili, Jalore - RSPCB","08-02-2026 09:00:00",25.344694,72.626208,SO2,2,27,5
India,Rajasthan,Sikar,"Radhakishan Pura, Sikar - RSPCB","08-02-2026 09:00:00",27.608912,75.153302,NO2,19,158,56
India,Uttar_Pradesh,Agra,"Sanjay Palace, Agra - UPPCB","08-02-2026 09:00:00",27.19865833,78.00598056,SO2,18,19,18
India,Uttar_Pradesh,Agra,"Sector-3B Avas Vikas Colony, Agra - UPPCB","08-02-2026 09:00:00",27.19412,77.96237,PM2.5,6,219,85
India,Uttar_Pradesh,Agra,"Sector-3B Avas Vikas Colony, Agra - UPPCB","08-02-2026 09:00:00",27.19412,77.96237,OZONE,NA,NA,NA
India,Uttar_Pradesh,Agra,"Shahjahan Garden, Agra - UPPCB","08-02-2026 09:00:00",27.169338,78.03582,NH3,3,3,3
India,Uttar_Pradesh,Agra,"Shahjahan Garden, Agra - UPPCB","08-02-2026 09:00:00",27.169338,78.03582,SO2,25,38,32
India,Uttar_Pradesh,Agra,"Shastripuram, Agra - UPPCB","08-02-2026 09:00:00",27.19862,77.92066,PM2.5,18,79,46
India,Uttar_Pradesh,Baghpat,"Sardar Patel Inter College, Baghpat - UPPCB","08-02-2026 09:00:00",28.964949,77.278761,PM2.5,110,314,207
India,Uttar_Pradesh,Baghpat,"Sardar Patel Inter College, Baghpat - UPPCB","08-02-2026 09:00:00",28.964949,77.278761,PM10,118,176,146
India,Uttar_Pradesh,Baghpat,"Sardar Patel Inter College, Baghpat - UPPCB","08-02-2026 09:00:00",28.964949,77.278761,NH3,2,3,2
India,Uttar_Pradesh,Baghpat,"Sardar Patel Inter College, Baghpat - UPPCB","08-02-2026 09:00:00",28.964949,77.278761,SO2,9,26,19
India,Uttar_Pradesh,Bareilly,"Civil Lines, Bareilly - UPPCB","08-02-2026 09:00:00",28.359581,79.414455,PM2.5,5,36,20
India,Rajasthan,Sikar,"Radhakishan Pura, Sikar - RSPCB","08-02-2026 09:00:00",27.608912,75.153302,CO,12,113,29
India,Rajasthan,Sirohi,"Vedhaynath Colony, Sirohi - RSPCB","08-02-2026 09:00:00",24.885261,72.857549,PM2.5,NA,NA,NA
India,Rajasthan,"Sri Ganganagar","Old City, Sri Ganganagar - RSPCB","08-02-2026 09:00:00",29.931624,73.864511,PM2.5,88,323,173
India,Rajasthan,"Sri Ganganagar","Old City, Sri Ganganagar - RSPCB","08-02-2026 09:00:00",29.931624,73.864511,SO2,1,6,3
India,Rajasthan,"Sri Ganganagar","Old City, Sri Ganganagar - RSPCB","08-02-2026 09:00:00",29.931624,73.864511,CO,16,154,73
India,Rajasthan,Tonk,"Shastri Nagar, Tonk - RSPCB","08-02-2026 09:00:00",26.159933,75.780517,NO2,16,110,42
India,Rajasthan,Tonk,"Shastri Nagar, Tonk - RSPCB","08-02-2026 09:00:00",26.159933,75.780517,OZONE,1,83,7
India,Rajasthan,Udaipur,"Ashok Nagar, Udaipur - RSPCB","08-02-2026 09:00:00",24.5886166,73.6321397,CO,5,76,17
India,Sikkim,Gangtok,"Zero Point GICI, Gangtok - SSPCB","08-02-2026 09:00:00",27.338530,88.614099,SO2,1,1,1
India,Sikkim,Gangtok,"Zero Point GICI, Gangtok - SSPCB","08-02-2026 09:00:00",27.338530,88.614099,CO,10,39,18
India,TamilNadu,Coimbatore,"PSG College of Arts and Science, Coimbatore - TNPCB","08-02-2026 09:00:00",11.0328,77.0349,NH3,1,1,1
India,TamilNadu,Coimbatore,"SIDCO Kurichi, Coimbatore - TNPCB","08-02-2026 09:00:00",10.942451,76.978996,PM2.5,26,99,53
India,TamilNadu,Coimbatore,"SIDCO Kurichi, Coimbatore - TNPCB","08-02-2026 09:00:00",10.942451,76.978996,NH3,2,2,2
India,TamilNadu,Coimbatore,"SIDCO Kurichi, Coimbatore - TNPCB","08-02-2026 09:00:00",10.942451,76.978996,OZONE,10,10,10
India,TamilNadu,Gummidipoondi,"Anthoni Pillai Nagar, Gummidipoondi - TNPCB","08-02-2026 09:00:00",13.4127,80.1081,PM10,72,127,102
India,TamilNadu,Nagapattinam,"Velippalayam, Nagapattinam - TNPCB","08-02-2026 09:00:00",10.798548,79.838212,SO2,5,11,8
India,TamilNadu,Nagapattinam,"Velippalayam, Nagapattinam - TNPCB","08-02-2026 09:00:00",10.798548,79.838212,CO,14,26,21
India,TamilNadu,Perundurai,"SIPCOT Industrial Park, Perundurai - TNPCB","08-02-2026 09:00:00",11.258242,77.552761,NO2,12,13,12
India,TamilNadu,Thanjavur,"Parisutham Nagar, Thanjavur - TNPCB","08-02-2026 09:00:00",10.7654824,79.1389968,NH3,1,1,1
India,TamilNadu,Chennai,"Arumbakkam, Chennai - TNPCB","08-02-2026 09:00:00",13.0664,"80.2112 ",NO2,9,26,15
India,TamilNadu,Chennai,"Arumbakkam, Chennai - TNPCB","08-02-2026 09:00:00",13.0664,"80.2112 ",NH3,1,2,2
India,TamilNadu,Chennai,"Kodungaiyur, Chennai - TNPCB","08-02-2026 09:00:00",13.1278,80.2642,CO,42,59,54
India,TamilNadu,Chennai,"Manali Village, Chennai - TNPCB","08-02-2026 09:00:00",13.1662,80.2584,NH3,1,2,2
India,TamilNadu,Chennai,"Manali Village, Chennai - TNPCB","08-02-2026 09:00:00",13.1662,80.2584,OZONE,14,31,28
India,TamilNadu,Chennai,"Manali, Chennai - CPCB","08-02-2026 09:00:00",13.164544,80.26285,PM2.5,NA,NA,NA
India,TamilNadu,Chennai,"Manali, Chennai - CPCB","08-02-2026 09:00:00",13.164544,80.26285,PM10,NA,NA,NA
India,TamilNadu,Chennai,"Manali, Chennai - CPCB","08-02-2026 09:00:00",13.164544,80.26285,NO2,9,12,10
India,TamilNadu,Chennai,"Royapuram, Chennai - TNPCB","08-02-2026 09:00:00",13.1036,80.2909,SO2,5,7,6
India,Telangana,Hyderabad,"Somajiguda, Hyderabad - TSPCB","08-02-2026 09:00:00",17.417094,78.457437,SO2,17,21,20
India,Telangana,Hyderabad,"Zoo Park, Hyderabad - TSPCB","08-02-2026 09:00:00",17.349694,78.451437,PM2.5,58,184,145
India,Telangana,Hyderabad,"Zoo Park, Hyderabad - TSPCB","08-02-2026 09:00:00",17.349694,78.451437,CO,2,62,7
India,Tripura,Agartala,"Bardowali, Agartala - Tripura SPCB","08-02-2026 09:00:00",23.8175497,91.2726974,NO2,13,14,13
India,Uttar_Pradesh,Agra,"Manoharpur, Agra - UPPCB","08-02-2026 09:00:00",27.23711,78.01936,NH3,3,4,4
India,Telangana,Hyderabad,"IDA Pashamylaram, Hyderabad - TSPCB","08-02-2026 09:00:00",17.5316895,78.218939,NH3,1,1,1
India,Telangana,Hyderabad,"IITH Kandi, Hyderabad - TSPCB","08-02-2026 09:00:00",17.585705,78.126199,PM2.5,33,139,78
India,Telangana,Hyderabad,"Kokapet, Hyderabad - TSPCB","08-02-2026 09:00:00",17.393559,78.339194,OZONE,17,29,18
India,Telangana,Hyderabad,"Kompally Municipal Office, Hyderabad - TSPCB","08-02-2026 09:00:00",17.544899,78.486949,NO2,13,17,13
India,Telangana,Hyderabad,"Kompally Municipal Office, Hyderabad - TSPCB","08-02-2026 09:00:00",17.544899,78.486949,NH3,3,4,4
India,Telangana,Hyderabad,"Kompally Municipal Office, Hyderabad - TSPCB","08-02-2026 09:00:00",17.544899,78.486949,SO2,4,17,13
India,Telangana,Hyderabad,"Kompally Municipal Office, Hyderabad - TSPCB","08-02-2026 09:00:00",17.544899,78.486949,OZONE,17,41,34
India,Telangana,Hyderabad,"Nacharam_TSIIC IALA, Hyderabad - TSPCB","08-02-2026 09:00:00",17.429398,78.569354,SO2,10,16,15
India,Telangana,Hyderabad,"New Malakpet, Hyderabad - TSPCB","08-02-2026 09:00:00",17.37206,78.50864,OZONE,13,32,15
India,Telangana,Hyderabad,"Ramachandrapuram, Hyderabad - TSPCB","08-02-2026 09:00:00",17.528544,78.286195,SO2,12,15,14
India,Telangana,Hyderabad,"Sanathnagar, Hyderabad - TSPCB","08-02-2026 09:00:00",17.4559458,78.4332152,SO2,1,20,13
India,Telangana,Hyderabad,"Bollaram Industrial Area, Hyderabad - TSPCB","08-02-2026 09:00:00",17.540891,78.358528,SO2,1,10,7
India,Uttar_Pradesh,Agra,"Rohta, Agra - UPPCB","08-02-2026 09:00:00",27.106972,78.000111,OZONE,13,15,15
India,Uttar_Pradesh,Moradabad,"Eco Herbal Park, Moradabad - UPPCB","08-02-2026 09:00:00",28.840739,78.697531,CO,34,64,52
India,Uttar_Pradesh,Moradabad,"Employment Office, Moradabad - UPPCB","08-02-2026 09:00:00",28.88528,78.73880,PM2.5,49,123,86
India,Uttar_Pradesh,Moradabad,"Employment Office, Moradabad - UPPCB","08-02-2026 09:00:00",28.88528,78.73880,OZONE,16,45,16
India,Uttar_Pradesh,Moradabad,"Jigar Colony, Moradabad - UPPCB","08-02-2026 09:00:00",28.856664,78.772638,PM2.5,39,88,66
India,Uttar_Pradesh,Moradabad,"Kashiram Nagar, Moradabad - UPPCB","08-02-2026 09:00:00",28.849399,78.742362,PM2.5,29,84,59
India,Uttar_Pradesh,Moradabad,"Kashiram Nagar, Moradabad - UPPCB","08-02-2026 09:00:00",28.849399,78.742362,PM10,65,107,82
India,Uttar_Pradesh,Moradabad,"Kashiram Nagar, Moradabad - UPPCB","08-02-2026 09:00:00",28.849399,78.742362,NO2,25,25,25
India,Uttar_Pradesh,Moradabad,"Transport Nagar, Moradabad - UPPCB","08-02-2026 09:00:00",28.802625,78.753728,SO2,39,56,42
India,Uttar_Pradesh,Lucknow,"Kendriya Vidyalaya, Lucknow - CPCB","08-02-2026 09:00:00",26.906111,80.948222,NO2,26,32,28
India,Uttar_Pradesh,Lucknow,"Kendriya Vidyalaya, Lucknow - CPCB","08-02-2026 09:00:00",26.906111,80.948222,SO2,1,10,7
India,Uttar_Pradesh,Lucknow,"Kukrail Picnic Spot-1, Lucknow - UPPCB","08-02-2026 09:00:00",26.90723,80.98579,PM2.5,22,44,32
India,Uttar_Pradesh,Lucknow,"Kukrail Picnic Spot-1, Lucknow - UPPCB","08-02-2026 09:00:00",26.90723,80.98579,PM10,28,50,38
India,Uttar_Pradesh,Lucknow,"Lalbagh, Lucknow - CPCB","08-02-2026 09:00:00",26.8458805,80.9365541,NO2,40,60,49
India,Uttar_Pradesh,Lucknow,"Lalbagh, Lucknow - CPCB","08-02-2026 09:00:00",26.8458805,80.9365541,SO2,2,21,9
India,Uttar_Pradesh,Lucknow,"Lalbagh, Lucknow - CPCB","08-02-2026 09:00:00",26.8458805,80.9365541,CO,32,77,59
India,Uttar_Pradesh,Meerut,"Ganga Nagar, Meerut - UPPCB","08-02-2026 09:00:00",28.999264,77.7590354,PM2.5,50,140,87
India,Uttar_Pradesh,Jhansi,"Shivaji Nagar, Jhansi - UPPCB","08-02-2026 09:00:00",25.4547,78.6039,PM2.5,19,105,44
India,Uttar_Pradesh,Jhansi,"Shivaji Nagar, Jhansi - UPPCB","08-02-2026 09:00:00",25.4547,78.6039,SO2,18,23,20
India,Uttar_Pradesh,Kanpur,"Nehru Nagar, Kanpur - UPPCB","08-02-2026 09:00:00",26.4703136,80.3229863,OZONE,6,22,7
India,Uttar_Pradesh,Khurja,"Kalindi Kunj, Khurja - UPPCB","08-02-2026 09:00:00",28.2348927,77.8683002,PM2.5,NA,NA,NA
India,Uttar_Pradesh,Khurja,"Kalindi Kunj, Khurja - UPPCB","08-02-2026 09:00:00",28.2348927,77.8683002,OZONE,4,15,15
India,Uttar_Pradesh,Lucknow,"B R Ambedkar University, Lucknow - UPPCB","08-02-2026 09:00:00",26.766433,80.927299,PM2.5,30,73,51
India,Uttar_Pradesh,Lucknow,"B R Ambedkar University, Lucknow - UPPCB","08-02-2026 09:00:00",26.766433,80.927299,PM10,37,63,51
India,Uttar_Pradesh,Gorakhpur,"Madan Mohan Malaviya University of Technology, Gorakhpur - UPPCB","08-02-2026 09:00:00",26.730136,83.433859,PM2.5,73,215,124
India,Uttar_Pradesh,Gorakhpur,"Madan Mohan Malaviya University of Technology, Gorakhpur - UPPCB","08-02-2026 09:00:00",26.730136,83.433859,NH3,1,1,1
India,Uttar_Pradesh,"Greater Noida","Knowledge Park - III, Greater Noida - UPPCB","08-02-2026 09:00:00",28.47272,77.482000,PM2.5,58,258,128
India,Uttar_Pradesh,"Greater Noida","Knowledge Park - III, Greater Noida - UPPCB","08-02-2026 09:00:00",28.47272,77.482000,NH3,8,15,12
India,Uttar_Pradesh,"Greater Noida","Knowledge Park - III, Greater Noida - UPPCB","08-02-2026 09:00:00",28.47272,77.482000,SO2,7,14,12
India,Uttar_Pradesh,Hapur,"Anand Vihar, Hapur - UPPCB","08-02-2026 09:00:00",28.725645,77.749675,SO2,21,62,42
India,Uttar_Pradesh,Ghaziabad,"Loni, Ghaziabad - UPPCB","08-02-2026 09:00:00",28.757294,77.278792,PM10,124,307,197
India,Uttar_Pradesh,Ghaziabad,"Sanjay Nagar, Ghaziabad - UPPCB","08-02-2026 09:00:00",28.685382,77.453839,PM2.5,76,305,199
India,Uttar_Pradesh,Ghaziabad,"Sanjay Nagar, Ghaziabad - UPPCB","08-02-2026 09:00:00",28.685382,77.453839,NO2,36,77,61
India,Uttar_Pradesh,Ghaziabad,"Sanjay Nagar, Ghaziabad - UPPCB","08-02-2026 09:00:00",28.685382,77.453839,SO2,15,20,17
India,Uttar_Pradesh,Ghaziabad,"Vasundhara, Ghaziabad - UPPCB","08-02-2026 09:00:00",28.6603346,77.3572563,PM10,131,257,169
India,Uttar_Pradesh,Ghaziabad,"Vasundhara, Ghaziabad - UPPCB","08-02-2026 09:00:00",28.6603346,77.3572563,CO,12,100,26
India,Uttar_Pradesh,Bareilly,"Civil Lines, Bareilly - UPPCB","08-02-2026 09:00:00",28.359581,79.414455,OZONE,13,20,16
India,Uttar_Pradesh,Bareilly,"Rajendra Nagar, Bareilly - UPPCB","08-02-2026 09:00:00",28.38910936,79.42963708,NH3,1,1,1
India,Uttar_Pradesh,Bulandshahr,"Yamunapuram, Bulandshahr - UPPCB","08-02-2026 09:00:00",28.406963,77.849831,NH3,7,12,10
India,Uttar_Pradesh,Firozabad,"Nagla Bhau, Firozabad - UPPCB","08-02-2026 09:00:00",27.168897,78.376960,PM10,22,68,49
India,Uttar_Pradesh,Moradabad,"Buddhi Vihar, Moradabad - UPPCB","08-02-2026 09:00:00",28.83526,78.74460,SO2,21,26,22
India,Uttar_Pradesh,Moradabad,"Buddhi Vihar, Moradabad - UPPCB","08-02-2026 09:00:00",28.83526,78.74460,OZONE,12,27,13
India,Uttar_Pradesh,Moradabad,"Eco Herbal Park, Moradabad - UPPCB","08-02-2026 09:00:00",28.840739,78.697531,NH3,4,7,6
India,Uttar_Pradesh,Lucknow,"B R Ambedkar University, Lucknow - UPPCB","08-02-2026 09:00:00",26.766433,80.927299,NH3,4,5,4
India,Uttar_Pradesh,Lucknow,"Gomti Nagar, Lucknow - UPPCB","08-02-2026 09:00:00",26.868120,81.005119,PM2.5,58,142,90
India,Uttar_Pradesh,Lucknow,"Gomti Nagar, Lucknow - UPPCB","08-02-2026 09:00:00",26.868120,81.005119,CO,30,36,30
India,Uttar_Pradesh,Meerut,"Ganga Nagar, Meerut - UPPCB","08-02-2026 09:00:00",28.999264,77.7590354,SO2,23,32,26
India,Uttar_Pradesh,Meerut,"Jai Bhim Nagar, Meerut - UPPCB","08-02-2026 09:00:00",28.9535882,77.7622941,PM2.5,58,225,126
India,Uttar_Pradesh,Meerut,"Jai Bhim Nagar, Meerut - UPPCB","08-02-2026 09:00:00",28.9535882,77.7622941,NO2,15,26,20
India,Uttar_Pradesh,Noida,"Sector - 62, Noida - IMD","08-02-2026 09:00:00",28.6245479,77.3577104,PM2.5,72,227,133
India,Uttar_Pradesh,Noida,"Sector-1, Noida - UPPCB","08-02-2026 09:00:00",28.5898,77.3101,PM2.5,78,311,182
India,Uttar_Pradesh,Noida,"Sector-116, Noida - UPPCB","08-02-2026 09:00:00",28.569230,77.393848,PM2.5,70,240,138
India,Uttar_Pradesh,Noida,"Sector-116, Noida - UPPCB","08-02-2026 09:00:00",28.569230,77.393848,NH3,10,17,12
India,Uttar_Pradesh,Prayagraj,"Jhunsi, Prayagraj - UPPCB","08-02-2026 09:00:00",25.425602,81.917152,PM2.5,28,86,50
India,Uttar_Pradesh,Prayagraj,"Nagar Nigam, Prayagraj - UPPCB","08-02-2026 09:00:00","25.44919916 ","81.82735986 ",PM2.5,17,65,36
India,Uttar_Pradesh,Prayagraj,"Nagar Nigam, Prayagraj - UPPCB","08-02-2026 09:00:00","25.44919916 ","81.82735986 ",PM10,32,88,50
India,Uttar_Pradesh,Prayagraj,"Nagar Nigam, Prayagraj - UPPCB","08-02-2026 09:00:00","25.44919916 ","81.82735986 ",NH3,7,14,9
India,Uttar_Pradesh,Prayagraj,"Nagar Nigam, Prayagraj - UPPCB","08-02-2026 09:00:00","25.44919916 ","81.82735986 ",SO2,6,42,21
India,Uttar_Pradesh,Varanasi,"Ardhali Bazar, Varanasi - UPPCB","08-02-2026 09:00:00",25.3505986,82.9083074,PM2.5,40,127,67
India,Uttar_Pradesh,Varanasi,"Bhelupur, Varanasi - UPPCB","08-02-2026 09:00:00",25.301778,82.996789,PM10,32,97,57
India,Uttar_Pradesh,Varanasi,"IESD Banaras Hindu University, Varanasi - UPPCB","08-02-2026 09:00:00",25.262326,82.995408,PM10,21,88,45
India,Uttar_Pradesh,Varanasi,"Maldahiya, Varanasi - UPPCB","08-02-2026 09:00:00",25.32393,82.99687,NO2,2,16,3
India,Uttar_Pradesh,Vrindavan,"Omex Eternity, Vrindavan - UPPCB","08-02-2026 09:00:00",27.5714090,77.6557570,PM10,38,148,73
India,Uttar_Pradesh,Vrindavan,"Omex Eternity, Vrindavan - UPPCB","08-02-2026 09:00:00",27.5714090,77.6557570,SO2,16,33,19
India,Uttar_Pradesh,Vrindavan,"Omex Eternity, Vrindavan - UPPCB","08-02-2026 09:00:00",27.5714090,77.6557570,CO,19,69,35
India,Uttarakhand,Dehradun,"Doon University, Dehradun - UKPCB","08-02-2026 09:00:00",30.269444,78.044167,SO2,1,3,2
India,Uttarakhand,Dehradun,"Doon University, Dehradun - UKPCB","08-02-2026 09:00:00",30.269444,78.044167,OZONE,10,84,16
India,Uttarakhand,Kashipur,"Govt. Girls Inter College, Kashipur - UKPCB","08-02-2026 09:00:00",29.2124114,78.9611753,CO,22,30,26
India,Uttarakhand,Rishikesh,"Shivaji Nagar, Rishikesh - UKPCB","08-02-2026 09:00:00",30.075911,78.2859547,NO2,22,22,22
India,West_Bengal,Asansol,"Evelyn Lodge, Asansol - WBPCB","08-02-2026 09:00:00",23.6979360,86.9443950,CO,20,89,63
India,West_Bengal,Asansol,"Evelyn Lodge, Asansol - WBPCB","08-02-2026 09:00:00",23.6979360,86.9443950,OZONE,5,57,9
India,West_Bengal,Asansol,"Mahabir Colliery, Asansol - WBPCB","08-02-2026 09:00:00",23.6181830,87.1057180,NO2,7,30,19
India,West_Bengal,Asansol,"Mahabir Colliery, Asansol - WBPCB","08-02-2026 09:00:00",23.6181830,87.1057180,NH3,1,2,1
India,West_Bengal,Asansol,"Mahabir Colliery, Asansol - WBPCB","08-02-2026 09:00:00",23.6181830,87.1057180,SO2,5,20,9
India,West_Bengal,Asansol,"Trivenidevi Bhalotia College, Asansol - WBPCB","08-02-2026 09:00:00",23.616515,87.119133,NO2,21,43,32
India,West_Bengal,Asansol,"Trivenidevi Bhalotia College, Asansol - WBPCB","08-02-2026 09:00:00",23.616515,87.119133,SO2,8,16,11
India,West_Bengal,Barrackpore,"SVSPA Campus, Barrackpore - WBPCB","08-02-2026 09:00:00",22.7605581,88.3617589,PM10,NA,NA,NA
India,West_Bengal,Durgapur,"Mahishkapur Road_B-Zone, Durgapur - WBPCB","08-02-2026 09:00:00",23.567923,87.306843,PM2.5,34,138,83
India,West_Bengal,Durgapur,"PCBL Residential Complex, Durgapur - WBPCB","08-02-2026 09:00:00",23.5087640,87.3544400,PM10,57,277,116
India,West_Bengal,Durgapur,"PCBL Residential Complex, Durgapur - WBPCB","08-02-2026 09:00:00",23.5087640,87.3544400,NH3,12,14,13
India,West_Bengal,Durgapur,"Womens College_City Center, Durgapur - WBPCB","08-02-2026 09:00:00",23.549395,87.300496,PM10,72,146,113
India,West_Bengal,Haldia,"Priyambada Housing Estate, Haldia - WBPCB","08-02-2026 09:00:00",22.06047,88.109737,SO2,12,17,14
India,West_Bengal,Howrah,"Belur Math, Howrah - WBPCB","08-02-2026 09:00:00",22.629801,88.352017,SO2,10,30,16
India,West_Bengal,Howrah,"Belur Math, Howrah - WBPCB","08-02-2026 09:00:00",22.629801,88.352017,CO,12,100,62
India,West_Bengal,Howrah,"Botanical Garden, Howrah - WBPCB","08-02-2026 09:00:00",22.554954,88.292568,PM2.5,45,315,120
India,West_Bengal,Howrah,"Dasnagar, Howrah - WBPCB","08-02-2026 09:00:00",22.6025571,88.3105664,PM10,NA,NA,NA
India,West_Bengal,Howrah,"Dasnagar, Howrah - WBPCB","08-02-2026 09:00:00",22.6025571,88.3105664,NO2,12,133,57
India,West_Bengal,Howrah,"Dasnagar, Howrah - WBPCB","08-02-2026 09:00:00",22.6025571,88.3105664,CO,12,142,59
India,West_Bengal,Howrah,"Ghusuri, Howrah - WBPCB","08-02-2026 09:00:00",22.611968,88.347422,PM2.5,88,335,207
India,West_Bengal,Kolkata,"Ballygunge, Kolkata - WBPCB","08-02-2026 09:00:00",22.5367507,88.3638022,PM10,78,200,131
India,West_Bengal,Kolkata,"Ballygunge, Kolkata - WBPCB","08-02-2026 09:00:00",22.5367507,88.3638022,NO2,12,91,51
India,West_Bengal,Kolkata,"Bidhannagar, Kolkata - WBPCB","08-02-2026 09:00:00",22.58157048,88.41002457,PM2.5,57,242,120
India,West_Bengal,Kolkata,"Fort William, Kolkata - WBPCB","08-02-2026 09:00:00",22.556640,88.342674,OZONE,2,49,3
India,West_Bengal,Kolkata,"Jadavpur, Kolkata - WBPCB","08-02-2026 09:00:00",22.49929,88.36917,PM10,89,334,167
India,West_Bengal,Kolkata,"Jadavpur, Kolkata - WBPCB","08-02-2026 09:00:00",22.49929,88.36917,NH3,5,12,8
India,West_Bengal,Kolkata,"Rabindra Bharati University, Kolkata - WBPCB","08-02-2026 09:00:00",22.627847,88.380669,SO2,6,11,9
India,West_Bengal,Kolkata,"Rabindra Sarobar, Kolkata - WBPCB","08-02-2026 09:00:00",22.51106,88.35142,OZONE,4,41,6
India,West_Bengal,Kolkata,"Victoria, Kolkata - WBPCB","08-02-2026 09:00:00",22.5448082,88.3403691,NO2,38,52,44
India,West_Bengal,Kolkata,"Victoria, Kolkata - WBPCB","08-02-2026 09:00:00",22.5448082,88.3403691,OZONE,8,64,12
India,West_Bengal,Siliguri,"Ward-32 Bapupara, Siliguri - WBPCB","08-02-2026 09:00:00",26.6879226,88.4152495,SO2,13,24,16
India,West_Bengal,Siliguri,"Ward-32 Bapupara, Siliguri - WBPCB","08-02-2026 09:00:00",26.6879226,88.4152495,CO,47,76,59
India,Bihar,Gaya,"SFTI Kusdihra, Gaya - BSPCB","08-02-2026 09:00:00",24.762518,84.982348,NO2,19,22,21
India,Bihar,Gaya,"SFTI Kusdihra, Gaya - BSPCB","08-02-2026 09:00:00",24.762518,84.982348,SO2,8,11,9
India,Bihar,Hajipur,"Industrial Area, Hajipur - BSPCB","08-02-2026 09:00:00",25.697189,85.245900,PM2.5,126,351,223
India,Bihar,Hajipur,"Industrial Area, Hajipur - BSPCB","08-02-2026 09:00:00",25.697189,85.245900,NH3,5,15,11
India,Bihar,Katihar,"Mirchaibari, Katihar - BSPCB","08-02-2026 09:00:00",25.560083,87.553265,PM10,81,150,107
India,Bihar,Katihar,"Mirchaibari, Katihar - BSPCB","08-02-2026 09:00:00",25.560083,87.553265,NH3,1,1,1
India,Bihar,Katihar,"Mirchaibari, Katihar - BSPCB","08-02-2026 09:00:00",25.560083,87.553265,CO,72,98,81
India,Bihar,Manguraha,"Forest Rest House, Manguraha - BSPCB","08-02-2026 09:00:00",27.308328,84.531742,NH3,NA,NA,NA
India,Bihar,Manguraha,"Forest Rest House, Manguraha - BSPCB","08-02-2026 09:00:00",27.308328,84.531742,CO,32,34,34
India,Bihar,Motihari,"Gandak Colony, Motihari - BSPCB","08-02-2026 09:00:00",26.63086,84.90051,PM10,48,157,108
India,Bihar,Motihari,"Gandak Colony, Motihari - BSPCB","08-02-2026 09:00:00",26.63086,84.90051,NH3,3,3,3
India,Bihar,Saharsa,"Police Line, Saharsa - BSPCB","08-02-2026 09:00:00",25.892357,86.590325,PM2.5,43,248,120
India,Bihar,Saharsa,"Police Line, Saharsa - BSPCB","08-02-2026 09:00:00",25.892357,86.590325,NH3,4,5,4
India,Bihar,Saharsa,"Police Line, Saharsa - BSPCB","08-02-2026 09:00:00",25.892357,86.590325,CO,35,42,37
India,Bihar,Samastipur,"DM Office_Kasipur, Samastipur - BSPCB","08-02-2026 09:00:00",25.859655,85.77944,NO2,NA,NA,NA
India,Bihar,Sasaram,"Dada Peer, Sasaram - BSPCB","08-02-2026 09:00:00",24.952822,84.002396,OZONE,14,23,17
India,Bihar,Siwan,"Chitragupta Nagar, Siwan - BSPCB","08-02-2026 09:00:00",26.2271665,84.3570427,NO2,2,3,2
India,Bihar,Siwan,"Chitragupta Nagar, Siwan - BSPCB","08-02-2026 09:00:00",26.2271665,84.3570427,CO,47,108,68
India,Bihar,Siwan,"Chitragupta Nagar, Siwan - BSPCB","08-02-2026 09:00:00",26.2271665,84.3570427,OZONE,14,15,14
India,Chandigarh,Chandigarh,"Sector 22, Chandigarh - CPCC","08-02-2026 09:00:00",30.735567,76.775714,PM2.5,40,217,61
India,Chandigarh,Chandigarh,"Sector 22, Chandigarh - CPCC","08-02-2026 09:00:00",30.735567,76.775714,CO,44,72,53
India,Andhra_Pradesh,Vijayawada,"Rajiv Nagar, Vijayawada - APPCB","08-02-2026 09:00:00",16.554731,80.649110,NH3,4,4,4
India,Andhra_Pradesh,Vijayawada,"Rajiv Nagar, Vijayawada - APPCB","08-02-2026 09:00:00",16.554731,80.649110,SO2,14,17,15
India,Andhra_Pradesh,Visakhapatnam,"GVM Corporation, Visakhapatnam - APPCB","08-02-2026 09:00:00",17.72,83.3,NO2,18,164,79
India,Andhra_Pradesh,Visakhapatnam,"GVM Corporation, Visakhapatnam - APPCB","08-02-2026 09:00:00",17.72,83.3,OZONE,3,94,5
India,Assam,Byrnihat,"Central Academy for SFS, Byrnihat - PCBA","08-02-2026 09:00:00",26.071318,91.87488,PM10,68,119,89
India,Assam,Guwahati,"LGBI Airport, Guwahati - PCBA","08-02-2026 09:00:00",26.10887,91.589544,PM2.5,28,149,71
India,Assam,Guwahati,"LGBI Airport, Guwahati - PCBA","08-02-2026 09:00:00",26.10887,91.589544,OZONE,9,15,14
India,Assam,Guwahati,"Pan Bazaar, Guwahati - PCBA","08-02-2026 09:00:00",26.187500,91.744194,PM2.5,1,1,1
India,Bihar,Motihari,"Gandak Colony, Motihari - BSPCB","08-02-2026 09:00:00",26.63086,84.90051,SO2,2,3,3
India,Bihar,Munger,"Town Hall, Munger - BSPCB","08-02-2026 09:00:00",25.376776,86.471523,OZONE,7,12,10
India,Bihar,Muzaffarpur,"Buddha Colony, Muzaffarpur - BSPCB","08-02-2026 09:00:00",26.11442,85.39813,NH3,8,15,11
India,Bihar,Muzaffarpur,"MIT-Daudpur Kothi, Muzaffarpur - BSPCB","08-02-2026 09:00:00",26.1403345,85.3650192,PM10,63,75,69
India,Bihar,Muzaffarpur,"MIT-Daudpur Kothi, Muzaffarpur - BSPCB","08-02-2026 09:00:00",26.1403345,85.3650192,NH3,3,6,5
India,Bihar,Muzaffarpur,"Muzaffarpur Collectorate, Muzaffarpur - BSPCB","08-02-2026 09:00:00",26.1209,85.3647,SO2,4,10,7
India,Andhra_Pradesh,Rajamahendravaram,"Anand Kala Kshetram, Rajamahendravaram - APPCB","08-02-2026 09:00:00",16.9872867,81.7363176,CO,22,64,33
India,Andhra_Pradesh,Tirupati,"Vaikuntapuram, Tirupati - APPCB","08-02-2026 09:00:00",13.615387,79.409230,PM10,NA,NA,NA
India,Andhra_Pradesh,Vijayawada,"HB Colony, Vijayawada - APPCB","08-02-2026 09:00:00",16.536107,80.594233,PM10,70,101,80
India,Andhra_Pradesh,Vijayawada,"Kanuru, Vijayawada - APPCB","08-02-2026 09:00:00",16.486692,80.699436,OZONE,24,24,24
India,Andhra_Pradesh,Vijayawada,"Rajiv Gandhi Park, Vijayawada - APPCB","08-02-2026 09:00:00",16.509717,80.612222,CO,NA,NA,NA
India,Assam,Nagaon,"Christianpatty, Nagaon - PCBA","08-02-2026 09:00:00",26.349082,92.68449,PM2.5,87,231,144
India,Assam,Nagaon,"Christianpatty, Nagaon - PCBA","08-02-2026 09:00:00",26.349082,92.68449,CO,10,26,24
India,Assam,Nalbari,"Bata Chowk, Nalbari - PCBA","08-02-2026 09:00:00",26.446912,91.439057,PM2.5,NA,NA,NA
India,Assam,Nalbari,"Bata Chowk, Nalbari - PCBA","08-02-2026 09:00:00",26.446912,91.439057,NO2,14,15,14
India,Assam,Nalbari,"Bata Chowk, Nalbari - PCBA","08-02-2026 09:00:00",26.446912,91.439057,NH3,6,6,6
India,Assam,Nalbari,"Bata Chowk, Nalbari - PCBA","08-02-2026 09:00:00",26.446912,91.439057,CO,20,22,21
India,Assam,Silchar,"Tarapur, Silchar - PCBA","08-02-2026 09:00:00",24.82827,92.79525,OZONE,2,5,2
India,Bihar,Arrah,"New DM Office, Arrah - BSPCB","08-02-2026 09:00:00",25.5626095,84.663264,CO,50,58,54
India,Bihar,Aurangabad,"Gurdeo Nagar, Aurangabad - BSPCB","08-02-2026 09:00:00",24.75746,84.366208,PM10,47,125,89
India,Bihar,Aurangabad,"Gurdeo Nagar, Aurangabad - BSPCB","08-02-2026 09:00:00",24.75746,84.366208,SO2,10,18,15
India,Bihar,Begusarai,"Lohiyanagar, Begusarai - BSPCB","08-02-2026 09:00:00",25.42742023,86.13886079,PM2.5,47,210,133
India,Bihar,Bhagalpur,"DM Office_Kachari Chowk, Bhagalpur - BSPCB","08-02-2026 09:00:00",25.251013,86.989001,PM2.5,37,67,52
India,Andhra_Pradesh,Amaravati,"Secretariat, Amaravati - APPCB","08-02-2026 09:00:00",16.5150833,80.5181667,PM10,78,295,143
India,Andhra_Pradesh,Amaravati,"Secretariat, Amaravati - APPCB","08-02-2026 09:00:00",16.5150833,80.5181667,NO2,23,107,51
India,Andhra_Pradesh,Amaravati,"Secretariat, Amaravati - APPCB","08-02-2026 09:00:00",16.5150833,80.5181667,CO,4,101,59
India,Andhra_Pradesh,Chittoor,"Gangineni Cheruvu, Chittoor - APPCB","08-02-2026 09:00:00",13.204880,79.097889,PM2.5,NA,NA,NA
India,Andhra_Pradesh,Chittoor,"Gangineni Cheruvu, Chittoor - APPCB","08-02-2026 09:00:00",13.204880,79.097889,NO2,NA,NA,NA
India,Andhra_Pradesh,Kadapa,"Yerramukkapalli, Kadapa - APPCB","08-02-2026 09:00:00",14.465052,78.824187,PM2.5,79,158,102
India,Bihar,Bhagalpur,"Mayaganj, Bhagalpur - BSPCB","08-02-2026 09:00:00",25.265194,87.012947,NH3,9,11,10
India,Bihar,Bhagalpur,"Mayaganj, Bhagalpur - BSPCB","08-02-2026 09:00:00",25.265194,87.012947,SO2,44,54,48
India,Bihar,Bhagalpur,"Mayaganj, Bhagalpur - BSPCB","08-02-2026 09:00:00",25.265194,87.012947,OZONE,16,34,18
India,Bihar,Buxar,"Charitra Van, Buxar - BSPCB","08-02-2026 09:00:00",25.567520,83.966379,CO,20,28,24
India,Bihar,Gaya,"Kareemganj, Gaya - BSPCB","08-02-2026 09:00:00",24.792403,84.992416,PM2.5,18,95,54
India,Bihar,Gaya,"Kareemganj, Gaya - BSPCB","08-02-2026 09:00:00",24.792403,84.992416,CO,2,26,2
India,Bihar,Patna,"Govt. High School Shikarpur, Patna - BSPCB","08-02-2026 09:00:00",25.592539,85.227158,SO2,2,21,6
India,Bihar,Patna,"Muradpur, Patna - BSPCB","08-02-2026 09:00:00",25.619651,85.147382,NO2,11,18,14
India,Bihar,Patna,"Muradpur, Patna - BSPCB","08-02-2026 09:00:00",25.619651,85.147382,OZONE,4,16,5
India,Bihar,Patna,"Rajbansi Nagar, Patna - BSPCB","08-02-2026 09:00:00",25.599486,85.113666,SO2,6,8,7
India,Bihar,Purnia,"Mariam Nagar, Purnia - BSPCB","08-02-2026 09:00:00",25.366336,87.117468,PM2.5,77,153,102
India,Chhattisgarh,Bilaspur,"Mangala, Bilaspur - NTPC","08-02-2026 09:00:00",22.08815,82.13737,NO2,18,87,27
India,Chhattisgarh,Chhal,"Nawapara SECL Colony, Chhal - CECB","08-02-2026 09:00:00",22.118125,83.140608,NH3,5,5,5
India,Chhattisgarh,Korba,"Rampur, Korba - CECB","08-02-2026 09:00:00",22.368195,82.746431,PM2.5,NA,NA,NA
India,Chhattisgarh,Korba,"Rampur, Korba - CECB","08-02-2026 09:00:00",22.368195,82.746431,NO2,NA,NA,NA
India,Chhattisgarh,Korba,"Rampur, Korba - CECB","08-02-2026 09:00:00",22.368195,82.746431,CO,4,17,17
India,Chhattisgarh,Korba,"Urja Nagar, Korba - CECB","08-02-2026 09:00:00",22.348441,82.549611,NO2,14,18,15
India,Chhattisgarh,Korba,"Urja Nagar, Korba - CECB","08-02-2026 09:00:00",22.348441,82.549611,SO2,3,15,10
India,Chhattisgarh,Korba,"Urja Nagar, Korba - CECB","08-02-2026 09:00:00",22.348441,82.549611,OZONE,12,26,26
India,Chhattisgarh,Kunjemura,"OP Jindal School, Kunjemura - CECB","08-02-2026 09:00:00",22.126650,83.483212,NH3,2,2,2
India,Chhattisgarh,Kunjemura,"OP Jindal School, Kunjemura - CECB","08-02-2026 09:00:00",22.126650,83.483212,SO2,1,15,5
India,Delhi,Delhi,"Chandni Chowk, Delhi - IITM","08-02-2026 09:00:00",28.656756,77.227234,PM2.5,124,337,218
India,Delhi,Delhi,"Chandni Chowk, Delhi - IITM","08-02-2026 09:00:00",28.656756,77.227234,PM10,123,269,179
India,Delhi,Delhi,"Chandni Chowk, Delhi - IITM","08-02-2026 09:00:00",28.656756,77.227234,OZONE,7,97,30
India,Delhi,Delhi,"DTU, Delhi - CPCB","08-02-2026 09:00:00",28.7500499,77.1112615,PM2.5,68,260,153
India,Delhi,Delhi,"DTU, Delhi - CPCB","08-02-2026 09:00:00",28.7500499,77.1112615,OZONE,7,27,10
India,Delhi,Delhi,"Dr. Karni Singh Shooting Range, Delhi - DPCC","08-02-2026 09:00:00",28.498571,77.264840,NO2,15,82,38
India,Delhi,Delhi,"Dwarka-Sector 8, Delhi - DPCC ","08-02-2026 09:00:00",28.5710274,77.0719006,NO2,43,115,66
India,Chandigarh,Chandigarh,"Sector-25, Chandigarh - CPCC","08-02-2026 09:00:00",30.751462,76.762879,NO2,9,14,11
India,Chandigarh,Chandigarh,"Sector-25, Chandigarh - CPCC","08-02-2026 09:00:00",30.751462,76.762879,NH3,9,9,9
India,Chandigarh,Chandigarh,"Sector-53, Chandigarh - CPCC","08-02-2026 09:00:00",30.719859,76.738637,SO2,8,16,13
India,Chhattisgarh,Bhilai,"32Bungalows, Bhilai - CECB","08-02-2026 09:00:00",21.194815,81.314770,PM10,16,66,33
India,Chhattisgarh,Bhilai,"32Bungalows, Bhilai - CECB","08-02-2026 09:00:00",21.194815,81.314770,NH3,1,6,4
India,Chhattisgarh,Bhilai,"32Bungalows, Bhilai - CECB","08-02-2026 09:00:00",21.194815,81.314770,OZONE,2,30,4
India,Chhattisgarh,Bhilai,"Civic Center, Bhilai - Bhilai Steel Plant","08-02-2026 09:00:00",21.185571,81.343175,NO2,9,84,26
India,Chhattisgarh,Raipur,"AIIMS, Raipur - CECB","08-02-2026 09:00:00",21.258815,81.578979,PM2.5,17,88,50
India,Chhattisgarh,Raipur,"Bhatagaon New ISBT, Raipur - CECB","08-02-2026 09:00:00",21.219665,81.630094,CO,30,113,92
India,Chhattisgarh,Raipur,"Krishak Nagar, Raipur - CECB","08-02-2026 09:00:00",21.237755,81.705301,PM10,43,115,78
India,Chhattisgarh,Raipur,"Krishak Nagar, Raipur - CECB","08-02-2026 09:00:00",21.237755,81.705301,NO2,3,23,15
India,Chhattisgarh,Raipur,"Siltara Phase-II, Raipur - CECB","08-02-2026 09:00:00",21.371751,81.664929,NH3,2,2,2
India,Delhi,Delhi,"ITO, Delhi - CPCB","08-02-2026 09:00:00",28.628624,77.241060,SO2,1,15,8
India,Delhi,Delhi,"Jawaharlal Nehru Stadium, Delhi - DPCC","08-02-2026 09:00:00",28.580280,77.233829,NH3,14,17,15
India,Delhi,Delhi,"Jawaharlal Nehru Stadium, Delhi - DPCC","08-02-2026 09:00:00",28.580280,77.233829,SO2,60,72,64
India,Delhi,Delhi,"Major Dhyan Chand National Stadium, Delhi - DPCC","08-02-2026 09:00:00",28.611281,77.237738,PM2.5,55,237,132
India,Delhi,Delhi,"Major Dhyan Chand National Stadium, Delhi - DPCC","08-02-2026 09:00:00",28.611281,77.237738,NO2,43,134,78
India,Delhi,Delhi,"Anand Vihar, Delhi - DPCC","08-02-2026 09:00:00",28.647622,77.3158090,NH3,4,7,5
India,Delhi,Delhi,"Ashok Vihar, Delhi - DPCC","08-02-2026 09:00:00",28.695381,77.181665,NO2,29,79,52
India,Delhi,Delhi,"Ashok Vihar, Delhi - DPCC","08-02-2026 09:00:00",28.695381,77.181665,CO,24,79,37
India,Delhi,Delhi,"Burari Crossing, Delhi - IMD","08-02-2026 09:00:00",28.7256504,77.2011573,PM2.5,6,306,161
India,Delhi,Delhi,"Burari Crossing, Delhi - IMD","08-02-2026 09:00:00",28.7256504,77.2011573,PM10,6,184,143
India,Delhi,Delhi,"IGI Airport (T3), Delhi - IMD","08-02-2026 09:00:00",28.5627763,77.1180053,CO,9,42,27
India,Delhi,Delhi,"IHBAS, Dilshad Garden, Delhi - CPCB","08-02-2026 09:00:00",28.6811736,77.3025234,NO2,15,78,45
India,Delhi,Delhi,"IIT Delhi, Delhi - IITM","08-02-2026 09:00:00",28.542460,77.191651,NO2,20,90,48
India,Delhi,Delhi,"ITO, Delhi - CPCB","08-02-2026 09:00:00",28.628624,77.241060,NO2,38,58,46
India,Delhi,Delhi,"CRRI Mathura Road, Delhi - IMD","08-02-2026 09:00:00",28.5512005,77.2735737,PM2.5,71,301,148
India,Chhattisgarh,Bhilai,"Hathkhoj, Bhilai - CECB","08-02-2026 09:00:00",21.224231,81.408350,PM10,11,153,50
India,Gujarat,Ahmedabad,"SVPI Airport Hansol, Ahmedabad - IITM","08-02-2026 09:00:00",23.076793,72.627874,SO2,3,12,5
India,Gujarat,Ahmedabad,"SVPI Airport Hansol, Ahmedabad - IITM","08-02-2026 09:00:00",23.076793,72.627874,CO,3,88,18
India,Gujarat,Ankleshwar,"GIDC, Ankleshwar - GPCB","08-02-2026 09:00:00",21.613267,73.010555,NH3,7,7,7
India,Gujarat,Bhavnagar,"Vidhyanagar, Bhavnagar - Nexteng Enviro","08-02-2026 09:00:00",21.755417,72.139056,PM2.5,43,232,103
India,Gujarat,Bhavnagar,"Vidhyanagar, Bhavnagar - Nexteng Enviro","08-02-2026 09:00:00",21.755417,72.139056,CO,117,128,124
India,Gujarat,Gandhinagar,"GIFT City, Gandhinagar - IITM","08-02-2026 09:00:00",23.163798,72.677768,PM10,124,180,146
India,Gujarat,Gandhinagar,"GIFT City, Gandhinagar - IITM","08-02-2026 09:00:00",23.163798,72.677768,NO2,16,55,31
India,Gujarat,Gandhinagar,"GIFT City, Gandhinagar - IITM","08-02-2026 09:00:00",23.163798,72.677768,CO,6,36,14
India,Gujarat,Gandhinagar,"IIPHG Lekawada, Gandhinagar - IITM","08-02-2026 09:00:00",23.243639,72.68994,NO2,10,40,22
India,Gujarat,Gandhinagar,"IIPHG Lekawada, Gandhinagar - IITM","08-02-2026 09:00:00",23.243639,72.68994,NH3,4,10,6
India,Gujarat,Gandhinagar,"IIPHG Lekawada, Gandhinagar - IITM","08-02-2026 09:00:00",23.243639,72.68994,SO2,10,16,13
India,Gujarat,Gandhinagar,"Sector-10, Gandhinagar - GPCB","08-02-2026 09:00:00",23.221714,72.654328,PM10,NA,NA,NA
India,Gujarat,Gandhinagar,"Sector-10, Gandhinagar - GPCB","08-02-2026 09:00:00",23.221714,72.654328,SO2,NA,NA,NA
India,Delhi,Delhi,"Patparganj, Delhi - DPCC","08-02-2026 09:00:00",28.623763,77.287209,PM2.5,93,309,205
India,Delhi,Delhi,"Patparganj, Delhi - DPCC","08-02-2026 09:00:00",28.623763,77.287209,NO2,25,134,69
India,Delhi,Delhi,"Patparganj, Delhi - DPCC","08-02-2026 09:00:00",28.623763,77.287209,CO,51,105,78
India,Delhi,Delhi,"Punjabi Bagh, Delhi - DPCC","08-02-2026 09:00:00",28.674045,77.131023,NO2,33,61,45
India,Delhi,Delhi,"Punjabi Bagh, Delhi - DPCC","08-02-2026 09:00:00",28.674045,77.131023,NH3,3,5,4
India,Delhi,Delhi,"Punjabi Bagh, Delhi - DPCC","08-02-2026 09:00:00",28.674045,77.131023,SO2,18,28,22
India,Delhi,Delhi,"Punjabi Bagh, Delhi - DPCC","08-02-2026 09:00:00",28.674045,77.131023,CO,29,75,46
India,Delhi,Delhi,"Pusa, Delhi - DPCC","08-02-2026 09:00:00",28.639652,77.146275,NH3,12,35,20
India,Delhi,Delhi,"Pusa, Delhi - IMD","08-02-2026 09:00:00",28.636110,77.173332,PM10,94,183,129
India,Delhi,Delhi,"R K Puram, Delhi - DPCC","08-02-2026 09:00:00",28.563262,77.186937,NO2,25,122,65
India,Gujarat,Ahmedabad,"Raikhad, Ahmedabad - IITM","08-02-2026 09:00:00",23.020509,72.579261,PM2.5,78,186,124
India,Gujarat,Ahmedabad,"Raikhad, Ahmedabad - IITM","08-02-2026 09:00:00",23.020509,72.579261,CO,1,64,8
India,Gujarat,Ahmedabad,"Rakhial, Ahmedabad - IITM","08-02-2026 09:00:00",23.016834,72.625775,OZONE,2,77,7
India,Gujarat,Ahmedabad,"SAC ISRO Bopal, Ahmedabad - IITM","08-02-2026 09:00:00",23.041137,72.456691,OZONE,1,74,10
India,Gujarat,Ahmedabad,"SAC ISRO Satellite, Ahmedabad - IITM","08-02-2026 09:00:00",23.023389,72.515201,PM2.5,63,193,122
India,Gujarat,Ahmedabad,"SVPI Airport Hansol, Ahmedabad - IITM","08-02-2026 09:00:00",23.076793,72.627874,PM2.5,71,272,126
India,Gujarat,Ahmedabad,"SVPI Airport Hansol, Ahmedabad - IITM","08-02-2026 09:00:00",23.076793,72.627874,NH3,2,30,9
India,Delhi,Delhi,"Rohini, Delhi - DPCC","08-02-2026 09:00:00",28.732528,77.119920,PM2.5,127,316,243
India,Delhi,Delhi,"Sirifort, Delhi - CPCB","08-02-2026 09:00:00",28.5504249,77.2159377,PM2.5,107,329,225
India,Delhi,Delhi,"Sirifort, Delhi - CPCB","08-02-2026 09:00:00",28.5504249,77.2159377,OZONE,4,25,5
India,Delhi,Delhi,"Sonia Vihar, Delhi - DPCC","08-02-2026 09:00:00",28.710508,77.249485,PM10,117,235,164
India,Delhi,Delhi,"Sonia Vihar, Delhi - DPCC","08-02-2026 09:00:00",28.710508,77.249485,NH3,7,9,8
India,Delhi,Delhi,"Sri Aurobindo Marg, Delhi - DPCC","08-02-2026 09:00:00",28.531346,77.190156,NO2,20,53,33
India,Delhi,Delhi,"Sri Aurobindo Marg, Delhi - DPCC","08-02-2026 09:00:00",28.531346,77.190156,SO2,5,15,10
India,Gujarat,Vadodara,"Bapunagar, Vadodara - Nexteng Enviro","08-02-2026 09:00:00",22.320153,73.216285,NO2,10,34,19
India,Gujarat,Vatva,"Phase-4 GIDC, Vatva - GPCB","08-02-2026 09:00:00",22.969611,72.643500,PM10,70,388,164
India,Gujarat,Vatva,"Phase-4 GIDC, Vatva - GPCB","08-02-2026 09:00:00",22.969611,72.643500,CO,17,18,18
India,Haryana,Ambala,"Patti Mehar, Ambala - HSPCB","08-02-2026 09:00:00",30.379589,76.778328,NO2,22,26,23
India,Haryana,Bahadurgarh,"Arya Nagar, Bahadurgarh - HSPCB","08-02-2026 09:00:00",28.6701,76.9254,NO2,12,14,13
India,Delhi,Delhi,"Najafgarh, Delhi - DPCC","08-02-2026 09:00:00",28.570173,76.933762,PM10,83,133,104
India,Delhi,Delhi,"Najafgarh, Delhi - DPCC","08-02-2026 09:00:00",28.570173,76.933762,NH3,10,12,11
India,Delhi,Delhi,"Narela, Delhi - DPCC","08-02-2026 09:00:00",28.822836,77.101981,NH3,5,6,5
India,Delhi,Delhi,"Narela, Delhi - DPCC","08-02-2026 09:00:00",28.822836,77.101981,SO2,8,21,15
India,Delhi,Delhi,"Narela, Delhi - DPCC","08-02-2026 09:00:00",28.822836,77.101981,OZONE,19,92,37
India,Delhi,Delhi,"Nehru Nagar, Delhi - DPCC","08-02-2026 09:00:00",28.567890,77.250515,PM2.5,133,365,237
India,Delhi,Delhi,"Nehru Nagar, Delhi - DPCC","08-02-2026 09:00:00",28.567890,77.250515,PM10,116,285,168
India,Delhi,Delhi,"Vivek Vihar, Delhi - DPCC","08-02-2026 09:00:00",28.672342,77.315260,PM10,117,215,166
India,Delhi,Delhi,"Vivek Vihar, Delhi - DPCC","08-02-2026 09:00:00",28.672342,77.315260,CO,45,73,54
India,Delhi,Delhi,"Wazirpur, Delhi - DPCC","08-02-2026 09:00:00",28.699793,77.165453,PM2.5,127,333,237
India,Gujarat,Ahmedabad,"Gyaspur, Ahmedabad - IITM","08-02-2026 09:00:00",22.977134,72.553024,NO2,42,147,95
India,Gujarat,Rajkot,"Mavdi, Rajkot - Nexteng Enviro ","08-02-2026 09:00:00",22.248853,70.776774,CO,106,117,110
India,Gujarat,Surat,"Katargam, Surat - Nexteng Enviro","08-02-2026 09:00:00","21.217779 ","72.834787 ",NO2,19,115,63
India,Gujarat,Surat,"Katargam, Surat - Nexteng Enviro","08-02-2026 09:00:00","21.217779 ","72.834787 ",SO2,25,74,45
India,Gujarat,Surat,"Katargam, Surat - Nexteng Enviro","08-02-2026 09:00:00","21.217779 ","72.834787 ",CO,119,133,123
India,Delhi,Delhi,"Major Dhyan Chand National Stadium, Delhi - DPCC","08-02-2026 09:00:00",28.611281,77.237738,CO,53,96,64
India,Delhi,Delhi,"Mandir Marg, Delhi - DPCC","08-02-2026 09:00:00",28.636429,77.201067,NH3,3,6,5
India,Haryana,Panchkula,"Sector-6, Panchkula - HSPCB ","08-02-2026 09:00:00",30.7057778,76.8531805555555,CO,9,32,19
India,Haryana,Panipat,"Sector-18, Panipat - HSPCB","08-02-2026 09:00:00",29.432304,76.972765,OZONE,30,31,30
India,Haryana,Rohtak,"MD University, Rohtak - HSPCB","08-02-2026 09:00:00",28.52123,76.37138,PM2.5,56,500,130
India,Haryana,Sirsa,"F-Block, Sirsa - HSPCB","08-02-2026 09:00:00",29.536400,75.015800,PM2.5,NA,NA,NA
India,Haryana,Sirsa,"F-Block, Sirsa - HSPCB","08-02-2026 09:00:00",29.536400,75.015800,NO2,NA,NA,NA
India,Haryana,Sirsa,"F-Block, Sirsa - HSPCB","08-02-2026 09:00:00",29.536400,75.015800,SO2,NA,NA,NA
India,Haryana,"Yamuna Nagar","Gobind Pura, Yamuna Nagar - HSPCB","08-02-2026 09:00:00",30.1480566,77.2893471,CO,2,52,38
India,"Himachal Pradesh",Baddi,"HIMUDA Complex Phase-1, Baddi - HPPCB","08-02-2026 09:00:00",30.943887,76.801991,CO,44,85,61
India,Jammu_and_Kashmir,Pampore,"Khrew, Pampore - JKPCC","08-02-2026 09:00:00",34.031606,75.009712,PM10,23,66,48
India,Haryana,Faridabad,"New Industrial Town, Faridabad - HSPCB","08-02-2026 09:00:00",28.39072,77.30059,NH3,11,12,11
India,Haryana,Faridabad,"Sector 11, Faridabad - HSPCB","08-02-2026 09:00:00",28.376058,77.315741,PM2.5,87,244,159
India,Haryana,Faridabad,"Sector 11, Faridabad - HSPCB","08-02-2026 09:00:00",28.376058,77.315741,NO2,30,32,31
India,Haryana,Faridabad,"Sector 11, Faridabad - HSPCB","08-02-2026 09:00:00",28.376058,77.315741,CO,14,46,35
India,Haryana,Faridabad,"Sector 11, Faridabad - HSPCB","08-02-2026 09:00:00",28.376058,77.315741,OZONE,15,16,15
India,Haryana,Faridabad,"Sector 30, Faridabad - HSPCB","08-02-2026 09:00:00",28.4417,77.3217,PM2.5,88,133,96
India,Haryana,Faridabad,"Sector 30, Faridabad - HSPCB","08-02-2026 09:00:00",28.4417,77.3217,CO,42,66,62
India,Haryana,Fatehabad,"Huda Sector, Fatehabad - HSPCB","08-02-2026 09:00:00",29.503664,75.467934,PM10,107,191,129
India,Haryana,Gurugram,"Sector-51, Gurugram - HSPCB","08-02-2026 09:00:00",28.4227,77.0667,PM10,129,191,162
India,Haryana,Gurugram,"Sector-51, Gurugram - HSPCB","08-02-2026 09:00:00",28.4227,77.0667,CO,47,64,57
India,Jammu_and_Kashmir,Srinagar,"Khunmoh, Srinagar - JKPCC","08-02-2026 09:00:00",34.06313,74.96017,PM10,12,31,22
India,Jammu_and_Kashmir,Srinagar,"Rajbagh, Srinagar - JKPCC","08-02-2026 09:00:00",34.066206,74.819820,PM10,20,50,36
India,Jammu_and_Kashmir,Srinagar,"Rajbagh, Srinagar - JKPCC","08-02-2026 09:00:00",34.066206,74.819820,SO2,3,4,3
India,Jammu_and_Kashmir,Srinagar,"Rajbagh, Srinagar - JKPCC","08-02-2026 09:00:00",34.066206,74.819820,CO,10,18,13
India,Jharkhand,Dhanbad,"Sardar Patel Nagar, Dhanbad - JSPCB","08-02-2026 09:00:00",23.80569,86.44268,CO,3,112,34
India,Karnataka,Belgaum,"Ramteerth Nagar, Belgaum - KSPCB","08-02-2026 09:00:00",15.888653,74.541751,PM10,53,122,84
India,Karnataka,Bengaluru,"BTM Layout, Bengaluru - CPCB","08-02-2026 09:00:00",12.9135218,77.5950804,NH3,5,13,9
India,Karnataka,Bengaluru,"BWSSB Kadabesanahalli, Bengaluru - CPCB","08-02-2026 09:00:00",12.9352049,77.6814488,PM10,113,477,178
India,Karnataka,Bengaluru,"BWSSB Kadabesanahalli, Bengaluru - CPCB","08-02-2026 09:00:00",12.9352049,77.6814488,CO,36,39,38
India,Karnataka,Bengaluru,"Bapuji Nagar, Bengaluru - KSPCB","08-02-2026 09:00:00",12.951913,77.539784,NO2,64,157,113
India,Karnataka,Bengaluru,"Hebbal, Bengaluru - KSPCB","08-02-2026 09:00:00",13.029152,77.585901,PM10,68,140,105
India,Karnataka,Bengaluru,"Hebbal, Bengaluru - KSPCB","08-02-2026 09:00:00",13.029152,77.585901,SO2,8,23,14
India,Karnataka,Bengaluru,"Hebbal, Bengaluru - KSPCB","08-02-2026 09:00:00",13.029152,77.585901,OZONE,4,38,8
India,Karnataka,Bengaluru,"Hombegowda Nagar, Bengaluru - KSPCB","08-02-2026 09:00:00",12.938539,77.590100,PM10,40,80,58
India,Karnataka,Bengaluru,"Jayanagar 5th Block, Bengaluru - KSPCB","08-02-2026 09:00:00",12.920984,77.584908,PM10,68,149,108
India,Haryana,Bahadurgarh,"Arya Nagar, Bahadurgarh - HSPCB","08-02-2026 09:00:00",28.6701,76.9254,OZONE,15,19,17
India,Haryana,Ballabgarh,"Nathu Colony, Ballabgarh - HSPCB","08-02-2026 09:00:00",28.3419248,77.319699,PM2.5,NA,NA,NA
India,Haryana,Ballabgarh,"Nathu Colony, Ballabgarh - HSPCB","08-02-2026 09:00:00",28.3419248,77.319699,SO2,NA,NA,NA
India,Haryana,Bhiwani,"H.B. Colony, Bhiwani - HSPCB","08-02-2026 09:00:00",28.806223,76.141105,NO2,1,34,31
India,Haryana,Bhiwani,"H.B. Colony, Bhiwani - HSPCB","08-02-2026 09:00:00",28.806223,76.141105,NH3,1,9,8
India,Haryana,Dharuhera,"Municipal Corporation Office, Dharuhera -  HSPCB","08-02-2026 09:00:00",28.206800,76.799700,NH3,9,26,19
India,Haryana,Gurugram,"Teri Gram, Gurugram - HSPCB","08-02-2026 09:00:00",28.4275,77.1465,PM10,NA,NA,NA
India,Haryana,Gurugram,"Teri Gram, Gurugram - HSPCB","08-02-2026 09:00:00",28.4275,77.1465,OZONE,NA,NA,NA
India,Haryana,Gurugram,"Vikas Sadan, Gurugram - HSPCB","08-02-2026 09:00:00",28.4501238,77.0263051,PM2.5,158,477,238
India,Haryana,Gurugram,"Vikas Sadan, Gurugram - HSPCB","08-02-2026 09:00:00",28.4501238,77.0263051,SO2,2,8,5
India,Haryana,Gurugram,"Vikas Sadan, Gurugram - HSPCB","08-02-2026 09:00:00",28.4501238,77.0263051,CO,61,114,97
India,Haryana,Jind,"Police Lines, Jind - HSPCB","08-02-2026 09:00:00",29.307814,76.337619,NO2,34,52,43
India,Haryana,Jind,"Police Lines, Jind - HSPCB","08-02-2026 09:00:00",29.307814,76.337619,SO2,2,11,5
India,Karnataka,Bengaluru,"Jigani, Bengaluru - KSPCB","08-02-2026 09:00:00",12.7816279,77.6299145,PM2.5,49,74,65
India,Karnataka,Bengaluru,"Jigani, Bengaluru - KSPCB","08-02-2026 09:00:00",12.7816279,77.6299145,NH3,4,4,4
India,Karnataka,Bengaluru,"Kasturi Nagar, Bengaluru - KSPCB","08-02-2026 09:00:00",13.003872,77.664217,PM10,63,65,64
India,Karnataka,Bengaluru,"Kasturi Nagar, Bengaluru - KSPCB","08-02-2026 09:00:00",13.003872,77.664217,NH3,4,4,4
India,Karnataka,Bengaluru,"Kasturi Nagar, Bengaluru - KSPCB","08-02-2026 09:00:00",13.003872,77.664217,CO,NA,NA,NA
India,Karnataka,Bengaluru,"Peenya, Bengaluru - CPCB","08-02-2026 09:00:00",13.0270199,77.494094,CO,6,28,8
India,Haryana,Kaithal,"Rishi Nagar, Kaithal - HSPCB","08-02-2026 09:00:00",29.8006,76.4155,PM10,62,104,76
India,Haryana,Kaithal,"Rishi Nagar, Kaithal - HSPCB","08-02-2026 09:00:00",29.8006,76.4155,CO,10,62,28
India,Haryana,Karnal,"Sector-12, Karnal - HSPCB","08-02-2026 09:00:00",29.695300,77.002700,PM2.5,59,109,78
India,Haryana,Kurukshetra,"Sector-7, Kurukshetra - HSPCB","08-02-2026 09:00:00",29.966942,76.875879,NO2,16,20,19
India,Haryana,Kurukshetra,"Sector-7, Kurukshetra - HSPCB","08-02-2026 09:00:00",29.966942,76.875879,OZONE,13,56,19
India,Haryana,Narnaul,"Shastri Nagar, Narnaul - HSPCB","08-02-2026 09:00:00",28.060249,76.113115,PM10,36,136,99
India,Haryana,Narnaul,"Shastri Nagar, Narnaul - HSPCB","08-02-2026 09:00:00",28.060249,76.113115,NO2,47,83,62
India,Haryana,Palwal,"Shyam Nagar, Palwal - HSPCB","08-02-2026 09:00:00",28.1485564,77.3320667,NH3,8,9,9
India,Haryana,Palwal,"Shyam Nagar, Palwal - HSPCB","08-02-2026 09:00:00",28.1485564,77.3320667,OZONE,16,23,17
India,Karnataka,Dharwad,"Kalabhavan, Dharwad - KSPCB","08-02-2026 09:00:00",15.459706,75.008381,NH3,5,5,5
India,Karnataka,Dharwad,"Kalabhavan, Dharwad - KSPCB","08-02-2026 09:00:00",15.459706,75.008381,CO,58,101,77
India,Karnataka,Dharwad,"Kalabhavan, Dharwad - KSPCB","08-02-2026 09:00:00",15.459706,75.008381,OZONE,24,24,24
India,Karnataka,Hubballi,"Lingaraj Nagar, Hubballi - KSPCB","08-02-2026 09:00:00",15.3714823,75.1160168,PM2.5,34,41,36
India,Karnataka,Hubballi,"Lingaraj Nagar, Hubballi - KSPCB","08-02-2026 09:00:00",15.3714823,75.1160168,NO2,7,11,7
India,Karnataka,Kalaburagi,"Mahatma Basaveswar Colony, Kalaburgi - KSPCB","08-02-2026 09:00:00",17.336318,76.847397,PM2.5,26,67,49
India,Karnataka,Kalaburagi,"Mahatma Basaveswar Colony, Kalaburgi - KSPCB","08-02-2026 09:00:00",17.336318,76.847397,CO,38,59,42
India,Karnataka,Madikeri,"Stuart Hill, Madikeri - KSPCB","08-02-2026 09:00:00",12.415911,75.735050,PM10,22,52,34
India,Karnataka,Madikeri,"Stuart Hill, Madikeri - KSPCB","08-02-2026 09:00:00",12.415911,75.735050,CO,13,19,15
India,Karnataka,Mysuru,"Hebbal 1st Stage, Mysuru - KSPCB","08-02-2026 09:00:00",12.21041,76.37376,CO,14,113,35
India,"Madhya Pradesh",Jabalpur,"Gupteshwar, Jabalpur - JMC","08-02-2026 09:00:00",23.142888,79.916147,OZONE,1,105,15
India,"Madhya Pradesh",Jabalpur,"Marhatal, Jabalpur - MPPCB","08-02-2026 09:00:00",23.168606,79.932247,PM2.5,35,188,77
India,"Madhya Pradesh",Jabalpur,"Marhatal, Jabalpur - MPPCB","08-02-2026 09:00:00",23.168606,79.932247,NH3,2,2,2
India,"Madhya Pradesh",Jabalpur,"Marhatal, Jabalpur - MPPCB","08-02-2026 09:00:00",23.168606,79.932247,OZONE,108,119,109
India,"Madhya Pradesh",Jabalpur,"Suhagi, Jabalpur - JMC","08-02-2026 09:00:00",23.218135,79.957770,PM2.5,20,123,62
India,"Madhya Pradesh",Jabalpur,"Suhagi, Jabalpur - JMC","08-02-2026 09:00:00",23.218135,79.957770,PM10,33,127,72
India,"Madhya Pradesh",Jabalpur,"Suhagi, Jabalpur - JMC","08-02-2026 09:00:00",23.218135,79.957770,OZONE,48,87,52
India,"Madhya Pradesh",Katni,"Gole Bazar, Katni - MPPCB","08-02-2026 09:00:00",23.50016,80.23284,PM2.5,10,193,87
India,"Madhya Pradesh",Katni,"Gole Bazar, Katni - MPPCB","08-02-2026 09:00:00",23.50016,80.23284,NH3,3,4,4
India,"Madhya Pradesh",Katni,"Gole Bazar, Katni - MPPCB","08-02-2026 09:00:00",23.50016,80.23284,SO2,12,121,62
India,"Madhya Pradesh",Katni,"Gole Bazar, Katni - MPPCB","08-02-2026 09:00:00",23.50016,80.23284,CO,16,108,47
India,Kerala,Thrissur,"Corporation Ground, Thrissur - Kerala PCB","08-02-2026 09:00:00",10.532400,76.215900,PM2.5,61,82,70
India,Kerala,Thrissur,"Corporation Ground, Thrissur - Kerala PCB","08-02-2026 09:00:00",10.532400,76.215900,SO2,NA,NA,NA
India,"Madhya Pradesh",Bhopal,"Idgah Hills, Bhopal - MPPCB","08-02-2026 09:00:00",23.264759,77.381568,PM2.5,58,210,87
India,"Madhya Pradesh",Bhopal,"Idgah Hills, Bhopal - MPPCB","08-02-2026 09:00:00",23.264759,77.381568,OZONE,27,83,49
India,"Madhya Pradesh",Bhopal,"Paryavaran Parisar, Bhopal - MPPCB","08-02-2026 09:00:00",23.210494,77.425409,SO2,5,12,9
India,"Madhya Pradesh",Bhopal,"T T Nagar, Bhopal - MPPCB","08-02-2026 09:00:00",23.233584,77.400574,NO2,25,75,48
India,"Madhya Pradesh",Damoh,"Shrivastav Colony, Damoh - MPPCB","08-02-2026 09:00:00",23.81748678,79.446246,PM10,10,39,22
India,"Madhya Pradesh",Damoh,"Shrivastav Colony, Damoh - MPPCB","08-02-2026 09:00:00",23.81748678,79.446246,CO,8,24,22
India,"Madhya Pradesh",Indore,"Maguda Nagar, Indore - IMC","08-02-2026 09:00:00",22.7524,75.8872,PM10,27,145,86
India,"Madhya Pradesh",Indore,"Maguda Nagar, Indore - IMC","08-02-2026 09:00:00",22.7524,75.8872,NO2,10,25,18
India,"Madhya Pradesh",Indore,"Maguda Nagar, Indore - IMC","08-02-2026 09:00:00",22.7524,75.8872,SO2,10,14,12
India,"Madhya Pradesh",Indore,"Regional Park, Indore - IMC","08-02-2026 09:00:00",22.6780,75.8559,NH3,1,3,2
India,"Madhya Pradesh",Jabalpur,"Govindh Bhavan Colony, Jabalpur - JMC","08-02-2026 09:00:00",23.163174,79.973061,PM2.5,37,65,45
India,"Madhya Pradesh",Jabalpur,"Govindh Bhavan Colony, Jabalpur - JMC","08-02-2026 09:00:00",23.163174,79.973061,PM10,41,91,52
India,"Madhya Pradesh",Jabalpur,"Govindh Bhavan Colony, Jabalpur - JMC","08-02-2026 09:00:00",23.163174,79.973061,NH3,2,2,2
India,"Madhya Pradesh",Jabalpur,"Gupteshwar, Jabalpur - JMC","08-02-2026 09:00:00",23.142888,79.916147,NO2,19,112,46
India,Karnataka,Ramanagara,"Vijay Nagar, Ramanagara - KSPCB","08-02-2026 09:00:00",12.733409,77.298051,PM2.5,40,215,101
India,Karnataka,Shivamogga,"Vinoba Nagara, Shivamogga - KSPCB","08-02-2026 09:00:00",13.940000,75.555917,CO,12,36,33
India,Karnataka,Shivamogga,"Vinoba Nagara, Shivamogga - KSPCB","08-02-2026 09:00:00",13.940000,75.555917,OZONE,7,82,14
India,Karnataka,Tumakuru,"Thimmalapura, Tumakuru - KSPCB","08-02-2026 09:00:00",13.377516,77.099072,PM2.5,NA,NA,NA
India,Karnataka,Tumakuru,"Thimmalapura, Tumakuru - KSPCB","08-02-2026 09:00:00",13.377516,77.099072,NO2,NA,NA,NA
India,Karnataka,Yadgir,"Collector Office, Yadgir - KSPCB","08-02-2026 09:00:00",16.7602,77.1428,PM2.5,63,166,97
India,Karnataka,Yadgir,"Collector Office, Yadgir - KSPCB","08-02-2026 09:00:00",16.7602,77.1428,PM10,63,124,96
India,Karnataka,Yadgir,"Collector Office, Yadgir - KSPCB","08-02-2026 09:00:00",16.7602,77.1428,OZONE,18,19,18
India,Kerala,Kannur,"Thavakkara, Kannur - Kerala PCB","08-02-2026 09:00:00",11.875000,75.373200,PM10,77,88,85
India,Kerala,Kannur,"Thavakkara, Kannur - Kerala PCB","08-02-2026 09:00:00",11.875000,75.373200,SO2,8,9,8
India,Kerala,Kollam,"Polayathode, Kollam - Kerala PCB","08-02-2026 09:00:00",8.8787,76.6073,OZONE,28,37,30
India,Kerala,Thiruvananthapuram,"Plammoodu, Thiruvananthapuram - Kerala PCB","08-02-2026 09:00:00",8.5149093,76.9435879,NO2,NA,NA,NA
India,"Madhya Pradesh",Dewas,"Bhopal Chauraha, Dewas - MPPCB","08-02-2026 09:00:00",22.9682591,76.064118,NH3,4,5,4
India,"Madhya Pradesh",Gwalior,"Deen Dayal Nagar, Gwalior - MPPCB","08-02-2026 09:00:00",26.259242,78.216432,PM10,35,382,151
India,"Madhya Pradesh",Gwalior,"Deen Dayal Nagar, Gwalior - MPPCB","08-02-2026 09:00:00",26.259242,78.216432,NO2,12,98,52
India,"Madhya Pradesh",Gwalior,"Maharaj Bada, Gwalior - MPPCB","08-02-2026 09:00:00",26.200388,78.147714,NO2,19,125,55
India,"Madhya Pradesh",Gwalior,"Maharaj Bada, Gwalior - MPPCB","08-02-2026 09:00:00",26.200388,78.147714,NH3,3,5,3
India,"Madhya Pradesh",Gwalior,"Maharaj Bada, Gwalior - MPPCB","08-02-2026 09:00:00",26.200388,78.147714,SO2,6,12,8
India,Karnataka,Chikkaballapur,"Chikkaballapur Rural, Chikkaballapur - KSPCB","08-02-2026 09:00:00",13.428828,77.731418,PM2.5,NA,NA,NA
India,Karnataka,Chikkaballapur,"Chikkaballapur Rural, Chikkaballapur - KSPCB","08-02-2026 09:00:00",13.428828,77.731418,CO,6,31,16
India,Karnataka,Chikkamagaluru,"Kalyana Nagara, Chikkamagaluru - KSPCB","08-02-2026 09:00:00",13.328028,75.797056,NO2,18,36,31
India,Karnataka,Chikkamagaluru,"Kalyana Nagara, Chikkamagaluru - KSPCB","08-02-2026 09:00:00",13.328028,75.797056,NH3,2,4,3
India,Karnataka,Dharwad,"Kalabhavan, Dharwad - KSPCB","08-02-2026 09:00:00",15.459706,75.008381,NO2,25,25,25
India,Karnataka,Bengaluru,"RVCE-Mailasandra, Bengaluru - KSPCB","08-02-2026 09:00:00",12.921418,77.502466,PM2.5,NA,NA,NA
India,Karnataka,Bengaluru,"RVCE-Mailasandra, Bengaluru - KSPCB","08-02-2026 09:00:00",12.921418,77.502466,SO2,5,6,6
India,Karnataka,Bengaluru,"RVCE-Mailasandra, Bengaluru - KSPCB","08-02-2026 09:00:00",12.921418,77.502466,CO,8,32,21
India,Karnataka,Bengaluru,"Sanegurava Halli, Bengaluru - KSPCB","08-02-2026 09:00:00",12.990328,77.5431385,CO,NA,NA,NA
India,Karnataka,Bengaluru,"Shivapura_Peenya, Bengaluru - KSPCB","08-02-2026 09:00:00",13.0246342,77.5080115,PM2.5,NA,NA,NA
India,Maharashtra,Jalna,"Old MIDC, Jalna - MPCB","08-02-2026 09:00:00",19.854616,75.905894,CO,20,38,30
India,Maharashtra,Kalyan,"Khadakpada, Kalyan - MPCB","08-02-2026 09:00:00",19.25292,73.142019,PM2.5,39,92,72
India,Maharashtra,Kolhapur,"Sinchan Bhavan, Kolhapur - MPCB","08-02-2026 09:00:00",16.7143745,74.2426398,PM10,58,153,112
India,Maharashtra,Kolhapur,"Sinchan Bhavan, Kolhapur - MPCB","08-02-2026 09:00:00",16.7143745,74.2426398,NO2,34,55,42
India,Maharashtra,Kolhapur,"Sinchan Bhavan, Kolhapur - MPCB","08-02-2026 09:00:00",16.7143745,74.2426398,NH3,7,11,8
India,Maharashtra,Kolhapur,"Sinchan Bhavan, Kolhapur - MPCB","08-02-2026 09:00:00",16.7143745,74.2426398,CO,2,10,7
India,Maharashtra,Kolhapur,"Sinchan Bhavan, Kolhapur - MPCB","08-02-2026 09:00:00",16.7143745,74.2426398,OZONE,1,51,5
India,Maharashtra,Latur,"Sawe Wadi, Latur - MPCB","08-02-2026 09:00:00",18.39963,76.57452,PM2.5,62,132,96
India,Maharashtra,Latur,"Sawe Wadi, Latur - MPCB","08-02-2026 09:00:00",18.39963,76.57452,NH3,3,22,8
India,Maharashtra,Latur,"Sawe Wadi, Latur - MPCB","08-02-2026 09:00:00",18.39963,76.57452,SO2,1,17,7
India,Maharashtra,Mahad,"Kamble Tarf Birwadi, Mahad - MPCB","08-02-2026 09:00:00",18.1023399,73.4783687,NO2,34,68,42
India,Maharashtra,Mahad,"Kamble Tarf Birwadi, Mahad - MPCB","08-02-2026 09:00:00",18.1023399,73.4783687,NH3,9,11,10
India,Maharashtra,Malegaon,"Mahesh Nagar, Malegaon - MPCB","08-02-2026 09:00:00",20.555712,74.529236,PM2.5,54,93,72
India,Maharashtra,Aurangabad,"Rachnakar Colony, Aurangabad - MPCB","08-02-2026 09:00:00",19.863756,75.321188,NH3,3,6,5
India,Maharashtra,Badlapur,"Katrap, Badlapur - MPCB","08-02-2026 09:00:00",19.16485,73.23409,PM10,84,202,127
India,Maharashtra,Badlapur,"Katrap, Badlapur - MPCB","08-02-2026 09:00:00",19.16485,73.23409,OZONE,12,84,12
India,Maharashtra,Belapur,"CBD Belapur, Belapur - MPCB","08-02-2026 09:00:00",19.0243902,73.0406721,NO2,13,53,28
India,Maharashtra,Belapur,"CBD Belapur, Belapur - MPCB","08-02-2026 09:00:00",19.0243902,73.0406721,SO2,16,34,23
India,Maharashtra,Belapur,"CBD Belapur, Belapur - MPCB","08-02-2026 09:00:00",19.0243902,73.0406721,OZONE,1,105,6
India,Maharashtra,Bhiwandi,"Gokul Nagar, Bhiwandi - MPCB","08-02-2026 09:00:00",19.309073,73.057223,PM10,72,207,136
India,Maharashtra,Bhiwandi,"Gokul Nagar, Bhiwandi - MPCB","08-02-2026 09:00:00",19.309073,73.057223,CO,18,68,56
India,Maharashtra,Boisar,"Khaira, Boisar - MPCB","08-02-2026 09:00:00",19.786089,72.757971,NO2,12,45,25
India,Maharashtra,Boisar,"Khaira, Boisar - MPCB","08-02-2026 09:00:00",19.786089,72.757971,SO2,4,80,12
India,"Madhya Pradesh",Ratlam,"Shasthri Nagar, Ratlam - IPCA Lab","08-02-2026 09:00:00",23.331731,75.045981,NO2,12,54,28
India,"Madhya Pradesh",Ratlam,"Shasthri Nagar, Ratlam - IPCA Lab","08-02-2026 09:00:00",23.331731,75.045981,SO2,33,36,34
India,"Madhya Pradesh",Satna,"Bandhavgar Colony, Satna - Birla Cement","08-02-2026 09:00:00",24.58434363,80.8549414,PM10,70,71,70
India,"Madhya Pradesh",Singrauli,"Suryakiran Bhawan NCL, Singrauli - MPPCB","08-02-2026 09:00:00",24.108970,82.645580,NH3,1,2,1
India,"Madhya Pradesh",Singrauli,"Suryakiran Bhawan NCL, Singrauli - MPPCB","08-02-2026 09:00:00",24.108970,82.645580,OZONE,1,29,1
India,"Madhya Pradesh",Ujjain,"Mahashweta Nagar, Ujjain - MPPCB","08-02-2026 09:00:00",23.1633321,75.800225,PM2.5,75,318,204
India,Maharashtra,Ahmednagar,"Tarakpur, Ahmednagar - MPCB","08-02-2026 09:00:00",19.10122,74.73339,NO2,12,29,21
India,Maharashtra,Ahmednagar,"Tarakpur, Ahmednagar - MPCB","08-02-2026 09:00:00",19.10122,74.73339,NH3,4,7,6
India,Maharashtra,Malegaon,"Mahesh Nagar, Malegaon - MPCB","08-02-2026 09:00:00",20.555712,74.529236,NO2,1,17,8
India,Maharashtra,Malegaon,"Mahesh Nagar, Malegaon - MPCB","08-02-2026 09:00:00",20.555712,74.529236,CO,18,111,26
India,Maharashtra,Mira-Bhayandar,"Bhayandar West, Mira-Bhayandar - MPCB","08-02-2026 09:00:00",19.296481,72.840923,PM2.5,68,145,97
India,Maharashtra,Mira-Bhayandar,"Bhayandar West, Mira-Bhayandar - MPCB","08-02-2026 09:00:00",19.296481,72.840923,NO2,21,88,54
India,Maharashtra,Mira-Bhayandar,"Bhayandar West, Mira-Bhayandar - MPCB","08-02-2026 09:00:00",19.296481,72.840923,NH3,3,11,7
India,Maharashtra,Mumbai,"Bandra Kurla Complex, Mumbai - IITM","08-02-2026 09:00:00",19.053536,72.84643,PM10,NA,NA,NA
India,Maharashtra,Mumbai,"Bandra Kurla Complex, Mumbai - IITM","08-02-2026 09:00:00",19.053536,72.84643,CO,NA,NA,NA
India,Maharashtra,Mumbai,"Borivali East, Mumbai - IITM","08-02-2026 09:00:00",19.23241,72.86895,PM2.5,73,147,92
India,Maharashtra,Mumbai,"Borivali East, Mumbai - MPCB","08-02-2026 09:00:00",19.2243333,72.8658113,NO2,NA,NA,NA
India,Maharashtra,Chandrapur,"Chauhan Colony, Chandrapur - MPCB","08-02-2026 09:00:00",19.962900,79.298714,PM2.5,30,133,72
India,Maharashtra,Chandrapur,"Chauhan Colony, Chandrapur - MPCB","08-02-2026 09:00:00",19.962900,79.298714,NO2,30,33,32
India,Maharashtra,Chandrapur,"Chauhan Colony, Chandrapur - MPCB","08-02-2026 09:00:00",19.962900,79.298714,CO,24,51,31
India,Maharashtra,Chandrapur,"MIDC Khutala, Chandrapur - MPCB","08-02-2026 09:00:00",19.9775302,79.2337086,PM2.5,26,276,148
India,Maharashtra,Chandrapur,"MIDC Khutala, Chandrapur - MPCB","08-02-2026 09:00:00",19.9775302,79.2337086,CO,36,41,39
India,Maharashtra,Dhule,"Deopur, Dhule - MPCB","08-02-2026 09:00:00",20.918946,74.776388,PM2.5,80,215,141
India,Maharashtra,Jalgaon,"Prabhat Colony, Jalgaon - MPCB","08-02-2026 09:00:00",21.001264,75.565602,OZONE,2,86,25
India,Maharashtra,Mumbai,"Kandivali East, Mumbai - MPCB","08-02-2026 09:00:00",19.205800,72.868200,SO2,23,26,25
India,Maharashtra,Mumbai,"Kandivali West, Mumbai - BMC","08-02-2026 09:00:00",19.215859,72.831718,CO,30,103,80
India,Maharashtra,Mumbai,"Kandivali West, Mumbai - BMC","08-02-2026 09:00:00",19.215859,72.831718,OZONE,1,80,2
India,Maharashtra,Mumbai,"Kherwadi_Bandra East, Mumbai - MPCB","08-02-2026 09:00:00",19.0632143,72.8456324,OZONE,1,101,1
India,Maharashtra,Mumbai,"Kurla, Mumbai - MPCB","08-02-2026 09:00:00",19.0863,72.8888,PM10,76,145,106
India,Maharashtra,Mumbai,"Kurla, Mumbai - MPCB","08-02-2026 09:00:00",19.0863,72.8888,NH3,2,2,2
India,Maharashtra,Mumbai,"Kurla, Mumbai - MPCB","08-02-2026 09:00:00",19.0863,72.8888,OZONE,28,29,28
India,Maharashtra,Mumbai,"Malad West, Mumbai - IITM","08-02-2026 09:00:00",19.19709,72.82204,NO2,38,111,78
India,Maharashtra,Mumbai,"Mazgaon, Mumbai - IITM","08-02-2026 09:00:00",18.96702,72.84214,PM10,84,122,108
India,Maharashtra,Mumbai,"Mazgaon, Mumbai - IITM","08-02-2026 09:00:00",18.96702,72.84214,NH3,11,19,15
India,Maharashtra,Mumbai,"Mazgaon, Mumbai - IITM","08-02-2026 09:00:00",18.96702,72.84214,CO,28,70,54
India,Maharashtra,Mumbai,"Mulund West, Mumbai - MPCB","08-02-2026 09:00:00",19.1750,72.9419,PM2.5,53,107,76
India,Maharashtra,Amravati,"Shivneri Colony, Amravati - MPCB","08-02-2026 09:00:00",20.9402359,77.7895248,NO2,7,28,15
India,Maharashtra,Amravati,"Shivneri Colony, Amravati - MPCB","08-02-2026 09:00:00",20.9402359,77.7895248,SO2,9,28,12
India,Maharashtra,Aurangabad,"MIDC Chilkalthana, Aurangabad - MPCB","08-02-2026 09:00:00",19.875620,75.387310,PM10,75,144,98
India,Maharashtra,Aurangabad,"MIDC Chilkalthana, Aurangabad - MPCB","08-02-2026 09:00:00",19.875620,75.387310,CO,12,103,33
India,Maharashtra,Aurangabad,"MIDC Chilkalthana, Aurangabad - MPCB","08-02-2026 09:00:00",19.875620,75.387310,OZONE,11,91,26
India,Maharashtra,Mumbai,"Borivali East, Mumbai - MPCB","08-02-2026 09:00:00",19.2243333,72.8658113,OZONE,17,21,18
India,Maharashtra,Mumbai,"Chakala-Andheri East, Mumbai - IITM","08-02-2026 09:00:00",19.11074,72.86084,PM10,115,159,133
India,Maharashtra,Mumbai,"Chembur, Mumbai - MPCB","08-02-2026 09:00:00",19.0364585,72.8954371,PM10,94,123,105
India,Maharashtra,Pune,"Mhada Colony, Pune - IITM","08-02-2026 09:00:00",18.573040,73.927715,PM2.5,60,308,192
India,Maharashtra,Pune,"Mhada Colony, Pune - IITM","08-02-2026 09:00:00",18.573040,73.927715,OZONE,19,199,28
India,Maharashtra,Pune,"Panchawati_Pashan, Pune - IITM","08-02-2026 09:00:00",18.536457,73.805454,CO,4,21,13
India,Maharashtra,Pune,"Savitribai Phule Pune University, Pune - MPCB","08-02-2026 09:00:00",18.547056,73.826908,NO2,12,66,27
India,Maharashtra,Pune,"Savitribai Phule Pune University, Pune - MPCB","08-02-2026 09:00:00",18.547056,73.826908,NH3,1,9,3
India,Maharashtra,Pune,"Savitribai Phule Pune University, Pune - MPCB","08-02-2026 09:00:00",18.547056,73.826908,CO,12,112,68
India,Maharashtra,Pune,"Transport Nagar-Nigdi, Pune - IITM","08-02-2026 09:00:00",18.664282,73.763966,PM2.5,102,306,175
India,Maharashtra,Pune,"Transport Nagar-Nigdi, Pune - IITM","08-02-2026 09:00:00",18.664282,73.763966,PM10,127,229,160
India,Maharashtra,Sangli,"Vijay Nagar, Sangli - MPCB","08-02-2026 09:00:00"," 16.5038",74.3623,PM2.5,70,142,93
India,Maharashtra,Sangli,"Vijay Nagar, Sangli - MPCB","08-02-2026 09:00:00"," 16.5038",74.3623,PM10,68,133,94
India,Maharashtra,Sangli,"Vijay Nagar, Sangli - MPCB","08-02-2026 09:00:00"," 16.5038",74.3623,NO2,23,84,49
India,Maharashtra,Sangli,"Vijay Nagar, Sangli - MPCB","08-02-2026 09:00:00"," 16.5038",74.3623,SO2,8,23,16
India,Maharashtra,Mumbai,"Vile Parle West, Mumbai - MPCB","08-02-2026 09:00:00",19.10861,72.83622,PM10,86,142,113
India,Maharashtra,Nagpur,"Ambazari, Nagpur - MPCB","08-02-2026 09:00:00",21.121801,79.04952,NO2,5,81,29
India,Maharashtra,Nagpur,"Ambazari, Nagpur - MPCB","08-02-2026 09:00:00",21.121801,79.04952,SO2,14,122,26
India,Maharashtra,Nagpur,"Ambazari, Nagpur - MPCB","08-02-2026 09:00:00",21.121801,79.04952,OZONE,2,77,17
India,Maharashtra,Nagpur,"Mahal, Nagpur - MPCB","08-02-2026 09:00:00",21.14472,79.107595,PM2.5,77,167,116
India,Maharashtra,Nagpur,"Mahal, Nagpur - MPCB","08-02-2026 09:00:00",21.14472,79.107595,NO2,19,74,43
India,Maharashtra,Nagpur,"Opp GPO Civil Lines, Nagpur - MPCB","08-02-2026 09:00:00",21.152875,79.0517531,NO2,9,50,26
India,Maharashtra,Nagpur,"Opp GPO Civil Lines, Nagpur - MPCB","08-02-2026 09:00:00",21.152875,79.0517531,NH3,4,16,10
India,Maharashtra,Nagpur,"Opp GPO Civil Lines, Nagpur - MPCB","08-02-2026 09:00:00",21.152875,79.0517531,OZONE,2,39,5
India,Maharashtra,Nagpur,"Ram Nagar, Nagpur - MPCB","08-02-2026 09:00:00",21.143383,79.048912,PM10,89,147,112
India,Maharashtra,Nagpur,"Ram Nagar, Nagpur - MPCB","08-02-2026 09:00:00",21.143383,79.048912,NH3,4,4,4
India,Maharashtra,Nanded,"Sneh Nagar, Nanded - MPCB","08-02-2026 09:00:00",19.173852,77.296291,PM2.5,162,301,233
India,Maharashtra,Solapur,"Ratandeep Housing Society, Solapur - MPCB","08-02-2026 09:00:00",17.65439,75.90649,PM2.5,74,209,99
India,Maharashtra,Solapur,"Ratandeep Housing Society, Solapur - MPCB","08-02-2026 09:00:00",17.65439,75.90649,NO2,13,112,39
India,Maharashtra,Solapur,"Ratandeep Housing Society, Solapur - MPCB","08-02-2026 09:00:00",17.65439,75.90649,NH3,2,12,4
India,Maharashtra,Solapur,"Ratandeep Housing Society, Solapur - MPCB","08-02-2026 09:00:00",17.65439,75.90649,OZONE,19,53,32
India,Maharashtra,Thane,"Upvan Fort, Thane - MPCB","08-02-2026 09:00:00",19.222279,72.957979,PM2.5,43,194,77
India,Maharashtra,Thane,"Upvan Fort, Thane - MPCB","08-02-2026 09:00:00",19.222279,72.957979,CO,2,36,29
India,Maharashtra,Thane,"Upvan Fort, Thane - MPCB","08-02-2026 09:00:00",19.222279,72.957979,OZONE,26,98,32
India,Maharashtra,Ulhasnagar,"Sidhi Vinayak Nagar, Ulhasnagar - MPCB","08-02-2026 09:00:00",19.235581,73.159121,NO2,22,37,28
India,Maharashtra,Ulhasnagar,"Sidhi Vinayak Nagar, Ulhasnagar - MPCB","08-02-2026 09:00:00",19.235581,73.159121,NH3,3,6,5
India,Maharashtra,Ulhasnagar,"Sidhi Vinayak Nagar, Ulhasnagar - MPCB","08-02-2026 09:00:00",19.235581,73.159121,SO2,5,27,11
India,Maharashtra,Ulhasnagar,"Sidhi Vinayak Nagar, Ulhasnagar - MPCB","08-02-2026 09:00:00",19.235581,73.159121,CO,8,82,21
India,Maharashtra,Pimpri-Chinchwad,"Thergaon, Pimpri Chinchwad - MPCB","08-02-2026 09:00:00",18.616318,73.765797,NO2,30,122,75
India,Maharashtra,Pune,"Bhosari, Pune - IITM","08-02-2026 09:00:00",18.640051,73.848956,PM10,73,206,142
India,Maharashtra,Pune,"Bhosari, Pune - IITM","08-02-2026 09:00:00",18.640051,73.848956,CO,21,116,67
India,Maharashtra,Pune,"Bhosari, Pune - IITM","08-02-2026 09:00:00",18.640051,73.848956,OZONE,3,100,4
India,Maharashtra,Pune,"Bhumkar Nagar, Pune - IITM","08-02-2026 09:00:00",18.605770,73.749976,NO2,NA,NA,NA
India,Maharashtra,Pune,"Dhankawadi, Pune - IITM","08-02-2026 09:00:00",18.459883,73.852193,CO,51,124,92
India,Maharashtra,Pune,"Dhankawadi, Pune - IITM","08-02-2026 09:00:00",18.459883,73.852193,OZONE,6,36,14
India,Maharashtra,Pune,"Hadapsar, Pune - IITM","08-02-2026 09:00:00",18.501793,73.927532,PM2.5,141,316,239
India,Maharashtra,Nashik,"Pandav Nagari, Nashik - MPCB","08-02-2026 09:00:00",19.9591346,73.7788008,CO,14,78,34
India,Maharashtra,"Navi Mumbai","Kopripada-Vashi, Navi Mumbai - MPCB","08-02-2026 09:00:00",19.090337,73.014232,OZONE,1,117,3
India,Maharashtra,"Navi Mumbai","Mahape, Navi Mumbai - MPCB","08-02-2026 09:00:00",19.1135051,73.008978,PM10,96,165,123
India,Maharashtra,"Navi Mumbai","Mahape, Navi Mumbai - MPCB","08-02-2026 09:00:00",19.1135051,73.008978,NO2,84,86,85
India,Maharashtra,"Navi Mumbai","Mahape, Navi Mumbai - MPCB","08-02-2026 09:00:00",19.1135051,73.008978,OZONE,8,12,10
India,Maharashtra,"Navi Mumbai","Nerul, Navi Mumbai - MPCB","08-02-2026 09:00:00",19.008751,73.016620,PM10,62,161,117
India,Maharashtra,"Navi Mumbai","Sector-2E Kalamboli, Navi Mumbai - MPCB","08-02-2026 09:00:00",19.02579,73.10297,CO,5,43,19
India,Maharashtra,"Navi Mumbai","Tondare-Taloja, Navi Mumbai - MPCB","08-02-2026 09:00:00",19.0630,73.1209,CO,10,44,23
India,Maharashtra,"Navi Mumbai","Tondare-Taloja, Navi Mumbai - MPCB","08-02-2026 09:00:00",19.0630,73.1209,OZONE,11,83,11
India,Maharashtra,Parbhani,"Masoom Colony, Parbhani - MPCB","08-02-2026 09:00:00",19.265594,76.761463,PM10,71,234,118
India,Maharashtra,Pimpri-Chinchwad,"Gavalinagar, Pimpri Chinchwad - MPCB","08-02-2026 09:00:00",18.63673,73.82487,OZONE,32,32,32
India,Maharashtra,Mumbai,"Shivaji Nagar, Mumbai - BMC","08-02-2026 09:00:00",19.060498,72.923356,SO2,1,21,10
India,Maharashtra,Mumbai,"Shivaji Nagar, Mumbai - BMC","08-02-2026 09:00:00",19.060498,72.923356,CO,10,111,19
India,Maharashtra,Mumbai,"Siddharth Nagar-Worli, Mumbai - IITM","08-02-2026 09:00:00",19.000083,72.813993,NH3,4,9,6
India,Maharashtra,Mumbai,"Siddharth Nagar-Worli, Mumbai - IITM","08-02-2026 09:00:00",19.000083,72.813993,CO,28,72,48
India,Maharashtra,Mumbai,"Sion, Mumbai - MPCB","08-02-2026 09:00:00",19.047000,72.874600,PM10,114,473,218
India,Maharashtra,Mumbai,"Sion, Mumbai - MPCB","08-02-2026 09:00:00",19.047000,72.874600,NH3,6,7,6
India,Maharashtra,Nanded,"Sneh Nagar, Nanded - MPCB","08-02-2026 09:00:00",19.173852,77.296291,NO2,NA,NA,NA
India,Maharashtra,Nanded,"Sneh Nagar, Nanded - MPCB","08-02-2026 09:00:00",19.173852,77.296291,OZONE,33,168,44
India,Maharashtra,Nashik,"Gangapur Road, Nashik - MPCB","08-02-2026 09:00:00",20.0073285,73.7762427,OZONE,10,47,47
India,Maharashtra,Nashik,"MIDC Ambad, Nashik - MPCB","08-02-2026 09:00:00",19.950220,73.731480,PM10,76,131,98
India,Maharashtra,Mumbai,"Navy Nagar-Colaba, Mumbai - IITM","08-02-2026 09:00:00",18.897756,72.813320,NO2,29,200,122
India,Punjab,Jalandhar,"Civil Line, Jalandhar - PPCB","08-02-2026 09:00:00",31.321907,75.578914,NO2,41,44,42
India,Punjab,Jalandhar,"Civil Line, Jalandhar - PPCB","08-02-2026 09:00:00",31.321907,75.578914,OZONE,17,62,39
India,Punjab,Khanna,"Kalal Majra, Khanna - PPCB","08-02-2026 09:00:00","30.736056 ",76.209694,NO2,24,30,28
India,Punjab,Ludhiana,"Punjab Agricultural University, Ludhiana - PPCB","08-02-2026 09:00:00",30.9028,75.8086,PM10,69,129,108
India,Punjab,"Mandi Gobindgarh","RIMT University, Mandi Gobindgarh - PPCB","08-02-2026 09:00:00",30.649961,76.331442,PM10,115,358,182
India,Punjab,"Mandi Gobindgarh","RIMT University, Mandi Gobindgarh - PPCB","08-02-2026 09:00:00",30.649961,76.331442,NH3,6,6,6
India,Punjab,"Mandi Gobindgarh","RIMT University, Mandi Gobindgarh - PPCB","08-02-2026 09:00:00",30.649961,76.331442,OZONE,36,38,37
India,Punjab,Patiala,"Model Town, Patiala - PPCB","08-02-2026 09:00:00",30.349388,76.366642,SO2,NA,NA,NA
India,Punjab,Patiala,"Model Town, Patiala - PPCB","08-02-2026 09:00:00",30.349388,76.366642,CO,NA,NA,NA
India,Odisha,Bhubaneswar,"Lingraj Mandir, Bhubaneswar - OSPCB","08-02-2026 09:00:00",20.240790,85.836784,SO2,5,56,21
India,Odisha,Bhubaneswar,"Patia, Bhubaneswar - OSPCB","08-02-2026 09:00:00",20.34652,85.81630,PM10,67,216,120
India,Odisha,Bhubaneswar,"Patia, Bhubaneswar - OSPCB","08-02-2026 09:00:00",20.34652,85.81630,SO2,2,38,14
India,Odisha,Bileipada,"Tata Township, Bileipada - OSPCB","08-02-2026 09:00:00",22.06156703,85.47409613,NH3,4,4,4
India,Odisha,Brajrajnagar,"GM Office, Brajrajnagar - OSPCB","08-02-2026 09:00:00",21.8004996,83.8396977,NH3,6,7,6
India,Odisha,Brajrajnagar,"GM Office, Brajrajnagar - OSPCB","08-02-2026 09:00:00",21.8004996,83.8396977,SO2,20,22,20
India,Odisha,Byasanagar,"Ferro Chrome Colony, Byasanagar - OSPCB","08-02-2026 09:00:00",20.94185,86.11510,PM2.5,40,140,89
India,Odisha,Byasanagar,"Ferro Chrome Colony, Byasanagar - OSPCB","08-02-2026 09:00:00",20.94185,86.11510,SO2,3,7,5
India,Odisha,Rourkela,"Sector-2, Rourkela - OSPCB","08-02-2026 09:00:00",22.24500000,84.88111111,CO,32,46,36
India,Odisha,Talcher,"Talcher Coalfields,Talcher - OSPCB","08-02-2026 09:00:00",20.9360711,85.1707021,CO,36,107,77
India,Odisha,Tensa,"Barsua Iron Ore Mines, Tensa - OSPCB","08-02-2026 09:00:00",21.869985,85.167016,OZONE,15,27,24
India,Puducherry,Puducherry,"Jawahar Nagar, Puducherry - PPCC","08-02-2026 09:00:00",11.9309,79.8027,PM2.5,62,102,73
India,Puducherry,Puducherry,"Jawahar Nagar, Puducherry - PPCC","08-02-2026 09:00:00",11.9309,79.8027,NO2,17,35,24
India,Puducherry,Puducherry,"Jawahar Nagar, Puducherry - PPCC","08-02-2026 09:00:00",11.9309,79.8027,NH3,2,4,3
India,Punjab,Amritsar,"Golden Temple, Amritsar - PPCB","08-02-2026 09:00:00",31.620000,74.876512,OZONE,28,42,35
India,Nagaland,Kohima,"PWD Junction, Kohima - NPCB","08-02-2026 09:00:00",25.6635413,94.0989878,NH3,1,1,1
India,Nagaland,Kohima,"PWD Junction, Kohima - NPCB","08-02-2026 09:00:00",25.6635413,94.0989878,CO,10,22,11
India,Nagaland,Kohima,"PWD Junction, Kohima - NPCB","08-02-2026 09:00:00",25.6635413,94.0989878,OZONE,2,21,3
India,Odisha,Balasore,"Kalidaspur, Balasore - OSPCB","08-02-2026 09:00:00",21.51161,86.89088,CO,18,80,49
India,Odisha,Baripada,"Meher Colony, Baripada - OSPCB","08-02-2026 09:00:00",21.941841,86.728318,PM2.5,53,131,77
India,Odisha,Baripada,"Meher Colony, Baripada - OSPCB","08-02-2026 09:00:00",21.941841,86.728318,NO2,1,50,20
India,Odisha,Baripada,"Meher Colony, Baripada - OSPCB","08-02-2026 09:00:00",21.941841,86.728318,CO,28,80,30
India,Odisha,Bhubaneswar,"Lingraj Mandir, Bhubaneswar - OSPCB","08-02-2026 09:00:00",20.240790,85.836784,NO2,46,133,65
India,Rajasthan,Bundi,"New Colony, Bundi - RSPCB","08-02-2026 09:00:00",25.435774,75.644272,NH3,4,5,5
India,Rajasthan,Bundi,"New Colony, Bundi - RSPCB","08-02-2026 09:00:00",25.435774,75.644272,SO2,7,34,13
India,Rajasthan,Bundi,"New Colony, Bundi - RSPCB","08-02-2026 09:00:00",25.435774,75.644272,OZONE,5,120,53
India,Rajasthan,Chittorgarh,"Shastri Nagar, Chittorgarh - RSPCB","08-02-2026 09:00:00",24.892047,74.623527,PM2.5,65,315,148
India,Rajasthan,Chittorgarh,"Shastri Nagar, Chittorgarh - RSPCB","08-02-2026 09:00:00",24.892047,74.623527,NO2,15,108,50
India,Rajasthan,Chittorgarh,"Shastri Nagar, Chittorgarh - RSPCB","08-02-2026 09:00:00",24.892047,74.623527,CO,4,90,18
India,Rajasthan,Dausa,"Khatikan Mohalla, Dausa - RSPCB","08-02-2026 09:00:00",26.895552,76.334753,PM2.5,18,280,112
India,Rajasthan,Dausa,"Khatikan Mohalla, Dausa - RSPCB","08-02-2026 09:00:00",26.895552,76.334753,OZONE,3,97,22
India,Rajasthan,Barmer,"Railway Colony, Barmer - RSPCB","08-02-2026 09:00:00",25.747299,71.393989,CO,68,121,75
India,Rajasthan,Bharatpur,"Krishna Nagar, Bharatpur - RSPCB","08-02-2026 09:00:00",27.215415,77.50873,NH3,8,14,12
India,Rajasthan,Bhiwadi,"RIICO Ind. Area III, Bhiwadi - RSPCB","08-02-2026 09:00:00",28.194909,76.862296,PM10,115,245,164
India,Rajasthan,Bhiwadi,"Vasundhara Nagar_UIT, Bhiwadi - RSPCB","08-02-2026 09:00:00",28.207266,76.829265,PM2.5,82,325,166
India,Rajasthan,Bhiwadi,"Vasundhara Nagar_UIT, Bhiwadi - RSPCB","08-02-2026 09:00:00",28.207266,76.829265,NH3,5,7,6
India,Rajasthan,Ajmer,"Civil Lines,  Ajmer - RSPCB","08-02-2026 09:00:00",26.470859,74.646594,NH3,NA,NA,NA
India,Rajasthan,Alwar,"Moti Doongri, Alwar - RSPCB","08-02-2026 09:00:00",27.554793,76.611536,OZONE,8,67,17
India,Rajasthan,Banswara,"Rati Talai, Banswara - RSPCB","08-02-2026 09:00:00",23.555190,74.440010,NO2,18,115,41
India,Rajasthan,Banswara,"Rati Talai, Banswara - RSPCB","08-02-2026 09:00:00",23.555190,74.440010,SO2,2,14,5
India,Rajasthan,Banswara,"Rati Talai, Banswara - RSPCB","08-02-2026 09:00:00",23.555190,74.440010,CO,26,86,28
India,Maharashtra,Virar,"Bolinj, Virar - MPCB","08-02-2026 09:00:00",19.4458210,72.7988231,SO2,7,23,13
India,Maharashtra,Virar,"Bolinj, Virar - MPCB","08-02-2026 09:00:00",19.4458210,72.7988231,CO,22,72,56
India,Mizoram,Aizawl,"Sikulpuikawn, Aizawl - Mizoram PCB","08-02-2026 09:00:00",23.7176342,92.7192841,PM2.5,55,60,57
India,Rajasthan,Jhunjhunu,"Indra Nagar, Jhunjhunu - RSPCB","08-02-2026 09:00:00",28.108988,75.386577,CO,8,50,37
India,Rajasthan,Jodhpur,"Collectorate, Jodhpur - RSPCB","08-02-2026 09:00:00",26.268249,73.0193853,PM10,29,89,54
India,Rajasthan,Jodhpur,"Digari Kalan, Jodhpur - RSPCB","08-02-2026 09:00:00",26.295810,73.082283,NO2,12,88,37
India,Rajasthan,Jodhpur,"Jhalamand, Jodhpur - RSPCB","08-02-2026 09:00:00",26.215415,73.070156,PM2.5,10,130,61
India,Rajasthan,Jodhpur,"Jhalamand, Jodhpur - RSPCB","08-02-2026 09:00:00",26.215415,73.070156,NH3,7,22,14
India,Rajasthan,Jodhpur,"Jhalamand, Jodhpur - RSPCB","08-02-2026 09:00:00",26.215415,73.070156,OZONE,4,90,21
India,Rajasthan,Jaipur,"Shastri Nagar, Jaipur - RSPCB","08-02-2026 09:00:00",26.9502929,75.730943,NH3,8,58,21
India,Rajasthan,Jaipur,"Shastri Nagar, Jaipur - RSPCB","08-02-2026 09:00:00",26.9502929,75.730943,CO,46,125,98
India,Rajasthan,Jaisalmer,"Sadar Bazar, Jaisalmer - RSPCB","08-02-2026 09:00:00",26.912329,70.909168,PM2.5,47,329,124
India,Rajasthan,Jaisalmer,"Sadar Bazar, Jaisalmer - RSPCB","08-02-2026 09:00:00",26.912329,70.909168,NO2,16,71,34
India,Rajasthan,Jaisalmer,"Sadar Bazar, Jaisalmer - RSPCB","08-02-2026 09:00:00",26.912329,70.909168,SO2,3,10,6
India,Rajasthan,Jalore,"Mudtra Sili, Jalore - RSPCB","08-02-2026 09:00:00",25.344694,72.626208,NO2,16,129,64
India,Rajasthan,Pali,"Indira Colony Vistar, Pali - RSPCB","08-02-2026 09:00:00",25.771061," 73.340227",CO,28,84,68
India,Rajasthan,Rajsamand,"Dhoinda, Rajsamand - RSPCB","08-02-2026 09:00:00",25.036360,73.883502,PM2.5,23,237,82
India,Rajasthan,Rajsamand,"Dhoinda, Rajsamand - RSPCB","08-02-2026 09:00:00",25.036360,73.883502,SO2,4,16,7
India,Rajasthan,Rajsamand,"Dhoinda, Rajsamand - RSPCB","08-02-2026 09:00:00",25.036360,73.883502,OZONE,4,98,77
India,Rajasthan,"Sawai Madhopur","Sahu Nagar, Sawai Madhopur - RSPCB","08-02-2026 09:00:00",26.031443,76.359327,SO2,1,13,4
India,Rajasthan,Karauli,"Satyawati Vihar, Karauli - RSPCB","08-02-2026 09:00:00",26.506177,77.025989,OZONE,4,84,7
India,Rajasthan,Kota,"Nayapura, Kota - RSPCB","08-02-2026 09:00:00",25.196024,75.855668,CO,12,107,34
India,Rajasthan,Kota,"Shrinath Puram, Kota - RSPCB","08-02-2026 09:00:00",25.14389,75.821256,NO2,7,12,9
India,Rajasthan,Kota,"Shrinath Puram, Kota - RSPCB","08-02-2026 09:00:00",25.14389,75.821256,NH3,4,10,6
India,Rajasthan,Kota,"Shrinath Puram, Kota - RSPCB","08-02-2026 09:00:00",25.14389,75.821256,SO2,5,62,14
India,Rajasthan,Hanumangarh,"Housing Board, Hanumangarh - RSPCB","08-02-2026 09:00:00",29.610750,74.283608,NH3,17,28,22
India,Rajasthan,Hanumangarh,"Housing Board, Hanumangarh - RSPCB","08-02-2026 09:00:00",29.610750,74.283608,OZONE,3,92,17
India,Rajasthan,Jaipur,"Adarsh Nagar, Jaipur - RSPCB","08-02-2026 09:00:00",26.902909,75.836858,PM2.5,34,315,186
India,Rajasthan,Dungarpur,"Bhoiwada, Dungarpur - RSPCB","08-02-2026 09:00:00",23.837789,73.714926,NO2,9,55,25
India,Rajasthan,Dungarpur,"Bhoiwada, Dungarpur - RSPCB","08-02-2026 09:00:00",23.837789,73.714926,NH3,5,6,5
India,Rajasthan,Dungarpur,"Bhoiwada, Dungarpur - RSPCB","08-02-2026 09:00:00",23.837789,73.714926,CO,18,53,35
India,Rajasthan,Dungarpur,"Bhoiwada, Dungarpur - RSPCB","08-02-2026 09:00:00",23.837789,73.714926,OZONE,3,124,3
India,Rajasthan,Jaipur,"RIICO Sitapura, Jaipur - RSPCB","08-02-2026 09:00:00",26.786682,75.827928,SO2,3,6,4
India,Rajasthan,Jaipur,"Sector-2 Murlipura, Jaipur - RSPCB","08-02-2026 09:00:00",26.960669,75.771817,NO2,21,135,62
India,Rajasthan,Sirohi,"Vedhaynath Colony, Sirohi - RSPCB","08-02-2026 09:00:00",24.885261,72.857549,PM10,NA,NA,NA
India,Rajasthan,Sirohi,"Vedhaynath Colony, Sirohi - RSPCB","08-02-2026 09:00:00",24.885261,72.857549,NH3,NA,NA,NA
India,Rajasthan,Sirohi,"Vedhaynath Colony, Sirohi - RSPCB","08-02-2026 09:00:00",24.885261,72.857549,OZONE,9,83,21
India,Rajasthan,Jaipur,"Police Commissionerate, Jaipur - RSPCB","08-02-2026 09:00:00",26.9164092,75.7994901,NO2,75,144,125
India,Rajasthan,Jaipur,"Police Commissionerate, Jaipur - RSPCB","08-02-2026 09:00:00",26.9164092,75.7994901,SO2,10,44,27
India,Rajasthan,Tonk,"Shastri Nagar, Tonk - RSPCB","08-02-2026 09:00:00",26.159933,75.780517,SO2,3,16,5
India,Rajasthan,Tonk,"Shastri Nagar, Tonk - RSPCB","08-02-2026 09:00:00",26.159933,75.780517,CO,24,113,30
India,Rajasthan,Udaipur,"Ashok Nagar, Udaipur - RSPCB","08-02-2026 09:00:00",24.5886166,73.6321397,PM2.5,36,188,86
India,Sikkim,Gangtok,"Zero Point GICI, Gangtok - SSPCB","08-02-2026 09:00:00",27.338530,88.614099,OZONE,21,24,22
India,TamilNadu,Chennai,"Kodungaiyur, Chennai - TNPCB","08-02-2026 09:00:00",13.1278,80.2642,PM2.5,80,178,113
India,TamilNadu,Chennai,"Kodungaiyur, Chennai - TNPCB","08-02-2026 09:00:00",13.1278,80.2642,PM10,91,127,113
India,TamilNadu,Chennai,"Kodungaiyur, Chennai - TNPCB","08-02-2026 09:00:00",13.1278,80.2642,NH3,2,5,4
India,TamilNadu,Chennai,"Manali Village, Chennai - TNPCB","08-02-2026 09:00:00",13.1662,80.2584,PM2.5,57,119,79
India,TamilNadu,Chennai,"Manali Village, Chennai - TNPCB","08-02-2026 09:00:00",13.1662,80.2584,SO2,12,17,17
India,TamilNadu,Chennai,"Perungudi, Chennai - TNPCB","08-02-2026 09:00:00",12.9533,80.2357,PM10,63,127,93
India,TamilNadu,Chennai,"Perungudi, Chennai - TNPCB","08-02-2026 09:00:00",12.9533,80.2357,NH3,1,6,2
India,TamilNadu,Chennai,"Royapuram, Chennai - TNPCB","08-02-2026 09:00:00",13.1036,80.2909,PM10,49,127,79
India,TamilNadu,Chennai,"Royapuram, Chennai - TNPCB","08-02-2026 09:00:00",13.1036,80.2909,NO2,7,43,23
India,TamilNadu,Chennai,"Velachery Res. Area, Chennai - CPCB","08-02-2026 09:00:00",13.0052189,80.2398125,PM2.5,51,134,89
India,TamilNadu,Chennai,"Velachery Res. Area, Chennai - CPCB","08-02-2026 09:00:00",13.0052189,80.2398125,NO2,12,16,14
India,TamilNadu,Coimbatore,"PSG College of Arts and Science, Coimbatore - TNPCB","08-02-2026 09:00:00",11.0328,77.0349,PM2.5,35,197,106
India,TamilNadu,Coimbatore,"SIDCO Kurichi, Coimbatore - TNPCB","08-02-2026 09:00:00",10.942451,76.978996,PM10,44,83,61
India,TamilNadu,Coimbatore,"SIDCO Kurichi, Coimbatore - TNPCB","08-02-2026 09:00:00",10.942451,76.978996,SO2,22,24,23
India,Uttar_Pradesh,Agra,"Sector-3B Avas Vikas Colony, Agra - UPPCB","08-02-2026 09:00:00",27.19412,77.96237,PM10,20,199,111
India,Uttar_Pradesh,Agra,"Sector-3B Avas Vikas Colony, Agra - UPPCB","08-02-2026 09:00:00",27.19412,77.96237,NH3,2,8,4
India,Uttar_Pradesh,Agra,"Sector-3B Avas Vikas Colony, Agra - UPPCB","08-02-2026 09:00:00",27.19412,77.96237,CO,4,52,18
India,Uttar_Pradesh,Agra,"Shahjahan Garden, Agra - UPPCB","08-02-2026 09:00:00",27.169338,78.03582,OZONE,NA,NA,NA
India,Uttar_Pradesh,Agra,"Shastripuram, Agra - UPPCB","08-02-2026 09:00:00",27.19862,77.92066,PM10,22,99,58
India,Uttar_Pradesh,Baghpat,"Sardar Patel Inter College, Baghpat - UPPCB","08-02-2026 09:00:00",28.964949,77.278761,CO,13,36,20
India,Uttar_Pradesh,Baghpat,"Sardar Patel Inter College, Baghpat - UPPCB","08-02-2026 09:00:00",28.964949,77.278761,OZONE,17,67,20
India,Uttar_Pradesh,Bareilly,"Civil Lines, Bareilly - UPPCB","08-02-2026 09:00:00",28.359581,79.414455,CO,45,57,53
India,TamilNadu,Nagapattinam,"Velippalayam, Nagapattinam - TNPCB","08-02-2026 09:00:00",10.798548,79.838212,NH3,2,2,2
India,TamilNadu,Perundurai,"SIPCOT Industrial Park, Perundurai - TNPCB","08-02-2026 09:00:00",11.258242,77.552761,PM10,9,123,48
India,TamilNadu,Perundurai,"SIPCOT Industrial Park, Perundurai - TNPCB","08-02-2026 09:00:00",11.258242,77.552761,NH3,2,2,2
India,Telangana,Hyderabad,"Bollaram Industrial Area, Hyderabad - TSPCB","08-02-2026 09:00:00",17.540891,78.358528,CO,8,44,24
India,Telangana,Hyderabad,"Bollaram Industrial Area, Hyderabad - TSPCB","08-02-2026 09:00:00",17.540891,78.358528,OZONE,37,45,38
India,Telangana,Hyderabad,"Central University, Hyderabad - TSPCB","08-02-2026 09:00:00",17.460103,78.334361,PM10,32,98,57
India,Telangana,Hyderabad,"Central University, Hyderabad - TSPCB","08-02-2026 09:00:00",17.460103,78.334361,CO,20,74,34
India,Tripura,Agartala,"Bardowali, Agartala - Tripura SPCB","08-02-2026 09:00:00",23.8175497,91.2726974,CO,20,34,21
India,Tripura,Agartala,"Bardowali, Agartala - Tripura SPCB","08-02-2026 09:00:00",23.8175497,91.2726974,OZONE,2,12,2
India,Uttar_Pradesh,Agra,"Manoharpur, Agra - UPPCB","08-02-2026 09:00:00",27.23711,78.01936,NO2,26,26,26
India,Uttar_Pradesh,Agra,"Manoharpur, Agra - UPPCB","08-02-2026 09:00:00",27.23711,78.01936,CO,20,23,20
India,Uttar_Pradesh,Agra,"Rohta, Agra - UPPCB","08-02-2026 09:00:00",27.106972,78.000111,PM2.5,27,167,59
India,Telangana,Hyderabad,"IITH Kandi, Hyderabad - TSPCB","08-02-2026 09:00:00",17.585705,78.126199,OZONE,19,36,20
India,Telangana,Hyderabad,"Kokapet, Hyderabad - TSPCB","08-02-2026 09:00:00",17.393559,78.339194,PM10,77,106,89
India,Telangana,Hyderabad,"Kokapet, Hyderabad - TSPCB","08-02-2026 09:00:00",17.393559,78.339194,CO,20,36,20
India,Telangana,Hyderabad,"Kompally Municipal Office, Hyderabad - TSPCB","08-02-2026 09:00:00",17.544899,78.486949,CO,11,50,31
India,Telangana,Hyderabad,"Nacharam_TSIIC IALA, Hyderabad - TSPCB","08-02-2026 09:00:00",17.429398,78.569354,PM10,71,94,76
India,Telangana,Hyderabad,"ECIL Kapra, Hyderabad - TSPCB","08-02-2026 09:00:00",17.470431,78.566959,PM10,79,91,85
India,Telangana,Hyderabad,"ECIL Kapra, Hyderabad - TSPCB","08-02-2026 09:00:00",17.470431,78.566959,OZONE,11,36,11
India,Telangana,Hyderabad,"ICRISAT Patancheru, Hyderabad - TSPCB","08-02-2026 09:00:00",17.518400,78.278777,OZONE,1,38,4
India,Telangana,Hyderabad,"IDA Pashamylaram, Hyderabad - TSPCB","08-02-2026 09:00:00",17.5316895,78.218939,NO2,7,7,7
India,Telangana,Hyderabad,"New Malakpet, Hyderabad - TSPCB","08-02-2026 09:00:00",17.37206,78.50864,PM10,83,96,88
India,Telangana,Hyderabad,"Sanathnagar, Hyderabad - TSPCB","08-02-2026 09:00:00",17.4559458,78.4332152,OZONE,12,211,72
India,Telangana,Hyderabad,"Somajiguda, Hyderabad - TSPCB","08-02-2026 09:00:00",17.417094,78.457437,OZONE,5,28,9
India,Uttar_Pradesh,Agra,"Sanjay Palace, Agra - UPPCB","08-02-2026 09:00:00",27.19865833,78.00598056,PM2.5,53,417,208
India,Uttar_Pradesh,Agra,"Sanjay Palace, Agra - UPPCB","08-02-2026 09:00:00",27.19865833,78.00598056,PM10,81,260,137
India,Uttar_Pradesh,Agra,"Sanjay Palace, Agra - UPPCB","08-02-2026 09:00:00",27.19865833,78.00598056,CO,27,57,31
India,Uttar_Pradesh,Jhansi,"Shivaji Nagar, Jhansi - UPPCB","08-02-2026 09:00:00",25.4547,78.6039,NH3,4,4,4
India,Uttar_Pradesh,Kanpur,"FTI Kidwai Nagar, Kanpur - UPPCB","08-02-2026 09:00:00",26.428282,80.327067,PM10,49,138,85
India,Uttar_Pradesh,Kanpur,"FTI Kidwai Nagar, Kanpur - UPPCB","08-02-2026 09:00:00",26.428282,80.327067,NO2,26,27,27
India,Uttar_Pradesh,Kanpur,"FTI Kidwai Nagar, Kanpur - UPPCB","08-02-2026 09:00:00",26.428282,80.327067,CO,34,42,38
India,Uttar_Pradesh,Kanpur,"NSI Kalyanpur, Kanpur - UPPCB","08-02-2026 09:00:00",26.509954,80.249612,PM2.5,15,56,38
India,Uttar_Pradesh,Kanpur,"NSI Kalyanpur, Kanpur - UPPCB","08-02-2026 09:00:00",26.509954,80.249612,CO,25,44,31
India,Uttar_Pradesh,Kanpur,"NSI Kalyanpur, Kanpur - UPPCB","08-02-2026 09:00:00",26.509954,80.249612,OZONE,14,17,16
India,Uttar_Pradesh,Kanpur,"Nehru Nagar, Kanpur - UPPCB","08-02-2026 09:00:00",26.4703136,80.3229863,PM2.5,28,232,71
India,Uttar_Pradesh,Kanpur,"Nehru Nagar, Kanpur - UPPCB","08-02-2026 09:00:00",26.4703136,80.3229863,PM10,25,132,58
India,Uttar_Pradesh,Kanpur,"Nehru Nagar, Kanpur - UPPCB","08-02-2026 09:00:00",26.4703136,80.3229863,NO2,49,55,53
India,Uttar_Pradesh,Khurja,"Kalindi Kunj, Khurja - UPPCB","08-02-2026 09:00:00",28.2348927,77.8683002,NO2,6,7,7
India,Uttar_Pradesh,Khurja,"Kalindi Kunj, Khurja - UPPCB","08-02-2026 09:00:00",28.2348927,77.8683002,SO2,14,15,14
India,Uttar_Pradesh,Bareilly,"Rajendra Nagar, Bareilly - UPPCB","08-02-2026 09:00:00",28.38910936,79.42963708,PM10,51,93,72
India,Uttar_Pradesh,Bareilly,"Rajendra Nagar, Bareilly - UPPCB","08-02-2026 09:00:00",28.38910936,79.42963708,NO2,9,10,9
India,Uttar_Pradesh,Bareilly,"Rajendra Nagar, Bareilly - UPPCB","08-02-2026 09:00:00",28.38910936,79.42963708,OZONE,NA,NA,NA
India,Uttar_Pradesh,Bulandshahr,"Yamunapuram, Bulandshahr - UPPCB","08-02-2026 09:00:00",28.406963,77.849831,PM2.5,53,198,102
India,Uttar_Pradesh,Bulandshahr,"Yamunapuram, Bulandshahr - UPPCB","08-02-2026 09:00:00",28.406963,77.849831,PM10,94,210,144
India,Uttar_Pradesh,Bulandshahr,"Yamunapuram, Bulandshahr - UPPCB","08-02-2026 09:00:00",28.406963,77.849831,NO2,28,100,60
India,Uttar_Pradesh,Bulandshahr,"Yamunapuram, Bulandshahr - UPPCB","08-02-2026 09:00:00",28.406963,77.849831,SO2,14,32,19
India,Uttar_Pradesh,Bulandshahr,"Yamunapuram, Bulandshahr - UPPCB","08-02-2026 09:00:00",28.406963,77.849831,OZONE,6,81,12
India,Uttar_Pradesh,Firozabad,"Nagla Bhau, Firozabad - UPPCB","08-02-2026 09:00:00",27.168897,78.376960,PM2.5,16,48,35
India,Uttar_Pradesh,Firozabad,"Nagla Bhau, Firozabad - UPPCB","08-02-2026 09:00:00",27.168897,78.376960,NH3,2,2,2
India,Uttar_Pradesh,Firozabad,"Nagla Bhau, Firozabad - UPPCB","08-02-2026 09:00:00",27.168897,78.376960,OZONE,14,16,15
India,Uttar_Pradesh,Firozabad,"Vibhab Nagar, Firozabad - UPPCB","08-02-2026 09:00:00",27.1594,78.3953,NH3,2,2,2
India,Uttar_Pradesh,Moradabad,"Transport Nagar, Moradabad - UPPCB","08-02-2026 09:00:00",28.802625,78.753728,PM2.5,20,72,52
India,Uttar_Pradesh,Moradabad,"Transport Nagar, Moradabad - UPPCB","08-02-2026 09:00:00",28.802625,78.753728,NO2,29,30,29
India,Uttar_Pradesh,Moradabad,"Transport Nagar, Moradabad - UPPCB","08-02-2026 09:00:00",28.802625,78.753728,CO,21,74,48
India,Uttar_Pradesh,Muzaffarnagar,"New Mandi, Muzaffarnagar - UPPCB","08-02-2026 09:00:00",29.4723508,77.7194031,PM2.5,67,178,100
India,Uttar_Pradesh,Muzaffarnagar,"New Mandi, Muzaffarnagar - UPPCB","08-02-2026 09:00:00",29.4723508,77.7194031,PM10,78,137,112
India,Uttar_Pradesh,Noida,"Sector - 62, Noida - IMD","08-02-2026 09:00:00",28.6245479,77.3577104,OZONE,15,79,32
India,Uttar_Pradesh,Noida,"Sector-1, Noida - UPPCB","08-02-2026 09:00:00",28.5898,77.3101,NO2,91,133,121
India,Uttar_Pradesh,Meerut,"Pallavpuram Phase 2, Meerut - UPPCB","08-02-2026 09:00:00",29.063510,77.709723,NH3,2,6,5
India,Uttar_Pradesh,Moradabad,"Buddhi Vihar, Moradabad - UPPCB","08-02-2026 09:00:00",28.83526,78.74460,NO2,28,29,29
India,Uttar_Pradesh,Moradabad,"Eco Herbal Park, Moradabad - UPPCB","08-02-2026 09:00:00",28.840739,78.697531,PM2.5,52,189,124
India,Uttar_Pradesh,Moradabad,"Eco Herbal Park, Moradabad - UPPCB","08-02-2026 09:00:00",28.840739,78.697531,NO2,29,59,40
India,Uttar_Pradesh,Moradabad,"Eco Herbal Park, Moradabad - UPPCB","08-02-2026 09:00:00",28.840739,78.697531,SO2,10,17,13
India,Uttar_Pradesh,Moradabad,"Eco Herbal Park, Moradabad - UPPCB","08-02-2026 09:00:00",28.840739,78.697531,OZONE,10,79,13
India,Uttar_Pradesh,Moradabad,"Jigar Colony, Moradabad - UPPCB","08-02-2026 09:00:00",28.856664,78.772638,NO2,25,25,25
India,Uttar_Pradesh,Gorakhpur,"Madan Mohan Malaviya University of Technology, Gorakhpur - UPPCB","08-02-2026 09:00:00",26.730136,83.433859,OZONE,1,7,2
India,Uttar_Pradesh,"Greater Noida","Knowledge Park - III, Greater Noida - UPPCB","08-02-2026 09:00:00",28.47272,77.482000,PM10,108,402,181
India,Uttar_Pradesh,"Greater Noida","Knowledge Park - V, Greater Noida - UPPCB","08-02-2026 09:00:00",28.557054,77.453663,CO,30,95,46
India,Uttar_Pradesh,"Greater Noida","Knowledge Park - V, Greater Noida - UPPCB","08-02-2026 09:00:00",28.557054,77.453663,OZONE,10,101,33
India,Uttar_Pradesh,Hapur,"Anand Vihar, Hapur - UPPCB","08-02-2026 09:00:00",28.725645,77.749675,NH3,6,9,7
India,Uttar_Pradesh,Ghaziabad,"Indirapuram, Ghaziabad - UPPCB","08-02-2026 09:00:00",28.646233,77.358075,PM10,121,201,160
India,Uttar_Pradesh,Ghaziabad,"Indirapuram, Ghaziabad - UPPCB","08-02-2026 09:00:00",28.646233,77.358075,NO2,28,73,47
India,Uttar_Pradesh,Ghaziabad,"Indirapuram, Ghaziabad - UPPCB","08-02-2026 09:00:00",28.646233,77.358075,CO,23,68,46
India,Uttar_Pradesh,Ghaziabad,"Loni, Ghaziabad - UPPCB","08-02-2026 09:00:00",28.757294,77.278792,NO2,1,17,6
India,Uttar_Pradesh,Ghaziabad,"Loni, Ghaziabad - UPPCB","08-02-2026 09:00:00",28.757294,77.278792,NH3,1,2,1
India,Uttar_Pradesh,Lucknow,"Kendriya Vidyalaya, Lucknow - CPCB","08-02-2026 09:00:00",26.906111,80.948222,NH3,12,17,15
India,Uttar_Pradesh,Lucknow,"Kendriya Vidyalaya, Lucknow - CPCB","08-02-2026 09:00:00",26.906111,80.948222,OZONE,10,41,16
India,Uttar_Pradesh,Lucknow,"Lalbagh, Lucknow - CPCB","08-02-2026 09:00:00",26.8458805,80.9365541,NH3,14,23,19
India,Uttar_Pradesh,Meerut,"Ganga Nagar, Meerut - UPPCB","08-02-2026 09:00:00",28.999264,77.7590354,NO2,25,52,36
India,Uttar_Pradesh,Meerut,"Jai Bhim Nagar, Meerut - UPPCB","08-02-2026 09:00:00",28.9535882,77.7622941,NH3,12,17,14
India,Uttar_Pradesh,Meerut,"Jai Bhim Nagar, Meerut - UPPCB","08-02-2026 09:00:00",28.9535882,77.7622941,CO,21,56,28
India,Uttar_Pradesh,Lucknow,"B R Ambedkar University, Lucknow - UPPCB","08-02-2026 09:00:00",26.766433,80.927299,NO2,5,12,11
India,Uttar_Pradesh,Lucknow,"Gomti Nagar, Lucknow - UPPCB","08-02-2026 09:00:00",26.868120,81.005119,OZONE,26,37,27
India,Uttar_Pradesh,Noida,"Sector-116, Noida - UPPCB","08-02-2026 09:00:00",28.569230,77.393848,PM10,95,162,130
India,Uttar_Pradesh,Noida,"Sector-116, Noida - UPPCB","08-02-2026 09:00:00",28.569230,77.393848,NO2,47,114,77
India,Uttar_Pradesh,Prayagraj,"Jhunsi, Prayagraj - UPPCB","08-02-2026 09:00:00",25.425602,81.917152,SO2,18,50,21
India,Uttar_Pradesh,Prayagraj,"Motilal Nehru NIT, Prayagraj - UPPCB","08-02-2026 09:00:00",25.494,81.863,PM2.5,21,71,44
India,Uttar_Pradesh,Prayagraj,"Motilal Nehru NIT, Prayagraj - UPPCB","08-02-2026 09:00:00",25.494,81.863,PM10,21,77,50
India,Uttar_Pradesh,Prayagraj,"Motilal Nehru NIT, Prayagraj - UPPCB","08-02-2026 09:00:00",25.494,81.863,CO,12,36,23
India,Uttar_Pradesh,Prayagraj,"Nagar Nigam, Prayagraj - UPPCB","08-02-2026 09:00:00","25.44919916 ","81.82735986 ",CO,20,62,28
India,Uttar_Pradesh,Varanasi,"Bhelupur, Varanasi - UPPCB","08-02-2026 09:00:00",25.301778,82.996789,NH3,1,1,1
India,Uttar_Pradesh,Varanasi,"Bhelupur, Varanasi - UPPCB","08-02-2026 09:00:00",25.301778,82.996789,SO2,25,27,26
India,Uttar_Pradesh,Varanasi,"Bhelupur, Varanasi - UPPCB","08-02-2026 09:00:00",25.301778,82.996789,OZONE,3,28,5
India,Uttar_Pradesh,Varanasi,"IESD Banaras Hindu University, Varanasi - UPPCB","08-02-2026 09:00:00",25.262326,82.995408,NO2,2,3,2
India,Uttar_Pradesh,Varanasi,"IESD Banaras Hindu University, Varanasi - UPPCB","08-02-2026 09:00:00",25.262326,82.995408,SO2,30,38,32
India,Uttar_Pradesh,Varanasi,"IESD Banaras Hindu University, Varanasi - UPPCB","08-02-2026 09:00:00",25.262326,82.995408,CO,6,16,7
India,Uttar_Pradesh,Varanasi,"Maldahiya, Varanasi - UPPCB","08-02-2026 09:00:00",25.32393,82.99687,PM10,30,67,45
India,Uttar_Pradesh,Varanasi,"Maldahiya, Varanasi - UPPCB","08-02-2026 09:00:00",25.32393,82.99687,OZONE,2,12,2
India,Uttar_Pradesh,Vrindavan,"Omex Eternity, Vrindavan - UPPCB","08-02-2026 09:00:00",27.5714090,77.6557570,NH3,3,11,8
India,Uttar_Pradesh,Vrindavan,"Omex Eternity, Vrindavan - UPPCB","08-02-2026 09:00:00",27.5714090,77.6557570,OZONE,15,16,15
India,Uttarakhand,Kashipur,"Govt. Girls Inter College, Kashipur - UKPCB","08-02-2026 09:00:00",29.2124114,78.9611753,SO2,NA,NA,NA
India,Uttarakhand,Rishikesh,"Shivaji Nagar, Rishikesh - UKPCB","08-02-2026 09:00:00",30.075911,78.2859547,SO2,1,1,1
India,West_Bengal,Asansol,"Asansol Court Area, Asansol - WBPCB","08-02-2026 09:00:00",23.685297,86.945968,PM2.5,57,184,108
India,West_Bengal,Asansol,"Evelyn Lodge, Asansol - WBPCB","08-02-2026 09:00:00",23.6979360,86.9443950,NO2,8,67,35
India,West_Bengal,Asansol,"Evelyn Lodge, Asansol - WBPCB","08-02-2026 09:00:00",23.6979360,86.9443950,NH3,4,6,6
India,West_Bengal,Asansol,"Mahabir Colliery, Asansol - WBPCB","08-02-2026 09:00:00",23.6181830,87.1057180,PM10,40,149,112
India,West_Bengal,Asansol,"Mahabir Colliery, Asansol - WBPCB","08-02-2026 09:00:00",23.6181830,87.1057180,CO,6,102,61
India,West_Bengal,Barrackpore,"SVSPA Campus, Barrackpore - WBPCB","08-02-2026 09:00:00",22.7605581,88.3617589,PM2.5,NA,NA,NA
India,West_Bengal,Durgapur,"PCBL Residential Complex, Durgapur - WBPCB","08-02-2026 09:00:00",23.5087640,87.3544400,OZONE,1,52,2
India,West_Bengal,Durgapur,"Womens College_City Center, Durgapur - WBPCB","08-02-2026 09:00:00",23.549395,87.300496,NH3,3,6,4
India,West_Bengal,Durgapur,"Womens College_City Center, Durgapur - WBPCB","08-02-2026 09:00:00",23.549395,87.300496,SO2,27,28,27
India,West_Bengal,Haldia,"Priyambada Housing Estate, Haldia - WBPCB","08-02-2026 09:00:00",22.06047,88.109737,PM2.5,52,185,99
India,West_Bengal,Haldia,"Priyambada Housing Estate, Haldia - WBPCB","08-02-2026 09:00:00",22.06047,88.109737,OZONE,20,24,20
India,West_Bengal,Howrah,"Belur Math, Howrah - WBPCB","08-02-2026 09:00:00",22.629801,88.352017,NO2,41,152,84
India,West_Bengal,Howrah,"Belur Math, Howrah - WBPCB","08-02-2026 09:00:00",22.629801,88.352017,NH3,7,14,10
India,West_Bengal,Howrah,"Botanical Garden, Howrah - WBPCB","08-02-2026 09:00:00",22.554954,88.292568,PM10,46,208,108
India,West_Bengal,Kolkata,"Bidhannagar, Kolkata - WBPCB","08-02-2026 09:00:00",22.58157048,88.41002457,NH3,5,6,5
India,West_Bengal,Kolkata,"Fort William, Kolkata - WBPCB","08-02-2026 09:00:00",22.556640,88.342674,PM10,71,165,104
India,West_Bengal,Kolkata,"Fort William, Kolkata - WBPCB","08-02-2026 09:00:00",22.556640,88.342674,NO2,17,27,22
India,West_Bengal,Kolkata,"Fort William, Kolkata - WBPCB","08-02-2026 09:00:00",22.556640,88.342674,SO2,5,19,10
India,West_Bengal,Kolkata,"Jadavpur, Kolkata - WBPCB","08-02-2026 09:00:00",22.49929,88.36917,CO,15,106,54
India,West_Bengal,Kolkata,"Jadavpur, Kolkata - WBPCB","08-02-2026 09:00:00",22.49929,88.36917,OZONE,3,29,5
India,West_Bengal,Kolkata,"Rabindra Bharati University, Kolkata - WBPCB","08-02-2026 09:00:00",22.627847,88.380669,PM2.5,70,309,169
India,West_Bengal,Kolkata,"Rabindra Sarobar, Kolkata - WBPCB","08-02-2026 09:00:00",22.51106,88.35142,NO2,22,124,71
India,West_Bengal,Siliguri,"Ward-32 Bapupara, Siliguri - WBPCB","08-02-2026 09:00:00",26.6879226,88.4152495,NO2,15,21,18
